{
  "fio version" : "fio-3.32-10-g6b6f5-dirty",
  "timestamp" : 1676669962,
  "timestamp_ms" : 1676669962617,
  "time" : "Fri Feb 17 21:39:22 2023",
  "global options" : {
    "name" : "zns-fio-three-file",
    "directory" : "/mnt/f2fs",
    "size" : "15G",
    "ioengine" : "psync",
    "direct" : "1",
    "iodepth" : "1",
    "rw" : "write",
    "bs" : "4K",
    "runtime" : "30s",
    "numjobs" : "1",
    "ramp_time" : "10s",
    "ioscheduler" : "mq-deadline"
  },
  "jobs" : [
    {
      "jobname" : "file-1",
      "groupid" : 0,
      "error" : 0,
      "eta" : 0,
      "elapsed" : 41,
      "job options" : {
        "write_hint" : "short",
        "filename" : "file_11"
      },
      "read" : {
        "io_bytes" : 0,
        "io_kbytes" : 0,
        "bw_bytes" : 0,
        "bw" : 0,
        "iops" : 0.000000,
        "runtime" : 0,
        "total_ios" : 0,
        "short_ios" : 0,
        "drop_ios" : 0,
        "slat_ns" : {
          "min" : 0,
          "max" : 0,
          "mean" : 0.000000,
          "stddev" : 0.000000,
          "N" : 0
        },
        "clat_ns" : {
          "min" : 0,
          "max" : 0,
          "mean" : 0.000000,
          "stddev" : 0.000000,
          "N" : 0
        },
        "lat_ns" : {
          "min" : 0,
          "max" : 0,
          "mean" : 0.000000,
          "stddev" : 0.000000,
          "N" : 0
        },
        "bw_min" : 0,
        "bw_max" : 0,
        "bw_agg" : 0.000000,
        "bw_mean" : 0.000000,
        "bw_dev" : 0.000000,
        "bw_samples" : 0,
        "iops_min" : 0,
        "iops_max" : 0,
        "iops_mean" : 0.000000,
        "iops_stddev" : 0.000000,
        "iops_samples" : 0
      },
      "write" : {
        "io_bytes" : 30970503168,
        "io_kbytes" : 30244632,
        "bw_bytes" : 1031490530,
        "bw" : 1007314,
        "iops" : 251828.742714,
        "runtime" : 30025,
        "total_ios" : 7561158,
        "short_ios" : 0,
        "drop_ios" : 0,
        "slat_ns" : {
          "min" : 0,
          "max" : 0,
          "mean" : 0.000000,
          "stddev" : 0.000000,
          "N" : 0
        },
        "clat_ns" : {
          "min" : 2125,
          "max" : 100412312,
          "mean" : 42521.415058,
          "stddev" : 1019294.011337,
          "N" : 7561158,
          "percentile" : {
            "1.000000" : 4832,
            "5.000000" : 6432,
            "10.000000" : 7008,
            "20.000000" : 7456,
            "30.000000" : 7712,
            "40.000000" : 8032,
            "50.000000" : 8384,
            "60.000000" : 8768,
            "70.000000" : 9536,
            "80.000000" : 10944,
            "90.000000" : 12992,
            "95.000000" : 14784,
            "99.000000" : 23168,
            "99.500000" : 33024,
            "99.900000" : 22937600,
            "99.950000" : 28180480,
            "99.990000" : 40108032
          }
        },
        "lat_ns" : {
          "min" : 2182,
          "max" : 100412526,
          "mean" : 42731.986618,
          "stddev" : 1019338.074067,
          "N" : 7561158
        },
        "bw_min" : 726040,
        "bw_max" : 1267294,
        "bw_agg" : 100.000000,
        "bw_mean" : 1007889.728814,
        "bw_dev" : 12245.523284,
        "bw_samples" : 649,
        "iops_min" : 181510,
        "iops_max" : 316823,
        "iops_mean" : 251970.627119,
        "iops_stddev" : 3061.390922,
        "iops_samples" : 649
      },
      "trim" : {
        "io_bytes" : 0,
        "io_kbytes" : 0,
        "bw_bytes" : 0,
        "bw" : 0,
        "iops" : 0.000000,
        "runtime" : 0,
        "total_ios" : 0,
        "short_ios" : 0,
        "drop_ios" : 0,
        "slat_ns" : {
          "min" : 0,
          "max" : 0,
          "mean" : 0.000000,
          "stddev" : 0.000000,
          "N" : 0
        },
        "clat_ns" : {
          "min" : 0,
          "max" : 0,
          "mean" : 0.000000,
          "stddev" : 0.000000,
          "N" : 0
        },
        "lat_ns" : {
          "min" : 0,
          "max" : 0,
          "mean" : 0.000000,
          "stddev" : 0.000000,
          "N" : 0
        },
        "bw_min" : 0,
        "bw_max" : 0,
        "bw_agg" : 0.000000,
        "bw_mean" : 0.000000,
        "bw_dev" : 0.000000,
        "bw_samples" : 0,
        "iops_min" : 0,
        "iops_max" : 0,
        "iops_mean" : 0.000000,
        "iops_stddev" : 0.000000,
        "iops_samples" : 0
      },
      "sync" : {
        "total_ios" : 0,
        "lat_ns" : {
          "min" : 0,
          "max" : 0,
          "mean" : 0.000000,
          "stddev" : 0.000000,
          "N" : 0
        }
      },
      "job_runtime" : 330114,
      "usr_cpu" : 4.303968,
      "sys_cpu" : 20.364177,
      "ctx" : 20355,
      "majf" : 0,
      "minf" : 401,
      "iodepth_level" : {
        "1" : 100.000000,
        "2" : 0.000000,
        "4" : 0.000000,
        "8" : 0.000000,
        "16" : 0.000000,
        "32" : 0.000000,
        ">=64" : 0.000000
      },
      "iodepth_submit" : {
        "0" : 0.000000,
        "4" : 100.000000,
        "8" : 0.000000,
        "16" : 0.000000,
        "32" : 0.000000,
        "64" : 0.000000,
        ">=64" : 0.000000
      },
      "iodepth_complete" : {
        "0" : 0.000000,
        "4" : 100.000000,
        "8" : 0.000000,
        "16" : 0.000000,
        "32" : 0.000000,
        "64" : 0.000000,
        ">=64" : 0.000000
      },
      "latency_ns" : {
        "2" : 0.000000,
        "4" : 0.000000,
        "10" : 0.000000,
        "20" : 0.000000,
        "50" : 0.000000,
        "100" : 0.000000,
        "250" : 0.000000,
        "500" : 0.000000,
        "750" : 0.000000,
        "1000" : 0.000000
      },
      "latency_us" : {
        "2" : 0.000000,
        "4" : 0.191717,
        "10" : 73.821298,
        "20" : 24.477878,
        "50" : 1.253168,
        "100" : 0.067397,
        "250" : 0.063734,
        "500" : 0.010000,
        "750" : 0.010000,
        "1000" : 0.010000
      },
      "latency_ms" : {
        "2" : 0.010000,
        "4" : 0.010000,
        "10" : 0.010000,
        "20" : 0.010000,
        "50" : 0.107007,
        "100" : 0.010000,
        "250" : 0.010000,
        "500" : 0.000000,
        "750" : 0.000000,
        "1000" : 0.000000,
        "2000" : 0.000000,
        ">=2000" : 0.000000
      },
      "latency_depth" : 1,
      "latency_target" : 0,
      "latency_percentile" : 100.000000,
      "latency_window" : 0
    }
  ],
  "disk_util" : [
    {
      "name" : "nullb0",
      "read_ios" : 6208,
      "write_ios" : 14951,
      "read_merges" : 0,
      "write_merges" : 1,
      "read_ticks" : 694,
      "write_ticks" : 147354,
      "in_queue" : 148048,
      "util" : 45.345308
    }
  ]
}
