{
  "fio version" : "fio-3.32-10-g6b6f5-dirty",
  "timestamp" : 1676712685,
  "timestamp_ms" : 1676712685825,
  "time" : "Sat Feb 18 09:31:25 2023",
  "global options" : {
    "name" : "zns-fio",
    "directory" : "/mnt/f2fs",
    "size" : "8G",
    "ioengine" : "psync",
    "iodepth" : "1",
    "rw" : "write",
    "bs" : "4K",
    "runtime" : "30s",
    "ramp_time" : "10s",
    "ioscheduler" : "mq-deadline"
  },
  "jobs" : [
    {
      "jobname" : "hot-file",
      "groupid" : 0,
      "error" : 0,
      "eta" : 0,
      "elapsed" : 41,
      "job options" : {
        "numjobs" : "9",
        "thread" : "1",
        "write_hint" : "short"
      },
      "read" : {
        "io_bytes" : 0,
        "io_kbytes" : 0,
        "bw_bytes" : 0,
        "bw" : 0,
        "iops" : 0.000000,
        "runtime" : 0,
        "total_ios" : 0,
        "short_ios" : 0,
        "drop_ios" : 0,
        "slat_ns" : {
          "min" : 0,
          "max" : 0,
          "mean" : 0.000000,
          "stddev" : 0.000000,
          "N" : 0
        },
        "clat_ns" : {
          "min" : 0,
          "max" : 0,
          "mean" : 0.000000,
          "stddev" : 0.000000,
          "N" : 0
        },
        "lat_ns" : {
          "min" : 0,
          "max" : 0,
          "mean" : 0.000000,
          "stddev" : 0.000000,
          "N" : 0
        },
        "bw_min" : 0,
        "bw_max" : 0,
        "bw_agg" : 0.000000,
        "bw_mean" : 0.000000,
        "bw_dev" : 0.000000,
        "bw_samples" : 0,
        "iops_min" : 0,
        "iops_max" : 0,
        "iops_mean" : 0.000000,
        "iops_stddev" : 0.000000,
        "iops_samples" : 0
      },
      "write" : {
        "io_bytes" : 40492044288,
        "io_kbytes" : 39543012,
        "bw_bytes" : 1348072187,
        "bw" : 1316476,
        "iops" : 329119.186337,
        "runtime" : 30037,
        "total_ios" : 9885753,
        "short_ios" : 0,
        "drop_ios" : 0,
        "slat_ns" : {
          "min" : 0,
          "max" : 0,
          "mean" : 0.000000,
          "stddev" : 0.000000,
          "N" : 0
        },
        "clat_ns" : {
          "min" : 2422,
          "max" : 51784078,
          "mean" : 26319.788789,
          "stddev" : 753533.670884,
          "N" : 9885753,
          "percentile" : {
            "1.000000" : 4320,
            "5.000000" : 5920,
            "10.000000" : 6752,
            "20.000000" : 7264,
            "30.000000" : 7584,
            "40.000000" : 7904,
            "50.000000" : 8256,
            "60.000000" : 8640,
            "70.000000" : 9280,
            "80.000000" : 10688,
            "90.000000" : 12480,
            "95.000000" : 14400,
            "99.000000" : 22912,
            "99.500000" : 31616,
            "99.900000" : 183296,
            "99.950000" : 24510464,
            "99.990000" : 38010880
          }
        },
        "lat_ns" : {
          "min" : 2487,
          "max" : 51784268,
          "mean" : 26528.207328,
          "stddev" : 753536.704599,
          "N" : 9885753
        },
        "bw_min" : 1145249,
        "bw_max" : 1634245,
        "bw_agg" : 100.000000,
        "bw_mean" : 1321692.084746,
        "bw_dev" : 11046.641887,
        "bw_samples" : 531,
        "iops_min" : 286310,
        "iops_max" : 408563,
        "iops_mean" : 330422.355932,
        "iops_stddev" : 2761.669813,
        "iops_samples" : 531
      },
      "trim" : {
        "io_bytes" : 0,
        "io_kbytes" : 0,
        "bw_bytes" : 0,
        "bw" : 0,
        "iops" : 0.000000,
        "runtime" : 0,
        "total_ios" : 0,
        "short_ios" : 0,
        "drop_ios" : 0,
        "slat_ns" : {
          "min" : 0,
          "max" : 0,
          "mean" : 0.000000,
          "stddev" : 0.000000,
          "N" : 0
        },
        "clat_ns" : {
          "min" : 0,
          "max" : 0,
          "mean" : 0.000000,
          "stddev" : 0.000000,
          "N" : 0
        },
        "lat_ns" : {
          "min" : 0,
          "max" : 0,
          "mean" : 0.000000,
          "stddev" : 0.000000,
          "N" : 0
        },
        "bw_min" : 0,
        "bw_max" : 0,
        "bw_agg" : 0.000000,
        "bw_mean" : 0.000000,
        "bw_dev" : 0.000000,
        "bw_samples" : 0,
        "iops_min" : 0,
        "iops_max" : 0,
        "iops_mean" : 0.000000,
        "iops_stddev" : 0.000000,
        "iops_samples" : 0
      },
      "sync" : {
        "total_ios" : 0,
        "lat_ns" : {
          "min" : 0,
          "max" : 0,
          "mean" : 0.000000,
          "stddev" : 0.000000,
          "N" : 0
        }
      },
      "job_runtime" : 270127,
      "usr_cpu" : 6.527670,
      "sys_cpu" : 31.669178,
      "ctx" : 24976,
      "majf" : 0,
      "minf" : 0,
      "iodepth_level" : {
        "1" : 100.000000,
        "2" : 0.000000,
        "4" : 0.000000,
        "8" : 0.000000,
        "16" : 0.000000,
        "32" : 0.000000,
        ">=64" : 0.000000
      },
      "iodepth_submit" : {
        "0" : 0.000000,
        "4" : 100.000000,
        "8" : 0.000000,
        "16" : 0.000000,
        "32" : 0.000000,
        "64" : 0.000000,
        ">=64" : 0.000000
      },
      "iodepth_complete" : {
        "0" : 0.000000,
        "4" : 100.000000,
        "8" : 0.000000,
        "16" : 0.000000,
        "32" : 0.000000,
        "64" : 0.000000,
        ">=64" : 0.000000
      },
      "latency_ns" : {
        "2" : 0.000000,
        "4" : 0.000000,
        "10" : 0.000000,
        "20" : 0.000000,
        "50" : 0.000000,
        "100" : 0.000000,
        "250" : 0.000000,
        "500" : 0.000000,
        "750" : 0.000000,
        "1000" : 0.000000
      },
      "latency_us" : {
        "2" : 0.000000,
        "4" : 0.514195,
        "10" : 75.805394,
        "20" : 22.260601,
        "50" : 1.165435,
        "100" : 0.113972,
        "250" : 0.068361,
        "500" : 0.010000,
        "750" : 0.010000,
        "1000" : 0.010000
      },
      "latency_ms" : {
        "2" : 0.010000,
        "4" : 0.010000,
        "10" : 0.010000,
        "20" : 0.010000,
        "50" : 0.050456,
        "100" : 0.010000,
        "250" : 0.000000,
        "500" : 0.000000,
        "750" : 0.000000,
        "1000" : 0.000000,
        "2000" : 0.000000,
        ">=2000" : 0.000000
      },
      "latency_depth" : 1,
      "latency_target" : 0,
      "latency_percentile" : 100.000000,
      "latency_window" : 0
    }
  ],
  "disk_util" : [
    {
      "name" : "nullb0",
      "read_ios" : 9247,
      "write_ios" : 23016,
      "read_merges" : 0,
      "write_merges" : 0,
      "read_ticks" : 909,
      "write_ticks" : 225260,
      "in_queue" : 226168,
      "util" : 60.268339
    }
  ]
}
