{
  "fio version" : "fio-3.32-10-g6b6f5-dirty",
  "timestamp" : 1676759387,
  "timestamp_ms" : 1676759387281,
  "time" : "Sat Feb 18 22:29:47 2023",
  "global options" : {
    "name" : "zns-fio",
    "directory" : "/mnt/f2fs",
    "size" : "10G",
    "bs" : "4K",
    "ioscheduler" : "mq-deadline",
    "thread" : "1"
  },
  "jobs" : [
    {
      "jobname" : "fill-prep",
      "groupid" : 0,
      "error" : 0,
      "eta" : 0,
      "elapsed" : 400,
      "job options" : {
        "ioengine" : "libaio",
        "iodepth" : "32",
        "numjobs" : "10",
        "nrfiles" : "1",
        "fsync" : "8",
        "write_hint" : "short",
        "rw" : "write",
        "filename_format" : "read-lat.$jobnum.$filenum"
      },
      "read" : {
        "io_bytes" : 0,
        "io_kbytes" : 0,
        "bw_bytes" : 0,
        "bw" : 0,
        "iops" : 0.000000,
        "runtime" : 0,
        "total_ios" : 0,
        "short_ios" : 0,
        "drop_ios" : 0,
        "slat_ns" : {
          "min" : 0,
          "max" : 0,
          "mean" : 0.000000,
          "stddev" : 0.000000,
          "N" : 0
        },
        "clat_ns" : {
          "min" : 0,
          "max" : 0,
          "mean" : 0.000000,
          "stddev" : 0.000000,
          "N" : 0
        },
        "lat_ns" : {
          "min" : 0,
          "max" : 0,
          "mean" : 0.000000,
          "stddev" : 0.000000,
          "N" : 0
        },
        "bw_min" : 0,
        "bw_max" : 0,
        "bw_agg" : 0.000000,
        "bw_mean" : 0.000000,
        "bw_dev" : 0.000000,
        "bw_samples" : 0,
        "iops_min" : 0,
        "iops_max" : 0,
        "iops_mean" : 0.000000,
        "iops_stddev" : 0.000000,
        "iops_samples" : 0
      },
      "write" : {
        "io_bytes" : 107374182400,
        "io_kbytes" : 104857600,
        "bw_bytes" : 385806462,
        "bw" : 376764,
        "iops" : 94191.030897,
        "runtime" : 278311,
        "total_ios" : 26214400,
        "short_ios" : 0,
        "drop_ios" : 0,
        "slat_ns" : {
          "min" : 2935,
          "max" : 18147741,
          "mean" : 16942.467850,
          "stddev" : 78675.348286,
          "N" : 26214400
        },
        "clat_ns" : {
          "min" : 1506,
          "max" : 1806074566,
          "mean" : 3288535.414717,
          "stddev" : 10374431.895840,
          "N" : 26214400,
          "percentile" : {
            "1.000000" : 1417216,
            "5.000000" : 1810432,
            "10.000000" : 2039808,
            "20.000000" : 2342912,
            "30.000000" : 2572288,
            "40.000000" : 2768896,
            "50.000000" : 2998272,
            "60.000000" : 3227648,
            "70.000000" : 3489792,
            "80.000000" : 3883008,
            "90.000000" : 4554752,
            "95.000000" : 5406720,
            "99.000000" : 7438336,
            "99.500000" : 8454144,
            "99.900000" : 11730944,
            "99.950000" : 13434880,
            "99.990000" : 24248320
          }
        },
        "lat_ns" : {
          "min" : 5578,
          "max" : 1806085960,
          "mean" : 3305477.882567,
          "stddev" : 10374888.218658,
          "N" : 26214400
        },
        "bw_min" : 1624,
        "bw_max" : 494012,
        "bw_agg" : 100.000000,
        "bw_mean" : 382861.456275,
        "bw_dev" : 3749.558590,
        "bw_samples" : 5466,
        "iops_min" : 406,
        "iops_max" : 123502,
        "iops_mean" : 95712.976622,
        "iops_stddev" : 937.390056,
        "iops_samples" : 5466
      },
      "trim" : {
        "io_bytes" : 0,
        "io_kbytes" : 0,
        "bw_bytes" : 0,
        "bw" : 0,
        "iops" : 0.000000,
        "runtime" : 0,
        "total_ios" : 0,
        "short_ios" : 0,
        "drop_ios" : 0,
        "slat_ns" : {
          "min" : 0,
          "max" : 0,
          "mean" : 0.000000,
          "stddev" : 0.000000,
          "N" : 0
        },
        "clat_ns" : {
          "min" : 0,
          "max" : 0,
          "mean" : 0.000000,
          "stddev" : 0.000000,
          "N" : 0
        },
        "lat_ns" : {
          "min" : 0,
          "max" : 0,
          "mean" : 0.000000,
          "stddev" : 0.000000,
          "N" : 0
        },
        "bw_min" : 0,
        "bw_max" : 0,
        "bw_agg" : 0.000000,
        "bw_mean" : 0.000000,
        "bw_dev" : 0.000000,
        "bw_samples" : 0,
        "iops_min" : 0,
        "iops_max" : 0,
        "iops_mean" : 0.000000,
        "iops_stddev" : 0.000000,
        "iops_samples" : 0
      },
      "sync" : {
        "total_ios" : 3276770,
        "lat_ns" : {
          "min" : 596307,
          "max" : 487727964767,
          "mean" : 4848107.126275,
          "stddev" : 852069796.509040,
          "N" : 3276770,
          "percentile" : {
            "1.000000" : 1515520,
            "5.000000" : 1925120,
            "10.000000" : 2146304,
            "20.000000" : 2408448,
            "30.000000" : 2637824,
            "40.000000" : 2834432,
            "50.000000" : 3031040,
            "60.000000" : 3260416,
            "70.000000" : 3555328,
            "80.000000" : 3948544,
            "90.000000" : 4620288,
            "95.000000" : 5472256,
            "99.000000" : 7503872,
            "99.500000" : 8585216,
            "99.900000" : 11730944,
            "99.950000" : 13565952,
            "99.990000" : 50593792
          }
        }
      },
      "job_runtime" : 2780006,
      "usr_cpu" : 3.731179,
      "sys_cpu" : 35.582873,
      "ctx" : 15209302,
      "majf" : 1,
      "minf" : 12,
      "iodepth_level" : {
        "1" : 0.100000,
        "2" : 0.100000,
        "4" : 0.100000,
        "8" : 0.100000,
        "16" : 0.100000,
        "32" : 112.498665,
        ">=64" : 0.000000
      },
      "iodepth_submit" : {
        "0" : 0.000000,
        "4" : 100.000000,
        "8" : 0.000000,
        "16" : 0.000000,
        "32" : 0.000000,
        "64" : 0.000000,
        ">=64" : 0.000000
      },
      "iodepth_complete" : {
        "0" : 0.000000,
        "4" : 99.999962,
        "8" : 0.000000,
        "16" : 0.000000,
        "32" : 0.100000,
        "64" : 0.000000,
        ">=64" : 0.000000
      },
      "latency_ns" : {
        "2" : 0.000000,
        "4" : 0.000000,
        "10" : 0.000000,
        "20" : 0.000000,
        "50" : 0.000000,
        "100" : 0.000000,
        "250" : 0.000000,
        "500" : 0.000000,
        "750" : 0.000000,
        "1000" : 0.000000
      },
      "latency_us" : {
        "2" : 0.010000,
        "4" : 0.010000,
        "10" : 0.010000,
        "20" : 0.010000,
        "50" : 0.010000,
        "100" : 0.010000,
        "250" : 0.010000,
        "500" : 0.010000,
        "750" : 0.017307,
        "1000" : 0.081959
      },
      "latency_ms" : {
        "2" : 8.728374,
        "4" : 73.427544,
        "10" : 17.524837,
        "20" : 0.205208,
        "50" : 0.010000,
        "100" : 0.010000,
        "250" : 0.010000,
        "500" : 0.010000,
        "750" : 0.010000,
        "1000" : 0.000000,
        "2000" : 0.010000,
        ">=2000" : 0.000000
      },
      "latency_depth" : 32,
      "latency_target" : 0,
      "latency_percentile" : 100.000000,
      "latency_window" : 0
    },
    {
      "jobname" : "seq-read-bench",
      "groupid" : 1,
      "error" : 0,
      "eta" : 0,
      "elapsed" : 400,
      "job options" : {
        "ioengine" : "libaio",
        "iodepth" : "32",
        "direct" : "1",
        "runtime" : "1m",
        "rw" : "read",
        "percentile_list" : "50:75:90:95:99:99.9:99.99:99.999:100",
        "filename_format" : "read-lat.1.0"
      },
      "read" : {
        "io_bytes" : 114569953280,
        "io_kbytes" : 111884720,
        "bw_bytes" : 1909467396,
        "bw" : 1864714,
        "iops" : 466178.563691,
        "runtime" : 60001,
        "total_ios" : 27971180,
        "short_ios" : 0,
        "drop_ios" : 0,
        "slat_ns" : {
          "min" : 853,
          "max" : 2387382,