{
  "fio version" : "fio-3.32-10-g6b6f5-dirty",
  "timestamp" : 1676759609,
  "timestamp_ms" : 1676759609849,
  "time" : "Sat Feb 18 22:33:29 2023",
  "global options" : {
    "name" : "zns-fio",
    "directory" : "/mnt/f2fs",
    "size" : "3G",
    "bs" : "4K",
    "ioscheduler" : "mq-deadline",
    "thread" : "1"
  },
  "jobs" : [
    {
      "jobname" : "fill-prep",
      "groupid" : 0,
      "error" : 0,
      "eta" : 0,
      "elapsed" : 207,
      "job options" : {
        "ioengine" : "libaio",
        "iodepth" : "32",
        "numjobs" : "10",
        "nrfiles" : "5",
        "fsync" : "8",
        "write_hint" : "short",
        "rw" : "write",
        "filename_format" : "read-lat.$jobnum.$filenum"
      },
      "read" : {
        "io_bytes" : 0,
        "io_kbytes" : 0,
        "bw_bytes" : 0,
        "bw" : 0,
        "iops" : 0.000000,
        "runtime" : 0,
        "total_ios" : 0,
        "short_ios" : 0,
        "drop_ios" : 0,
        "slat_ns" : {
          "min" : 0,
          "max" : 0,
          "mean" : 0.000000,
          "stddev" : 0.000000,
          "N" : 0
        },
        "clat_ns" : {
          "min" : 0,
          "max" : 0,
          "mean" : 0.000000,
          "stddev" : 0.000000,
          "N" : 0
        },
        "lat_ns" : {
          "min" : 0,
          "max" : 0,
          "mean" : 0.000000,
          "stddev" : 0.000000,
          "N" : 0
        },
        "bw_min" : 0,
        "bw_max" : 0,
        "bw_agg" : 0.000000,
        "bw_mean" : 0.000000,
        "bw_dev" : 0.000000,
        "bw_samples" : 0,
        "iops_min" : 0,
        "iops_max" : 0,
        "iops_mean" : 0.000000,
        "iops_stddev" : 0.000000,
        "iops_samples" : 0
      },
      "write" : {
        "io_bytes" : 32212172800,
        "io_kbytes" : 31457200,
        "bw_bytes" : 378006158,
        "bw" : 369146,
        "iops" : 92286.659782,
        "runtime" : 85216,
        "total_ios" : 7864300,
        "short_ios" : 0,
        "drop_ios" : 0,
        "slat_ns" : {
          "min" : 3603,
          "max" : 15351149,
          "mean" : 17145.033308,
          "stddev" : 70495.736419,
          "N" : 7864300
        },
        "clat_ns" : {
          "min" : 2200,
          "max" : 24499942,
          "mean" : 3355297.100872,
          "stddev" : 1198652.343955,
          "N" : 7864300,
          "percentile" : {
            "1.000000" : 1433600,
            "5.000000" : 1875968,
            "10.000000" : 2113536,
            "20.000000" : 2441216,
            "30.000000" : 2670592,
            "40.000000" : 2899968,
            "50.000000" : 3129344,
            "60.000000" : 3391488,
            "70.000000" : 3686400,
            "80.000000" : 4112384,
            "90.000000" : 4816896,
            "95.000000" : 5603328,
            "99.000000" : 7372800,
            "99.500000" : 8159232,
            "99.900000" : 10289152,
            "99.950000" : 11206656,
            "99.990000" : 14352384
          }
        },
        "lat_ns" : {
          "min" : 6914,
          "max" : 24513475,
          "mean" : 3372442.134179,
          "stddev" : 1201479.004866,
          "N" : 7864300
        },
        "bw_min" : 308246,
        "bw_max" : 439226,
        "bw_agg" : 100.000000,
        "bw_mean" : 369779.875740,
        "bw_dev" : 2319.565136,
        "bw_samples" : 1690,
        "iops_min" : 77057,
        "iops_max" : 109805,
        "iops_mean" : 92442.544379,
        "iops_stddev" : 579.883991,
        "iops_samples" : 1690
      },
      "trim" : {
        "io_bytes" : 0,
        "io_kbytes" : 0,
        "bw_bytes" : 0,
        "bw" : 0,
        "iops" : 0.000000,
        "runtime" : 0,
        "total_ios" : 0,
        "short_ios" : 0,
        "drop_ios" : 0,
        "slat_ns" : {
          "min" : 0,
          "max" : 0,
          "mean" : 0.000000,
          "stddev" : 0.000000,
          "N" : 0
        },
        "clat_ns" : {
          "min" : 0,
          "max" : 0,
          "mean" : 0.000000,
          "stddev" : 0.000000,
          "N" : 0
        },
        "lat_ns" : {
          "min" : 0,
          "max" : 0,
          "mean" : 0.000000,
          "stddev" : 0.000000,
          "N" : 0
        },
        "bw_min" : 0,
        "bw_max" : 0,
        "bw_agg" : 0.000000,
        "bw_mean" : 0.000000,
        "bw_dev" : 0.000000,
        "bw_samples" : 0,
        "iops_min" : 0,
        "iops_max" : 0,
        "iops_mean" : 0.000000,
        "iops_stddev" : 0.000000,
        "iops_samples" : 0
      },
      "sync" : {
        "total_ios" : 983010,
        "lat_ns" : {
          "min" : 622641,
          "max" : 903431885426,
          "mean" : 12619064.929472,
          "stddev" : 2881107978.889116,
          "N" : 983010,
          "percentile" : {
            "1.000000" : 1531904,
            "5.000000" : 1974272,
            "10.000000" : 2211840,
            "20.000000" : 2539520,
            "30.000000" : 2768896,
            "40.000000" : 2965504,
            "50.000000" : 3194880,
            "60.000000" : 3457024,
            "70.000000" : 3751936,
            "80.000000" : 4177920,
            "90.000000" : 4882432,
            "95.000000" : 5668864,
            "99.000000" : 7438336,
            "99.500000" : 8224768,
            "99.900000" : 10420224,
            "99.950000" : 11337728,
            "99.990000" : 14483456
          }
        }
      },
      "job_runtime" : 850836,
      "usr_cpu" : 3.618089,
      "sys_cpu" : 36.086038,
      "ctx" : 4756260,
      "majf" : 0,
      "minf" : 10,
      "iodepth_level" : {
        "1" : 0.100000,
        "2" : 0.100000,
        "4" : 0.100000,
        "8" : 0.100000,
        "16" : 0.100000,
        "32" : 112.495581,
        ">=64" : 0.000000
      },
      "iodepth_submit" : {
        "0" : 0.000000,
        "4" : 100.000000,
        "8" : 0.000000,
        "16" : 0.000000,
        "32" : 0.000000,
        "64" : 0.000000,
        ">=64" : 0.000000
      },
      "iodepth_complete" : {
        "0" : 0.000000,
        "4" : 99.999873,
        "8" : 0.000000,
        "16" : 0.000000,
        "32" : 0.100000,
        "64" : 0.000000,
        ">=64" : 0.000000
      },
      "latency_ns" : {
        "2" : 0.000000,
        "4" : 0.000000,
        "10" : 0.000000,
        "20" : 0.000000,
        "50" : 0.000000,
        "100" : 0.000000,
        "250" : 0.000000,
        "500" : 0.000000,
        "750" : 0.000000,
        "1000" : 0.000000
      },
      "latency_us" : {
        "2" : 0.000000,
        "4" : 0.010000,
        "10" : 0.010000,
        "20" : 0.010000,
        "50" : 0.010000,
        "100" : 0.010000,
        "250" : 0.010000,
        "500" : 0.010000,
        "750" : 0.010000,
        "1000" : 0.085538
      },
      "latency_ms" : {
        "2" : 7.235164,
        "4" : 70.349770,
        "10" : 22.193965,
        "20" : 0.123037,
        "50" : 0.010000,
        "100" : 0.000000,
        "250" : 0.000000,
        "500" : 0.000000,
        "750" : 0.000000,
        "1000" : 0.000000,
        "2000" : 0.000000,
        ">=2000" : 0.000000
      },
      "latency_depth" : 32,
      "latency_target" : 0,
      "latency_percentile" : 100.000000,
      "latency_window" : 0
    },
    {
      "jobname" : "seq-read-bench",
      "groupid" : 1,
      "error" : 0,
      "eta" : 0,
      "elapsed" : 207,
      "job options" : {
        "ioengine" : "libaio",
        "iodepth" : "32",
        "direct" : "1",
        "runtime" : "1m",
        "rw" : "read",
        "percentile_list" : "50:75:90:95:99:99.9:99.99:99.999:100",
        "filename_format" : "read-lat.1.0"
      },
      "read" : {
        "io_bytes" : 139845058560,
        "io_kbytes" : 136567440,
        "bw_bytes" : 2330750976,
        "bw" : 2276124,
        "iops" : 569031.000000,
        "runtime" : 60000,
        "total_ios" : 34141860,
        "short_ios" : 0,
        "drop_ios" : 0,
        "slat_ns" : {
          "min" : 834,
          "max" : 1720362,