{
  "fio version" : "fio-3.32-10-g6b6f5-dirty",
  "timestamp" : 1676759800,
  "timestamp_ms" : 1676759800242,
  "time" : "Sat Feb 18 22:36:40 2023",
  "global options" : {
    "name" : "zns-fio",
    "directory" : "/mnt/f2fs",
    "size" : "2G",
    "bs" : "4K",
    "ioscheduler" : "mq-deadline",
    "thread" : "1"
  },
  "jobs" : [
    {
      "jobname" : "fill-prep",
      "groupid" : 0,
      "error" : 0,
      "eta" : 0,
      "elapsed" : 176,
      "job options" : {
        "ioengine" : "libaio",
        "iodepth" : "32",
        "numjobs" : "10",
        "nrfiles" : "10",
        "fsync" : "8",
        "write_hint" : "short",
        "rw" : "write",
        "filename_format" : "read-lat.$jobnum.$filenum"
      },
      "read" : {
        "io_bytes" : 0,
        "io_kbytes" : 0,
        "bw_bytes" : 0,
        "bw" : 0,
        "iops" : 0.000000,
        "runtime" : 0,
        "total_ios" : 0,
        "short_ios" : 0,
        "drop_ios" : 0,
        "slat_ns" : {
          "min" : 0,
          "max" : 0,
          "mean" : 0.000000,
          "stddev" : 0.000000,
          "N" : 0
        },
        "clat_ns" : {
          "min" : 0,
          "max" : 0,
          "mean" : 0.000000,
          "stddev" : 0.000000,
          "N" : 0
        },
        "lat_ns" : {
          "min" : 0,
          "max" : 0,
          "mean" : 0.000000,
          "stddev" : 0.000000,
          "N" : 0
        },
        "bw_min" : 0,
        "bw_max" : 0,
        "bw_agg" : 0.000000,
        "bw_mean" : 0.000000,
        "bw_dev" : 0.000000,
        "bw_samples" : 0,
        "iops_min" : 0,
        "iops_max" : 0,
        "iops_mean" : 0.000000,
        "iops_stddev" : 0.000000,
        "iops_samples" : 0
      },
      "write" : {
        "io_bytes" : 21474508800,
        "io_kbytes" : 20971200,
        "bw_bytes" : 389920993,
        "bw" : 380782,
        "iops" : 95195.555071,
        "runtime" : 55074,
        "total_ios" : 5242800,
        "short_ios" : 0,
        "drop_ios" : 0,
        "slat_ns" : {
          "min" : 3632,
          "max" : 6595845,
          "mean" : 16506.112978,
          "stddev" : 61001.680979,
          "N" : 5242800
        },
        "clat_ns" : {
          "min" : 101446,
          "max" : 55934873,
          "mean" : 3245192.070820,
          "stddev" : 1189009.895169,
          "N" : 5242800,
          "percentile" : {
            "1.000000" : 1449984,
            "5.000000" : 1843200,
            "10.000000" : 2072576,
            "20.000000" : 2375680,
            "30.000000" : 2605056,
            "40.000000" : 2834432,
            "50.000000" : 3031040,
            "60.000000" : 3293184,
            "70.000000" : 3588096,
            "80.000000" : 3948544,
            "90.000000" : 4620288,
            "95.000000" : 5341184,
            "99.000000" : 6979584,
            "99.500000" : 7634944,
            "99.900000" : 9633792,
            "99.950000" : 10813440,
            "99.990000" : 17170432
          }
        },
        "lat_ns" : {
          "min" : 107812,
          "max" : 55944434,
          "mean" : 3261698.183798,
          "stddev" : 1191449.562704,
          "N" : 5242800
        },
        "bw_min" : 316444,
        "bw_max" : 469640,
        "bw_agg" : 100.000000,
        "bw_mean" : 382175.909786,
        "bw_dev" : 2992.987746,
        "bw_samples" : 1089,
        "iops_min" : 79107,
        "iops_max" : 117410,
        "iops_mean" : 95541.661145,
        "iops_stddev" : 748.248660,
        "iops_samples" : 1089
      },
      "trim" : {
        "io_bytes" : 0,
        "io_kbytes" : 0,
        "bw_bytes" : 0,
        "bw" : 0,
        "iops" : 0.000000,
        "runtime" : 0,
        "total_ios" : 0,
        "short_ios" : 0,
        "drop_ios" : 0,
        "slat_ns" : {
          "min" : 0,
          "max" : 0,
          "mean" : 0.000000,
          "stddev" : 0.000000,
          "N" : 0
        },
        "clat_ns" : {
          "min" : 0,
          "max" : 0,
          "mean" : 0.000000,
          "stddev" : 0.000000,
          "N" : 0
        },
        "lat_ns" : {
          "min" : 0,
          "max" : 0,
          "mean" : 0.000000,
          "stddev" : 0.000000,
          "N" : 0
        },
        "bw_min" : 0,
        "bw_max" : 0,
        "bw_agg" : 0.000000,
        "bw_mean" : 0.000000,
        "bw_dev" : 0.000000,
        "bw_samples" : 0,
        "iops_min" : 0,
        "iops_max" : 0,
        "iops_mean" : 0.000000,
        "iops_stddev" : 0.000000,
        "iops_samples" : 0
      },
      "sync" : {
        "total_ios" : 655330,
        "lat_ns" : {
          "min" : 624434,
          "max" : 1123946406327,
          "mean" : 20468833.237879,
          "stddev" : 4390351397.274283,
          "N" : 655330,
          "percentile" : {
            "1.000000" : 1548288,
            "5.000000" : 1941504,
            "10.000000" : 2179072,
            "20.000000" : 2473984,
            "30.000000" : 2670592,
            "40.000000" : 2899968,
            "50.000000" : 3096576,
            "60.000000" : 3358720,
            "70.000000" : 3620864,
            "80.000000" : 4014080,
            "90.000000" : 4685824,
            "95.000000" : 5406720,
            "99.000000" : 7045120,
            "99.500000" : 7700480,
            "99.900000" : 9764864,
            "99.950000" : 11075584,
            "99.990000" : 19267584
          }
        }
      },
      "job_runtime" : 548824,
      "usr_cpu" : 3.718496,
      "sys_cpu" : 37.972283,
      "ctx" : 3092187,
      "majf" : 0,
      "minf" : 10,
      "iodepth_level" : {
        "1" : 0.100000,
        "2" : 0.100000,
        "4" : 0.100000,
        "8" : 0.100000,
        "16" : 0.100000,
        "32" : 112.493515,
        ">=64" : 0.000000
      },
      "iodepth_submit" : {
        "0" : 0.000000,
        "4" : 100.000000,
        "8" : 0.000000,
        "16" : 0.000000,
        "32" : 0.000000,
        "64" : 0.000000,
        ">=64" : 0.000000
      },
      "iodepth_complete" : {
        "0" : 0.000000,
        "4" : 99.999809,
        "8" : 0.000000,
        "16" : 0.000000,
        "32" : 0.100000,
        "64" : 0.000000,
        ">=64" : 0.000000
      },
      "latency_ns" : {
        "2" : 0.000000,
        "4" : 0.000000,
        "10" : 0.000000,
        "20" : 0.000000,
        "50" : 0.000000,
        "100" : 0.000000,
        "250" : 0.000000,
        "500" : 0.000000,
        "750" : 0.000000,
        "1000" : 0.000000
      },
      "latency_us" : {
        "2" : 0.000000,
        "4" : 0.000000,
        "10" : 0.000000,
        "20" : 0.000000,
        "50" : 0.000000,
        "100" : 0.000000,
        "250" : 0.010000,
        "500" : 0.010000,
        "750" : 0.021820,
        "1000" : 0.052777
      },
      "latency_ms" : {
        "2" : 8.135023,
        "4" : 72.516232,
        "10" : 19.196136,
        "20" : 0.069066,
        "50" : 0.010000,
        "100" : 0.010000,
        "250" : 0.000000,
        "500" : 0.000000,
        "750" : 0.000000,
        "1000" : 0.000000,
        "2000" : 0.000000,
        ">=2000" : 0.000000
      },
      "latency_depth" : 32,
      "latency_target" : 0,
      "latency_percentile" : 100.000000,
      "latency_window" : 0
    },
    {
      "jobname" : "seq-read-bench",
      "groupid" : 1,
      "error" : 0,
      "eta" : 0,
      "elapsed" : 176,
      "job options" : {
        "ioengine" : "libaio",
        "iodepth" : "32",
        "direct" : "1",
        "runtime" : "1m",
        "rw" : "read",
        "percentile_list" : "50:75:90:95:99:99.9:99.99:99.999:100",
        "filename_format" : "read-lat.1.0"
      },
      "read" : {
        "io_bytes" : 142478831616,
        "io_kbytes" : 139139484,
        "bw_bytes" : 2374607616,
        "bw" : 2318952,
        "iops" : 579738.187697,
        "runtime" : 60001,
        "total_ios" : 34784871,
        "short_ios" : 0,
        "drop_ios" : 0,
        "slat_ns" : {
          "min" : 829,
          "max" : 1012522,