{
  "fio version" : "fio-3.32-10-g6b6f5-dirty",
  "timestamp" : 1676675138,
  "timestamp_ms" : 1676675138163,
  "time" : "Fri Feb 17 23:05:38 2023",
  "global options" : {
    "name" : "zns-fio",
    "directory" : "/mnt/f2fs",
    "size" : "8G",
    "ioengine" : "psync",
    "iodepth" : "1",
    "rw" : "write",
    "bs" : "4K",
    "runtime" : "30s",
    "ramp_time" : "10s",
    "ioscheduler" : "mq-deadline"
  },
  "jobs" : [
    {
      "jobname" : "hot-file",
      "groupid" : 0,
      "error" : 0,
      "eta" : 0,
      "elapsed" : 41,
      "job options" : {
        "numjobs" : "8",
        "thread" : "1",
        "write_hint" : "short"
      },
      "read" : {
        "io_bytes" : 0,
        "io_kbytes" : 0,
        "bw_bytes" : 0,
        "bw" : 0,
        "iops" : 0.000000,
        "runtime" : 0,
        "total_ios" : 0,
        "short_ios" : 0,
        "drop_ios" : 0,
        "slat_ns" : {
          "min" : 0,
          "max" : 0,
          "mean" : 0.000000,
          "stddev" : 0.000000,
          "N" : 0
        },
        "clat_ns" : {
          "min" : 0,
          "max" : 0,
          "mean" : 0.000000,
          "stddev" : 0.000000,
          "N" : 0
        },
        "lat_ns" : {
          "min" : 0,
          "max" : 0,
          "mean" : 0.000000,
          "stddev" : 0.000000,
          "N" : 0
        },
        "bw_min" : 0,
        "bw_max" : 0,
        "bw_agg" : 0.000000,
        "bw_mean" : 0.000000,
        "bw_dev" : 0.000000,
        "bw_samples" : 0,
        "iops_min" : 0,
        "iops_max" : 0,
        "iops_mean" : 0.000000,
        "iops_stddev" : 0.000000,
        "iops_samples" : 0
      },
      "write" : {
        "io_bytes" : 37057634304,
        "io_kbytes" : 36189096,
        "bw_bytes" : 1234061550,
        "bw" : 1205138,
        "iops" : 301284.558260,
        "runtime" : 30029,
        "total_ios" : 9047274,
        "short_ios" : 0,
        "drop_ios" : 0,
        "slat_ns" : {
          "min" : 0,
          "max" : 0,
          "mean" : 0.000000,
          "stddev" : 0.000000,
          "N" : 0
        },
        "clat_ns" : {
          "min" : 2631,
          "max" : 62296426,
          "mean" : 25499.994609,
          "stddev" : 736058.080437,
          "N" : 9047274,
          "percentile" : {
            "1.000000" : 5088,
            "5.000000" : 6560,
            "10.000000" : 6944,
            "20.000000" : 7328,
            "30.000000" : 7584,
            "40.000000" : 7840,
            "50.000000" : 8160,
            "60.000000" : 8512,
            "70.000000" : 9024,
            "80.000000" : 10304,
            "90.000000" : 12096,
            "95.000000" : 13760,
            "99.000000" : 21376,
            "99.500000" : 30080,
            "99.900000" : 148480,
            "99.950000" : 5079040,
            "99.990000" : 37486592
          }
        },
        "lat_ns" : {
          "min" : 2699,
          "max" : 62296633,
          "mean" : 25704.960666,
          "stddev" : 736059.765921,
          "N" : 9047274
        },
        "bw_min" : 1019127,
        "bw_max" : 1600202,
        "bw_agg" : 100.000000,
        "bw_mean" : 1207660.745763,
        "bw_dev" : 17609.813658,
        "bw_samples" : 472,
        "iops_min" : 254780,
        "iops_max" : 400050,
        "iops_mean" : 301913.728814,
        "iops_stddev" : 4402.509233,
        "iops_samples" : 472
      },
      "trim" : {
        "io_bytes" : 0,
        "io_kbytes" : 0,
        "bw_bytes" : 0,
        "bw" : 0,
        "iops" : 0.000000,
        "runtime" : 0,
        "total_ios" : 0,
        "short_ios" : 0,
        "drop_ios" : 0,
        "slat_ns" : {
          "min" : 0,
          "max" : 0,
          "mean" : 0.000000,
          "stddev" : 0.000000,
          "N" : 0
        },
        "clat_ns" : {
          "min" : 0,
          "max" : 0,
          "mean" : 0.000000,
          "stddev" : 0.000000,
          "N" : 0
        },
        "lat_ns" : {
          "min" : 0,
          "max" : 0,
          "mean" : 0.000000,
          "stddev" : 0.000000,
          "N" : 0
        },
        "bw_min" : 0,
        "bw_max" : 0,
        "bw_agg" : 0.000000,
        "bw_mean" : 0.000000,
        "bw_dev" : 0.000000,
        "bw_samples" : 0,
        "iops_min" : 0,
        "iops_max" : 0,
        "iops_mean" : 0.000000,
        "iops_stddev" : 0.000000,
        "iops_samples" : 0
      },
      "sync" : {
        "total_ios" : 0,
        "lat_ns" : {
          "min" : 0,
          "max" : 0,
          "mean" : 0.000000,
          "stddev" : 0.000000,
          "N" : 0
        }
      },
      "job_runtime" : 240088,
      "usr_cpu" : 6.735030,
      "sys_cpu" : 31.902469,
      "ctx" : 21361,
      "majf" : 0,
      "minf" : 0,
      "iodepth_level" : {
        "1" : 100.000000,
        "2" : 0.000000,
        "4" : 0.000000,
        "8" : 0.000000,
        "16" : 0.000000,
        "32" : 0.000000,
        ">=64" : 0.000000
      },
      "iodepth_submit" : {
        "0" : 0.000000,
        "4" : 100.000000,
        "8" : 0.000000,
        "16" : 0.000000,
        "32" : 0.000000,
        "64" : 0.000000,
        ">=64" : 0.000000
      },
      "iodepth_complete" : {
        "0" : 0.000000,
        "4" : 100.000000,
        "8" : 0.000000,
        "16" : 0.000000,
        "32" : 0.000000,
        "64" : 0.000000,
        ">=64" : 0.000000
      },
      "latency_ns" : {
        "2" : 0.000000,
        "4" : 0.000000,
        "10" : 0.000000,
        "20" : 0.000000,
        "50" : 0.000000,
        "100" : 0.000000,
        "250" : 0.000000,
        "500" : 0.000000,
        "750" : 0.000000,
        "1000" : 0.000000
      },
      "latency_us" : {
        "2" : 0.000000,
        "4" : 0.099676,
        "10" : 78.089124,
        "20" : 20.632602,
        "50" : 0.949026,
        "100" : 0.104706,
        "250" : 0.062726,
        "500" : 0.010000,
        "750" : 0.010000,
        "1000" : 0.010000
      },
      "latency_ms" : {
        "2" : 0.010000,
        "4" : 0.010000,
        "10" : 0.010000,
        "20" : 0.010000,
        "50" : 0.049286,
        "100" : 0.010000,
        "250" : 0.000000,
        "500" : 0.000000,
        "750" : 0.000000,
        "1000" : 0.000000,
        "2000" : 0.000000,
        ">=2000" : 0.000000
      },
      "latency_depth" : 1,
      "latency_target" : 0,
      "latency_percentile" : 100.000000,
      "latency_window" : 0
    }
  ],
  "disk_util" : [
    {
      "name" : "nullb0",
      "read_ios" : 7757,
      "write_ios" : 15376,
      "read_merges" : 0,
      "write_merges" : 0,
      "read_ticks" : 852,
      "write_ticks" : 134808,
      "in_queue" : 135659,
      "util" : 53.034650
    }
  ]
}
