{
  "fio version" : "fio-3.32-10-g6b6f5-dirty",
  "timestamp" : 1676712549,
  "timestamp_ms" : 1676712549308,
  "time" : "Sat Feb 18 09:29:09 2023",
  "global options" : {
    "name" : "zns-fio",
    "directory" : "/mnt/f2fs",
    "size" : "8G",
    "ioengine" : "psync",
    "iodepth" : "1",
    "rw" : "write",
    "bs" : "4K",
    "runtime" : "30s",
    "ramp_time" : "10s",
    "ioscheduler" : "mq-deadline"
  },
  "jobs" : [
    {
      "jobname" : "hot-file",
      "groupid" : 0,
      "error" : 0,
      "eta" : 0,
      "elapsed" : 41,
      "job options" : {
        "numjobs" : "6",
        "thread" : "1",
        "write_hint" : "short"
      },
      "read" : {
        "io_bytes" : 0,
        "io_kbytes" : 0,
        "bw_bytes" : 0,
        "bw" : 0,
        "iops" : 0.000000,
        "runtime" : 0,
        "total_ios" : 0,
        "short_ios" : 0,
        "drop_ios" : 0,
        "slat_ns" : {
          "min" : 0,
          "max" : 0,
          "mean" : 0.000000,
          "stddev" : 0.000000,
          "N" : 0
        },
        "clat_ns" : {
          "min" : 0,
          "max" : 0,
          "mean" : 0.000000,
          "stddev" : 0.000000,
          "N" : 0
        },
        "lat_ns" : {
          "min" : 0,
          "max" : 0,
          "mean" : 0.000000,
          "stddev" : 0.000000,
          "N" : 0
        },
        "bw_min" : 0,
        "bw_max" : 0,
        "bw_agg" : 0.000000,
        "bw_mean" : 0.000000,
        "bw_dev" : 0.000000,
        "bw_samples" : 0,
        "iops_min" : 0,
        "iops_max" : 0,
        "iops_mean" : 0.000000,
        "iops_stddev" : 0.000000,
        "iops_samples" : 0
      },
      "write" : {
        "io_bytes" : 36548534272,
        "io_kbytes" : 35691928,
        "bw_bytes" : 1217310627,
        "bw" : 1188779,
        "iops" : 297194.977351,
        "runtime" : 30024,
        "total_ios" : 8922982,
        "short_ios" : 0,
        "drop_ios" : 0,
        "slat_ns" : {
          "min" : 0,
          "max" : 0,
          "mean" : 0.000000,
          "stddev" : 0.000000,
          "N" : 0
        },
        "clat_ns" : {
          "min" : 2498,
          "max" : 41432082,
          "mean" : 19196.537007,
          "stddev" : 497620.449904,
          "N" : 8922982,
          "percentile" : {
            "1.000000" : 4576,
            "5.000000" : 5920,
            "10.000000" : 6560,
            "20.000000" : 7072,
            "30.000000" : 7392,
            "40.000000" : 7712,
            "50.000000" : 8032,
            "60.000000" : 8512,
            "70.000000" : 9152,
            "80.000000" : 10432,
            "90.000000" : 12352,
            "95.000000" : 14272,
            "99.000000" : 22144,
            "99.500000" : 30080,
            "99.900000" : 119296,
            "99.950000" : 1011712,
            "99.990000" : 26869760
          }
        },
        "lat_ns" : {
          "min" : 2558,
          "max" : 41432199,
          "mean" : 19392.800246,
          "stddev" : 497627.410257,
          "N" : 8922982
        },
        "bw_min" : 1069705,
        "bw_max" : 1481004,
        "bw_agg" : 100.000000,
        "bw_mean" : 1192046.373729,
        "bw_dev" : 15105.864473,
        "bw_samples" : 356,
        "iops_min" : 267426,
        "iops_max" : 370249,
        "iops_mean" : 298010.771469,
        "iops_stddev" : 3776.502402,
        "iops_samples" : 356
      },
      "trim" : {
        "io_bytes" : 0,
        "io_kbytes" : 0,
        "bw_bytes" : 0,
        "bw" : 0,
        "iops" : 0.000000,
        "runtime" : 0,
        "total_ios" : 0,
        "short_ios" : 0,
        "drop_ios" : 0,
        "slat_ns" : {
          "min" : 0,
          "max" : 0,
          "mean" : 0.000000,
          "stddev" : 0.000000,
          "N" : 0
        },
        "clat_ns" : {
          "min" : 0,
          "max" : 0,
          "mean" : 0.000000,
          "stddev" : 0.000000,
          "N" : 0
        },
        "lat_ns" : {
          "min" : 0,
          "max" : 0,
          "mean" : 0.000000,
          "stddev" : 0.000000,
          "N" : 0
        },
        "bw_min" : 0,
        "bw_max" : 0,
        "bw_agg" : 0.000000,
        "bw_mean" : 0.000000,
        "bw_dev" : 0.000000,
        "bw_samples" : 0,
        "iops_min" : 0,
        "iops_max" : 0,
        "iops_mean" : 0.000000,
        "iops_stddev" : 0.000000,
        "iops_samples" : 0
      },
      "sync" : {
        "total_ios" : 0,
        "lat_ns" : {
          "min" : 0,
          "max" : 0,
          "mean" : 0.000000,
          "stddev" : 0.000000,
          "N" : 0
        }
      },
      "job_runtime" : 180038,
      "usr_cpu" : 8.004421,
      "sys_cpu" : 42.690987,
      "ctx" : 22731,
      "majf" : 0,
      "minf" : 0,
      "iodepth_level" : {
        "1" : 100.000000,
        "2" : 0.000000,
        "4" : 0.000000,
        "8" : 0.000000,
        "16" : 0.000000,
        "32" : 0.000000,
        ">=64" : 0.000000
      },
      "iodepth_submit" : {
        "0" : 0.000000,
        "4" : 100.000000,
        "8" : 0.000000,
        "16" : 0.000000,
        "32" : 0.000000,
        "64" : 0.000000,
        ">=64" : 0.000000
      },
      "iodepth_complete" : {
        "0" : 0.000000,
        "4" : 100.000000,
        "8" : 0.000000,
        "16" : 0.000000,
        "32" : 0.000000,
        "64" : 0.000000,
        ">=64" : 0.000000
      },
      "latency_ns" : {
        "2" : 0.000000,
        "4" : 0.000000,
        "10" : 0.000000,
        "20" : 0.000000,
        "50" : 0.000000,
        "100" : 0.000000,
        "250" : 0.000000,
        "500" : 0.000000,
        "750" : 0.000000,
        "1000" : 0.000000
      },
      "latency_us" : {
        "2" : 0.000000,
        "4" : 0.279974,
        "10" : 76.790438,
        "20" : 21.574290,
        "50" : 1.117530,
        "100" : 0.122885,
        "250" : 0.057705,
        "500" : 0.010000,
        "750" : 0.010000,
        "1000" : 0.010000
      },
      "latency_ms" : {
        "2" : 0.010000,
        "4" : 0.010000,
        "10" : 0.010000,
        "20" : 0.010000,
        "50" : 0.039762,
        "100" : 0.000000,
        "250" : 0.000000,
        "500" : 0.000000,
        "750" : 0.000000,
        "1000" : 0.000000,
        "2000" : 0.000000,
        ">=2000" : 0.000000
      },
      "latency_depth" : 1,
      "latency_target" : 0,
      "latency_percentile" : 100.000000,
      "latency_window" : 0
    }
  ],
  "disk_util" : [
    {
      "name" : "nullb0",
      "read_ios" : 7900,
      "write_ios" : 22707,
      "read_merges" : 0,
      "write_merges" : 2,
      "read_ticks" : 724,
      "write_ticks" : 221518,
      "in_queue" : 222243,
      "util" : 55.796776
    }
  ]
}
