{
  "fio version" : "fio-3.32-10-g6b6f5-dirty",
  "timestamp" : 1678017026,
  "timestamp_ms" : 1678017026665,
  "time" : "Sun Mar  5 11:50:26 2023",
  "global options" : {
    "name" : "zns-fio",
    "directory" : "/mnt/f2fs",
    "size" : "500G",
    "bs" : "4K",
    "ioscheduler" : "mq-deadline",
    "thread" : "1"
  },
  "jobs" : [
    {
      "jobname" : "read",
      "groupid" : 0,
      "error" : 0,
      "eta" : 0,
      "elapsed" : 478,
      "job options" : {
        "ioengine" : "psync",
        "direct" : "1",
        "iodepth" : "1",
        "rw" : "read",
        "percentile_list" : "50:75:90:95:99:99.9:99.99:99.999:100",
        "filename" : "gc.2.0"
      },
      "read" : {
        "io_bytes" : 536870912000,
        "io_kbytes" : 524288000,
        "bw_bytes" : 1123979198,
        "bw" : 1097635,
        "iops" : 274408.983946,
        "runtime" : 477652,
        "total_ios" : 131072000,
        "short_ios" : 0,
        "drop_ios" : 0,
        "slat_ns" : {
          "min" : 0,
          "max" : 0,
          "mean" : 0.000000,
          "stddev" : 0.000000,
          "N" : 0
        },
        "clat_ns" : {
          "min" : 534,
          "max" : 6286748,
          "mean" : 3340.229637,
          "stddev" : 18759.165024,
          "N" : 131072000,
          "percentile" : {
            "50.000000" : 988,
            "75.000000" : 1128,
            "90.000000" : 1784,
            "95.000000" : 2640,
            "99.000000" : 124416,
            "99.900000" : 205824,
            "99.990000" : 378880,
            "99.999000" : 610304,
            "100.000000" : 6258688
          }
        },
        "lat_ns" : {
          "min" : 574,
          "max" : 6286792,
          "mean" : 3395.241800,
          "stddev" : 18761.036484,
          "N" : 131072000
        },
        "bw_min" : 613648,
        "bw_max" : 1408720,
        "bw_agg" : 100.000000,
        "bw_mean" : 1098846.957023,
        "bw_dev" : 152340.402899,
        "bw_samples" : 954,
        "iops_min" : 153412,
        "iops_max" : 352180,
        "iops_mean" : 274711.798742,
        "iops_stddev" : 38085.138088,
        "iops_samples" : 954
      },
      "write" : {
        "io_bytes" : 0,
        "io_kbytes" : 0,
        "bw_bytes" : 0,
        "bw" : 0,
        "iops" : 0.000000,
        "runtime" : 0,
        "total_ios" : 0,
        "short_ios" : 0,
        "drop_ios" : 0,
        "slat_ns" : {
          "min" : 0,
          "max" : 0,
          "mean" : 0.000000,
          "stddev" : 0.000000,
          "N" : 0
        },
        "clat_ns" : {
          "min" : 0,
          "max" : 0,
          "mean" : 0.000000,
          "stddev" : 0.000000,
          "N" : 0
        },
        "lat_ns" : {
          "min" : 0,
          "max" : 0,
          "mean" : 0.000000,
          "stddev" : 0.000000,
          "N" : 0
        },
        "bw_min" : 0,
        "bw_max" : 0,
        "bw_agg" : 0.000000,
        "bw_mean" : 0.000000,
        "bw_dev" : 0.000000,
        "bw_samples" : 0,
        "iops_min" : 0,
        "iops_max" : 0,
        "iops_mean" : 0.000000,
        "iops_stddev" : 0.000000,
        "iops_samples" : 0
      },
      "trim" : {
        "io_bytes" : 0,
        "io_kbytes" : 0,
        "bw_bytes" : 0,
        "bw" : 0,
        "iops" : 0.000000,
        "runtime" : 0,
        "total_ios" : 0,
        "short_ios" : 0,
        "drop_ios" : 0,
        "slat_ns" : {
          "min" : 0,
          "max" : 0,
          "mean" : 0.000000,
          "stddev" : 0.000000,
          "N" : 0
        },
        "clat_ns" : {
          "min" : 0,
          "max" : 0,
          "mean" : 0.000000,
          "stddev" : 0.000000,
          "N" : 0
        },
        "lat_ns" : {
          "min" : 0,
          "max" : 0,
          "mean" : 0.000000,
          "stddev" : 0.000000,
          "N" : 0
        },
        "bw_min" : 0,
        "bw_max" : 0,
        "bw_agg" : 0.000000,
        "bw_mean" : 0.000000,
        "bw_dev" : 0.000000,
        "bw_samples" : 0,
        "iops_min" : 0,
        "iops_max" : 0,
        "iops_mean" : 0.000000,
        "iops_stddev" : 0.000000,
        "iops_samples" : 0
      },
      "sync" : {
        "total_ios" : 0,
        "lat_ns" : {
          "min" : 0,
          "max" : 0,
          "mean" : 0.000000,
          "stddev" : 0.000000,
          "N" : 0
        }
      },
      "job_runtime" : 477652,
      "usr_cpu" : 11.709362,
      "sys_cpu" : 85.173725,
      "ctx" : 156184,
      "majf" : 2,
      "minf" : 1,
      "iodepth_level" : {
        "1" : 100.000000,
        "2" : 0.000000,
        "4" : 0.000000,
        "8" : 0.000000,
        "16" : 0.000000,
        "32" : 0.000000,
        ">=64" : 0.000000
      },
      "iodepth_submit" : {
        "0" : 0.000000,
        "4" : 100.000000,
        "8" : 0.000000,
        "16" : 0.000000,
        "32" : 0.000000,
        "64" : 0.000000,
        ">=64" : 0.000000
      },
      "iodepth_complete" : {
        "0" : 0.000000,
        "4" : 100.000000,
        "8" : 0.000000,
        "16" : 0.000000,
        "32" : 0.000000,
        "64" : 0.000000,
        ">=64" : 0.000000
      },
      "latency_ns" : {
        "2" : 0.000000,
        "4" : 0.000000,
        "10" : 0.000000,
        "20" : 0.000000,
        "50" : 0.000000,
        "100" : 0.000000,
        "250" : 0.000000,
        "500" : 0.000000,
        "750" : 26.320082,
        "1000" : 27.619883
      },
      "latency_us" : {
        "2" : 37.022578,
        "4" : 6.469513,
        "10" : 0.880714,
        "20" : 0.111650,
        "50" : 0.012303,
        "100" : 0.285806,
        "250" : 1.230704,
        "500" : 0.044287,
        "750" : 0.010000,
        "1000" : 0.010000
      },
      "latency_ms" : {
        "2" : 0.010000,
        "4" : 0.010000,
        "10" : 0.010000,
        "20" : 0.000000,
        "50" : 0.000000,
        "100" : 0.000000,
        "250" : 0.000000,
        "500" : 0.000000,
        "750" : 0.000000,
        "1000" : 0.000000,
        "2000" : 0.000000,
        ">=2000" : 0.000000
      },
      "latency_depth" : 1,
      "latency_target" : 0,
      "latency_percentile" : 100.000000,
      "latency_window" : 0
    }
  ],
  "disk_util" : [
    {
      "name" : "nullb0",
      "read_ios" : 692,
      "write_ios" : 503,
      "read_merges" : 1563,
      "write_merges" : 1,
      "read_ticks" : 163,
      "write_ticks" : 366,
      "in_queue" : 529,
      "util" : 0.452662
    }
  ]
}
