{
  "fio version" : "fio-3.32-10-g6b6f5-dirty",
  "timestamp" : 1678017924,
  "timestamp_ms" : 1678017924665,
  "time" : "Sun Mar  5 12:05:24 2023",
  "global options" : {
    "name" : "zns-fio",
    "directory" : "/mnt/f2fs",
    "ioengine" : "psync",
    "direct" : "1",
    "iodepth" : "1",
    "size" : "500G",
    "bs" : "4K",
    "ioscheduler" : "mq-deadline",
    "thread" : "1"
  },
  "jobs" : [
    {
      "jobname" : "read-1",
      "groupid" : 0,
      "error" : 0,
      "eta" : 0,
      "elapsed" : 898,
      "job options" : {
        "rw" : "read",
        "percentile_list" : "50:75:90:95:99:99.9:99.99:99.999:100",
        "filename" : "gc.2.0"
      },
      "read" : {
        "io_bytes" : 1073741824000,
        "io_kbytes" : 1048576000,
        "bw_bytes" : 1196052549,
        "bw" : 1168020,
        "iops" : 292005.017054,
        "runtime" : 897738,
        "total_ios" : 262144000,
        "short_ios" : 0,
        "drop_ios" : 0,
        "slat_ns" : {
          "min" : 0,
          "max" : 0,
          "mean" : 0.000000,
          "stddev" : 0.000000,
          "N" : 0
        },
        "clat_ns" : {
          "min" : 554,
          "max" : 12193322,
          "mean" : 6345.616891,
          "stddev" : 42929.024524,
          "N" : 262144000,
          "percentile" : {
            "50.000000" : 1144,
            "75.000000" : 1544,
            "90.000000" : 2576,
            "95.000000" : 3760,
            "99.000000" : 224256,
            "99.900000" : 528384,
            "99.990000" : 790528,
            "99.999000" : 1056768,
            "100.000000" : 12255232
          }
        },
        "lat_ns" : {
          "min" : 595,
          "max" : 12193456,
          "mean" : 6406.890051,
          "stddev" : 42930.747394,
          "N" : 262144000
        },
        "bw_min" : 807776,
        "bw_max" : 2664775,
        "bw_agg" : 100.000000,
        "bw_mean" : 1183899.013866,
        "bw_dev" : 79334.091790,
        "bw_samples" : 3543,
        "iops_min" : 201944,
        "iops_max" : 666193,
        "iops_mean" : 295974.638723,
        "iops_stddev" : 19833.540695,
        "iops_samples" : 3543
      },
      "write" : {
        "io_bytes" : 0,
        "io_kbytes" : 0,
        "bw_bytes" : 0,
        "bw" : 0,
        "iops" : 0.000000,
        "runtime" : 0,
        "total_ios" : 0,
        "short_ios" : 0,
        "drop_ios" : 0,
        "slat_ns" : {
          "min" : 0,
          "max" : 0,
          "mean" : 0.000000,
          "stddev" : 0.000000,
          "N" : 0
        },
        "clat_ns" : {
          "min" : 0,
          "max" : 0,
          "mean" : 0.000000,
          "stddev" : 0.000000,
          "N" : 0
        },
        "lat_ns" : {
          "min" : 0,
          "max" : 0,
          "mean" : 0.000000,
          "stddev" : 0.000000,
          "N" : 0
        },
        "bw_min" : 0,
        "bw_max" : 0,
        "bw_agg" : 0.000000,
        "bw_mean" : 0.000000,
        "bw_dev" : 0.000000,
        "bw_samples" : 0,
        "iops_min" : 0,
        "iops_max" : 0,
        "iops_mean" : 0.000000,
        "iops_stddev" : 0.000000,
        "iops_samples" : 0
      },
      "trim" : {
        "io_bytes" : 0,
        "io_kbytes" : 0,
        "bw_bytes" : 0,
        "bw" : 0,
        "iops" : 0.000000,
        "runtime" : 0,
        "total_ios" : 0,
        "short_ios" : 0,
        "drop_ios" : 0,
        "slat_ns" : {
          "min" : 0,
          "max" : 0,
          "mean" : 0.000000,
          "stddev" : 0.000000,
          "N" : 0
        },
        "clat_ns" : {
          "min" : 0,
          "max" : 0,
          "mean" : 0.000000,
          "stddev" : 0.000000,
          "N" : 0
        },
        "lat_ns" : {
          "min" : 0,
          "max" : 0,
          "mean" : 0.000000,
          "stddev" : 0.000000,
          "N" : 0
        },
        "bw_min" : 0,
        "bw_max" : 0,
        "bw_agg" : 0.000000,
        "bw_mean" : 0.000000,
        "bw_dev" : 0.000000,
        "bw_samples" : 0,
        "iops_min" : 0,
        "iops_max" : 0,
        "iops_mean" : 0.000000,
        "iops_stddev" : 0.000000,
        "iops_samples" : 0
      },
      "sync" : {
        "total_ios" : 0,
        "lat_ns" : {
          "min" : 0,
          "max" : 0,
          "mean" : 0.000000,
          "stddev" : 0.000000,
          "N" : 0
        }
      },
      "job_runtime" : 1778026,
      "usr_cpu" : 8.894021,
      "sys_cpu" : 56.115321,
      "ctx" : 3063792,
      "majf" : 2,
      "minf" : 5,
      "iodepth_level" : {
        "1" : 100.000000,
        "2" : 0.000000,
        "4" : 0.000000,
        "8" : 0.000000,
        "16" : 0.000000,
        "32" : 0.000000,
        ">=64" : 0.000000
      },
      "iodepth_submit" : {
        "0" : 0.000000,
        "4" : 100.000000,
        "8" : 0.000000,
        "16" : 0.000000,
        "32" : 0.000000,
        "64" : 0.000000,
        ">=64" : 0.000000
      },
      "iodepth_complete" : {
        "0" : 0.000000,
        "4" : 100.000000,
        "8" : 0.000000,
        "16" : 0.000000,
        "32" : 0.000000,
        "64" : 0.000000,
        ">=64" : 0.000000
      },
      "latency_ns" : {
        "2" : 0.000000,
        "4" : 0.000000,
        "10" : 0.000000,
        "20" : 0.000000,
        "50" : 0.000000,
        "100" : 0.000000,
        "250" : 0.000000,
        "500" : 0.000000,
        "750" : 3.226424,
        "1000" : 30.077377
      },
      "latency_us" : {
        "2" : 50.512431,
        "4" : 11.682762,
        "10" : 2.626699,
        "20" : 0.274559,
        "50" : 0.035386,
        "100" : 0.010000,
        "250" : 0.653632,
        "500" : 0.770225,
        "750" : 0.121395,
        "1000" : 0.013793
      },
      "latency_ms" : {
        "2" : 0.010000,
        "4" : 0.010000,
        "10" : 0.010000,
        "20" : 0.010000,
        "50" : 0.000000,
        "100" : 0.000000,
        "250" : 0.000000,
        "500" : 0.000000,
        "750" : 0.000000,
        "1000" : 0.000000,
        "2000" : 0.000000,
        ">=2000" : 0.000000
      },
      "latency_depth" : 1,
      "latency_target" : 0,
      "latency_percentile" : 100.000000,
      "latency_window" : 0
    }
  ],
  "disk_util" : [
    {
      "name" : "nullb0",
      "read_ios" : 568,
      "write_ios" : 0,
      "read_merges" : 0,
      "write_merges" : 0,
      "read_ticks" : 81,
      "write_ticks" : 0,
      "in_queue" : 81,
      "util" : 0.263608
    }
  ]
}
