{
  "fio version" : "fio-3.32-10-g6b6f5-dirty",
  "timestamp" : 1678018908,
  "timestamp_ms" : 1678018908174,
  "time" : "Sun Mar  5 12:21:48 2023",
  "global options" : {
    "name" : "zns-fio",
    "directory" : "/mnt/f2fs",
    "ioengine" : "psync",
    "direct" : "1",
    "iodepth" : "1",
    "size" : "500G",
    "bs" : "4K",
    "ioscheduler" : "mq-deadline",
    "thread" : "1"
  },
  "jobs" : [
    {
      "jobname" : "read-1",
      "groupid" : 0,
      "error" : 0,
      "eta" : 0,
      "elapsed" : 984,
      "job options" : {
        "rw" : "read",
        "percentile_list" : "50:75:90:95:99:99.9:99.99:99.999:100",
        "filename" : "gc.4.0"
      },
      "read" : {
        "io_bytes" : 1610612736000,
        "io_kbytes" : 1572864000,
        "bw_bytes" : 1638030083,
        "bw" : 1599638,
        "iops" : 399909.688364,
        "runtime" : 983262,
        "total_ios" : 393216000,
        "short_ios" : 0,
        "drop_ios" : 0,
        "slat_ns" : {
          "min" : 0,
          "max" : 0,
          "mean" : 0.000000,
          "stddev" : 0.000000,
          "N" : 0
        },
        "clat_ns" : {
          "min" : 565,
          "max" : 8700456,
          "mean" : 7064.671569,
          "stddev" : 48263.139490,
          "N" : 393216000,
          "percentile" : {
            "50.000000" : 1256,
            "75.000000" : 1624,
            "90.000000" : 2672,
            "95.000000" : 4384,
            "99.000000" : 252928,
            "99.900000" : 618496,
            "99.990000" : 897024,
            "99.999000" : 1155072,
            "100.000000" : 8716288
          }
        },
        "lat_ns" : {
          "min" : 605,
          "max" : 8700504,
          "mean" : 7126.206463,
          "stddev" : 48265.659844,
          "N" : 393216000
        },
        "bw_min" : 686000,
        "bw_max" : 2924232,
        "bw_agg" : 100.000000,
        "bw_mean" : 1605264.589042,
        "bw_dev" : 27971.363673,
        "bw_samples" : 5880,
        "iops_min" : 171500,
        "iops_max" : 731060,
        "iops_mean" : 401315.922033,
        "iops_stddev" : 6992.850338,
        "iops_samples" : 5880
      },
      "write" : {
        "io_bytes" : 0,
        "io_kbytes" : 0,
        "bw_bytes" : 0,
        "bw" : 0,
        "iops" : 0.000000,
        "runtime" : 0,
        "total_ios" : 0,
        "short_ios" : 0,
        "drop_ios" : 0,
        "slat_ns" : {
          "min" : 0,
          "max" : 0,
          "mean" : 0.000000,
          "stddev" : 0.000000,
          "N" : 0
        },
        "clat_ns" : {
          "min" : 0,
          "max" : 0,
          "mean" : 0.000000,
          "stddev" : 0.000000,
          "N" : 0
        },
        "lat_ns" : {
          "min" : 0,
          "max" : 0,
          "mean" : 0.000000,
          "stddev" : 0.000000,
          "N" : 0
        },
        "bw_min" : 0,
        "bw_max" : 0,
        "bw_agg" : 0.000000,
        "bw_mean" : 0.000000,
        "bw_dev" : 0.000000,
        "bw_samples" : 0,
        "iops_min" : 0,
        "iops_max" : 0,
        "iops_mean" : 0.000000,
        "iops_stddev" : 0.000000,
        "iops_samples" : 0
      },
      "trim" : {
        "io_bytes" : 0,
        "io_kbytes" : 0,
        "bw_bytes" : 0,
        "bw" : 0,
        "iops" : 0.000000,
        "runtime" : 0,
        "total_ios" : 0,
        "short_ios" : 0,
        "drop_ios" : 0,
        "slat_ns" : {
          "min" : 0,
          "max" : 0,
          "mean" : 0.000000,
          "stddev" : 0.000000,
          "N" : 0
        },
        "clat_ns" : {
          "min" : 0,
          "max" : 0,
          "mean" : 0.000000,
          "stddev" : 0.000000,
          "N" : 0
        },
        "lat_ns" : {
          "min" : 0,
          "max" : 0,
          "mean" : 0.000000,
          "stddev" : 0.000000,
          "N" : 0
        },
        "bw_min" : 0,
        "bw_max" : 0,
        "bw_agg" : 0.000000,
        "bw_mean" : 0.000000,
        "bw_dev" : 0.000000,
        "bw_samples" : 0,
        "iops_min" : 0,
        "iops_max" : 0,
        "iops_mean" : 0.000000,
        "iops_stddev" : 0.000000,
        "iops_samples" : 0
      },
      "sync" : {
        "total_ios" : 0,
        "lat_ns" : {
          "min" : 0,
          "max" : 0,
          "mean" : 0.000000,
          "stddev" : 0.000000,
          "N" : 0
        }
      },
      "job_runtime" : 2946417,
      "usr_cpu" : 8.174539,
      "sys_cpu" : 54.028164,
      "ctx" : 4857842,
      "majf" : 1,
      "minf" : 5,
      "iodepth_level" : {
        "1" : 100.000000,
        "2" : 0.000000,
        "4" : 0.000000,
        "8" : 0.000000,
        "16" : 0.000000,
        "32" : 0.000000,
        ">=64" : 0.000000
      },
      "iodepth_submit" : {
        "0" : 0.000000,
        "4" : 100.000000,
        "8" : 0.000000,
        "16" : 0.000000,
        "32" : 0.000000,
        "64" : 0.000000,
        ">=64" : 0.000000
      },
      "iodepth_complete" : {
        "0" : 0.000000,
        "4" : 100.000000,
        "8" : 0.000000,
        "16" : 0.000000,
        "32" : 0.000000,
        "64" : 0.000000,
        ">=64" : 0.000000
      },
      "latency_ns" : {
        "2" : 0.000000,
        "4" : 0.000000,
        "10" : 0.000000,
        "20" : 0.000000,
        "50" : 0.000000,
        "100" : 0.000000,
        "250" : 0.000000,
        "500" : 0.000000,
        "750" : 0.255496,
        "1000" : 19.596852
      },
      "latency_us" : {
        "2" : 63.816317,
        "4" : 10.534328,
        "10" : 3.785206,
        "20" : 0.415177,
        "50" : 0.032478,
        "100" : 0.010000,
        "250" : 0.553831,
        "500" : 0.746232,
        "750" : 0.223683,
        "1000" : 0.035692
      },
      "latency_ms" : {
        "2" : 0.010000,
        "4" : 0.010000,
        "10" : 0.010000,
        "20" : 0.000000,
        "50" : 0.000000,
        "100" : 0.000000,
        "250" : 0.000000,
        "500" : 0.000000,
        "750" : 0.000000,
        "1000" : 0.000000,
        "2000" : 0.000000,
        ">=2000" : 0.000000
      },
      "latency_depth" : 1,
      "latency_target" : 0,
      "latency_percentile" : 100.000000,
      "latency_window" : 0
    }
  ],
  "disk_util" : [
    {
      "name" : "nullb0",
      "read_ios" : 853,
      "write_ios" : 0,
      "read_merges" : 0,
      "write_merges" : 0,
      "read_ticks" : 108,
      "write_ticks" : 0,
      "in_queue" : 109,
      "util" : 0.356776
    }
  ]
}
