{
  "fio version" : "fio-3.32-10-g6b6f5-dirty",
  "timestamp" : 1676758061,
  "timestamp_ms" : 1676758061564,
  "time" : "Sat Feb 18 22:07:41 2023",
  "global options" : {
    "name" : "zns-fio",
    "directory" : "/mnt/f2fs",
    "size" : "3G",
    "bs" : "4K",
    "ioscheduler" : "mq-deadline",
    "thread" : "1"
  },
  "jobs" : [
    {
      "jobname" : "fill-prep",
      "groupid" : 0,
      "error" : 0,
      "eta" : 0,
      "elapsed" : 203,
      "job options" : {
        "ioengine" : "libaio",
        "iodepth" : "32",
        "numjobs" : "10",
        "nrfiles" : "5",
        "fsync" : "8",
        "write_hint" : "short",
        "rw" : "write",
        "filename_format" : "read-lat.$jobnum.$filenum"
      },
      "read" : {
        "io_bytes" : 0,
        "io_kbytes" : 0,
        "bw_bytes" : 0,
        "bw" : 0,
        "iops" : 0.000000,
        "runtime" : 0,
        "total_ios" : 0,
        "short_ios" : 0,
        "drop_ios" : 0,
        "slat_ns" : {
          "min" : 0,
          "max" : 0,
          "mean" : 0.000000,
          "stddev" : 0.000000,
          "N" : 0
        },
        "clat_ns" : {
          "min" : 0,
          "max" : 0,
          "mean" : 0.000000,
          "stddev" : 0.000000,
          "N" : 0
        },
        "lat_ns" : {
          "min" : 0,
          "max" : 0,
          "mean" : 0.000000,
          "stddev" : 0.000000,
          "N" : 0
        },
        "bw_min" : 0,
        "bw_max" : 0,
        "bw_agg" : 0.000000,
        "bw_mean" : 0.000000,
        "bw_dev" : 0.000000,
        "bw_samples" : 0,
        "iops_min" : 0,
        "iops_max" : 0,
        "iops_mean" : 0.000000,
        "iops_stddev" : 0.000000,
        "iops_samples" : 0
      },
      "write" : {
        "io_bytes" : 32212172800,
        "io_kbytes" : 31457200,
        "bw_bytes" : 392946384,
        "bw" : 383736,
        "iops" : 95934.175856,
        "runtime" : 81976,
        "total_ios" : 7864300,
        "short_ios" : 0,
        "drop_ios" : 0,
        "slat_ns" : {
          "min" : 2886,
          "max" : 14381808,
          "mean" : 12654.573604,
          "stddev" : 42931.099050,
          "N" : 7864300
        },
        "clat_ns" : {
          "min" : 1965,
          "max" : 135773076,
          "mean" : 3204771.172432,
          "stddev" : 2183568.025095,
          "N" : 7864300,
          "percentile" : {
            "1.000000" : 1253376,
            "5.000000" : 1679360,
            "10.000000" : 1925120,
            "20.000000" : 2244608,
            "30.000000" : 2506752,
            "40.000000" : 2736128,
            "50.000000" : 2965504,
            "60.000000" : 3227648,
            "70.000000" : 3522560,
            "80.000000" : 3948544,
            "90.000000" : 4685824,
            "95.000000" : 5341184,
            "99.000000" : 6979584,
            "99.500000" : 7634944,
            "99.900000" : 10420224,
            "99.950000" : 25821184,
            "99.990000" : 116916224
          }
        },
        "lat_ns" : {
          "min" : 5322,
          "max" : 135785133,
          "mean" : 3217425.746036,
          "stddev" : 2184727.558928,
          "N" : 7864300
        },
        "bw_min" : 250243,
        "bw_max" : 657375,
        "bw_agg" : 100.000000,
        "bw_mean" : 386154.040698,
        "bw_dev" : 5016.261321,
        "bw_samples" : 1620,
        "iops_min" : 62559,
        "iops_max" : 164343,
        "iops_mean" : 96536.397934,
        "iops_stddev" : 1254.060157,
        "iops_samples" : 1620
      },
      "trim" : {
        "io_bytes" : 0,
        "io_kbytes" : 0,
        "bw_bytes" : 0,
        "bw" : 0,
        "iops" : 0.000000,
        "runtime" : 0,
        "total_ios" : 0,
        "short_ios" : 0,
        "drop_ios" : 0,
        "slat_ns" : {
          "min" : 0,
          "max" : 0,
          "mean" : 0.000000,
          "stddev" : 0.000000,
          "N" : 0
        },
        "clat_ns" : {
          "min" : 0,
          "max" : 0,
          "mean" : 0.000000,
          "stddev" : 0.000000,
          "N" : 0
        },
        "lat_ns" : {
          "min" : 0,
          "max" : 0,
          "mean" : 0.000000,
          "stddev" : 0.000000,
          "N" : 0
        },
        "bw_min" : 0,
        "bw_max" : 0,
        "bw_agg" : 0.000000,
        "bw_mean" : 0.000000,
        "bw_dev" : 0.000000,
        "bw_samples" : 0,
        "iops_min" : 0,
        "iops_max" : 0,
        "iops_mean" : 0.000000,
        "iops_stddev" : 0.000000,
        "iops_samples" : 0
      },
      "sync" : {
        "total_ios" : 983010,
        "lat_ns" : {
          "min" : 563582,
          "max" : 11187422749262,
          "mean" : 117091002.305823,
          "stddev" : 35681657456.197960,
          "N" : 983010,
          "percentile" : {
            "1.000000" : 1318912,
            "5.000000" : 1777664,
            "10.000000" : 2023424,
            "20.000000" : 2342912,
            "30.000000" : 2572288,
            "40.000000" : 2801664,
            "50.000000" : 3031040,
            "60.000000" : 3293184,
            "70.000000" : 3620864,
            "80.000000" : 4046848,
            "90.000000" : 4751360,
            "95.000000" : 5406720,
            "99.000000" : 7045120,
            "99.500000" : 7700480,
            "99.900000" : 10682368,
            "99.950000" : 34865152,
            "99.990000" : 116916224
          }
        }
      },
      "job_runtime" : 812754,
      "usr_cpu" : 3.380728,
      "sys_cpu" : 56.413380,
      "ctx" : 4274772,
      "majf" : 0,
      "minf" : 10,
      "iodepth_level" : {
        "1" : 0.100000,
        "2" : 0.100000,
        "4" : 0.100000,
        "8" : 0.100000,
        "16" : 0.100000,
        "32" : 112.495581,
        ">=64" : 0.000000
      },
      "iodepth_submit" : {
        "0" : 0.000000,
        "4" : 100.000000,
        "8" : 0.000000,
        "16" : 0.000000,
        "32" : 0.000000,
        "64" : 0.000000,
        ">=64" : 0.000000
      },
      "iodepth_complete" : {
        "0" : 0.000000,
        "4" : 99.999873,
        "8" : 0.000000,
        "16" : 0.000000,
        "32" : 0.100000,
        "64" : 0.000000,
        ">=64" : 0.000000
      },
      "latency_ns" : {
        "2" : 0.000000,
        "4" : 0.000000,
        "10" : 0.000000,
        "20" : 0.000000,
        "50" : 0.000000,
        "100" : 0.000000,
        "250" : 0.000000,
        "500" : 0.000000,
        "750" : 0.000000,
        "1000" : 0.000000
      },
      "latency_us" : {
        "2" : 0.010000,
        "4" : 0.010000,
        "10" : 0.010000,
        "20" : 0.010000,
        "50" : 0.010000,
        "100" : 0.010000,
        "250" : 0.010000,
        "500" : 0.010000,
        "750" : 0.120532,
        "1000" : 0.167860
      },
      "latency_ms" : {
        "2" : 11.640909,
        "4" : 68.833679,
        "10" : 19.121346,
        "20" : 0.055631,
        "50" : 0.024503,
        "100" : 0.011749,
        "250" : 0.020701,
        "500" : 0.000000,
        "750" : 0.000000,
        "1000" : 0.000000,
        "2000" : 0.000000,
        ">=2000" : 0.000000
      },
      "latency_depth" : 32,
      "latency_target" : 0,
      "latency_percentile" : 100.000000,
      "latency_window" : 0
    },
    {
      "jobname" : "seq-read-bench",
      "groupid" : 1,
      "error" : 0,
      "eta" : 0,
      "elapsed" : 203,
      "job options" : {
        "ioengine" : "libaio",
        "iodepth" : "32",
        "direct" : "1",
        "runtime" : "1m",
        "rw" : "read",
        "percentile_list" : "50:75:90:95:99:99.9:99.99:99.999:100",
        "filename_format" : "read-lat.1.0"
      },
      "read" : {
        "io_bytes" : 141397516288,
        "io_kbytes" : 138083512,
        "bw_bytes" : 2356585995,
        "bw" : 2301353,
        "iops" : 575338.377694,
        "runtime" : 60001,
        "total_ios" : 34520878,
        "short_ios" : 0,
        "drop_ios" : 0,
        "slat_ns" : {
          "min" : 820,
          "max" : 1103315,