{
  "fio version" : "fio-3.32-10-g6b6f5-dirty",
  "timestamp" : 1676758250,
  "timestamp_ms" : 1676758250195,
  "time" : "Sat Feb 18 22:10:50 2023",
  "global options" : {
    "name" : "zns-fio",
    "directory" : "/mnt/f2fs",
    "size" : "2G",
    "bs" : "4K",
    "ioscheduler" : "mq-deadline",
    "thread" : "1"
  },
  "jobs" : [
    {
      "jobname" : "fill-prep",
      "groupid" : 0,
      "error" : 0,
      "eta" : 0,
      "elapsed" : 175,
      "job options" : {
        "ioengine" : "libaio",
        "iodepth" : "32",
        "numjobs" : "10",
        "nrfiles" : "10",
        "fsync" : "8",
        "write_hint" : "short",
        "rw" : "write",
        "filename_format" : "read-lat.$jobnum.$filenum"
      },
      "read" : {
        "io_bytes" : 0,
        "io_kbytes" : 0,
        "bw_bytes" : 0,
        "bw" : 0,
        "iops" : 0.000000,
        "runtime" : 0,
        "total_ios" : 0,
        "short_ios" : 0,
        "drop_ios" : 0,
        "slat_ns" : {
          "min" : 0,
          "max" : 0,
          "mean" : 0.000000,
          "stddev" : 0.000000,
          "N" : 0
        },
        "clat_ns" : {
          "min" : 0,
          "max" : 0,
          "mean" : 0.000000,
          "stddev" : 0.000000,
          "N" : 0
        },
        "lat_ns" : {
          "min" : 0,
          "max" : 0,
          "mean" : 0.000000,
          "stddev" : 0.000000,
          "N" : 0
        },
        "bw_min" : 0,
        "bw_max" : 0,
        "bw_agg" : 0.000000,
        "bw_mean" : 0.000000,
        "bw_dev" : 0.000000,
        "bw_samples" : 0,
        "iops_min" : 0,
        "iops_max" : 0,
        "iops_mean" : 0.000000,
        "iops_stddev" : 0.000000,
        "iops_samples" : 0
      },
      "write" : {
        "io_bytes" : 21474508800,
        "io_kbytes" : 20971200,
        "bw_bytes" : 397830800,
        "bw" : 388506,
        "iops" : 97126.660368,
        "runtime" : 53979,
        "total_ios" : 5242800,
        "short_ios" : 0,
        "drop_ios" : 0,
        "slat_ns" : {
          "min" : 2701,
          "max" : 7091650,
          "mean" : 11859.647242,
          "stddev" : 45362.260950,
          "N" : 5242800
        },
        "clat_ns" : {
          "min" : 109772,
          "max" : 231648446,
          "mean" : 3157846.371839,
          "stddev" : 2617366.058738,
          "N" : 5242800,
          "percentile" : {
            "1.000000" : 1220608,
            "5.000000" : 1679360,
            "10.000000" : 1908736,
            "20.000000" : 2179072,
            "30.000000" : 2441216,
            "40.000000" : 2637824,
            "50.000000" : 2867200,
            "60.000000" : 3129344,
            "70.000000" : 3457024,
            "80.000000" : 3883008,
            "90.000000" : 4554752,
            "95.000000" : 5341184,
            "99.000000" : 7045120,
            "99.500000" : 7831552,
            "99.900000" : 11206656,
            "99.950000" : 56885248,
            "99.990000" : 114819072
          }
        },
        "lat_ns" : {
          "min" : 114940,
          "max" : 231657134,
          "mean" : 3169706.019080,
          "stddev" : 2618376.205697,
          "N" : 5242800
        },
        "bw_min" : 189879,
        "bw_max" : 570182,
        "bw_agg" : 100.000000,
        "bw_mean" : 391259.326876,
        "bw_dev" : 6066.456445,
        "bw_samples" : 1060,
        "iops_min" : 47465,
        "iops_max" : 142543,
        "iops_mean" : 97812.480158,
        "iops_stddev" : 1516.622359,
        "iops_samples" : 1060
      },
      "trim" : {
        "io_bytes" : 0,
        "io_kbytes" : 0,
        "bw_bytes" : 0,
        "bw" : 0,
        "iops" : 0.000000,
        "runtime" : 0,
        "total_ios" : 0,
        "short_ios" : 0,
        "drop_ios" : 0,
        "slat_ns" : {
          "min" : 0,
          "max" : 0,
          "mean" : 0.000000,
          "stddev" : 0.000000,
          "N" : 0
        },
        "clat_ns" : {
          "min" : 0,
          "max" : 0,
          "mean" : 0.000000,
          "stddev" : 0.000000,
          "N" : 0
        },
        "lat_ns" : {
          "min" : 0,
          "max" : 0,
          "mean" : 0.000000,
          "stddev" : 0.000000,
          "N" : 0
        },
        "bw_min" : 0,
        "bw_max" : 0,
        "bw_agg" : 0.000000,
        "bw_mean" : 0.000000,
        "bw_dev" : 0.000000,
        "bw_samples" : 0,
        "iops_min" : 0,
        "iops_max" : 0,
        "iops_mean" : 0.000000,
        "iops_stddev" : 0.000000,
        "iops_samples" : 0
      },
      "sync" : {
        "total_ios" : 655330,
        "lat_ns" : {
          "min" : 618033,
          "max" : 11403911882468,
          "mean" : 177255224.936348,
          "stddev" : 44547080555.212769,
          "N" : 655330,
          "percentile" : {
            "1.000000" : 1302528,
            "5.000000" : 1777664,
            "10.000000" : 1990656,
            "20.000000" : 2277376,
            "30.000000" : 2506752,
            "40.000000" : 2736128,
            "50.000000" : 2965504,
            "60.000000" : 3194880,
            "70.000000" : 3522560,
            "80.000000" : 3948544,
            "90.000000" : 4685824,
            "95.000000" : 5406720,
            "99.000000" : 7110656,
            "99.500000" : 7962624,
            "99.900000" : 11862016,
            "99.950000" : 61079552,
            "99.990000" : 115867648
          }
        }
      },
      "job_runtime" : 534155,
      "usr_cpu" : 2.854228,
      "sys_cpu" : 60.633337,
      "ctx" : 2802058,
      "majf" : 0,
      "minf" : 10,
      "iodepth_level" : {
        "1" : 0.100000,
        "2" : 0.100000,
        "4" : 0.100000,
        "8" : 0.100000,
        "16" : 0.100000,
        "32" : 112.493515,
        ">=64" : 0.000000
      },
      "iodepth_submit" : {
        "0" : 0.000000,
        "4" : 100.000000,
        "8" : 0.000000,
        "16" : 0.000000,
        "32" : 0.000000,
        "64" : 0.000000,
        ">=64" : 0.000000
      },
      "iodepth_complete" : {
        "0" : 0.000000,
        "4" : 99.999809,
        "8" : 0.000000,
        "16" : 0.000000,
        "32" : 0.100000,
        "64" : 0.000000,
        ">=64" : 0.000000
      },
      "latency_ns" : {
        "2" : 0.000000,
        "4" : 0.000000,
        "10" : 0.000000,
        "20" : 0.000000,
        "50" : 0.000000,
        "100" : 0.000000,
        "250" : 0.000000,
        "500" : 0.000000,
        "750" : 0.000000,
        "1000" : 0.000000
      },
      "latency_us" : {
        "2" : 0.000000,
        "4" : 0.000000,
        "10" : 0.000000,
        "20" : 0.000000,
        "50" : 0.000000,
        "100" : 0.000000,
        "250" : 0.010000,
        "500" : 0.010000,
        "750" : 0.159323,
        "1000" : 0.287251
      },
      "latency_ms" : {
        "2" : 12.498474,
        "4" : 69.457351,
        "10" : 17.468395,
        "20" : 0.051690,
        "50" : 0.018635,
        "100" : 0.036717,
        "250" : 0.020714,
        "500" : 0.000000,
        "750" : 0.000000,
        "1000" : 0.000000,
        "2000" : 0.000000,
        ">=2000" : 0.000000
      },
      "latency_depth" : 32,
      "latency_target" : 0,
      "latency_percentile" : 100.000000,
      "latency_window" : 0
    },
    {
      "jobname" : "seq-read-bench",
      "groupid" : 1,
      "error" : 0,
      "eta" : 0,
      "elapsed" : 175,
      "job options" : {
        "ioengine" : "libaio",
        "iodepth" : "32",
        "direct" : "1",
        "runtime" : "1m",
        "rw" : "read",
        "percentile_list" : "50:75:90:95:99:99.9:99.99:99.999:100",
        "filename_format" : "read-lat.1.0"
      },
      "read" : {
        "io_bytes" : 122273484800,
        "io_kbytes" : 119407700,
        "bw_bytes" : 2037857449,
        "bw" : 1990095,
        "iops" : 497523.791270,
        "runtime" : 60001,
        "total_ios" : 29851925,
        "short_ios" : 0,
        "drop_ios" : 0,
        "slat_ns" : {
          "min" : 851,
          "max" : 5157115,