{
  "fio version" : "fio-3.32-10-g6b6f5-dirty",
  "timestamp" : 1676756321,
  "timestamp_ms" : 1676756321331,
  "time" : "Sat Feb 18 21:38:41 2023",
  "global options" : {
    "name" : "zns-fio",
    "directory" : "/mnt/f2fs",
    "size" : "10G",
    "bs" : "4K",
    "ioscheduler" : "mq-deadline",
    "thread" : "1"
  },
  "jobs" : [
    {
      "jobname" : "fill-prep",
      "groupid" : 0,
      "error" : 0,
      "eta" : 0,
      "elapsed" : 224,
      "job options" : {
        "ioengine" : "libaio",
        "iodepth" : "32",
        "numjobs" : "5",
        "fsync" : "8",
        "write_hint" : "short",
        "rw" : "write",
        "filename_format" : "read-lat.$jobnum.$filenum"
      },
      "read" : {
        "io_bytes" : 0,
        "io_kbytes" : 0,
        "bw_bytes" : 0,
        "bw" : 0,
        "iops" : 0.000000,
        "runtime" : 0,
        "total_ios" : 0,
        "short_ios" : 0,
        "drop_ios" : 0,
        "slat_ns" : {
          "min" : 0,
          "max" : 0,
          "mean" : 0.000000,
          "stddev" : 0.000000,
          "N" : 0
        },
        "clat_ns" : {
          "min" : 0,
          "max" : 0,
          "mean" : 0.000000,
          "stddev" : 0.000000,
          "N" : 0
        },
        "lat_ns" : {
          "min" : 0,
          "max" : 0,
          "mean" : 0.000000,
          "stddev" : 0.000000,
          "N" : 0
        },
        "bw_min" : 0,
        "bw_max" : 0,
        "bw_agg" : 0.000000,
        "bw_mean" : 0.000000,
        "bw_dev" : 0.000000,
        "bw_samples" : 0,
        "iops_min" : 0,
        "iops_max" : 0,
        "iops_mean" : 0.000000,
        "iops_stddev" : 0.000000,
        "iops_samples" : 0
      },
      "write" : {
        "io_bytes" : 53687091200,
        "io_kbytes" : 52428800,
        "bw_bytes" : 521173175,
        "bw" : 508958,
        "iops" : 127239.544907,
        "runtime" : 103012,
        "total_ios" : 13107200,
        "short_ios" : 0,
        "drop_ios" : 0,
        "slat_ns" : {
          "min" : 2182,
          "max" : 7800820,
          "mean" : 7675.276611,
          "stddev" : 23417.862966,
          "N" : 13107200
        },
        "clat_ns" : {
          "min" : 1567,
          "max" : 585288497,
          "mean" : 1202682.038732,
          "stddev" : 2118148.815401,
          "N" : 13107200,
          "percentile" : {
            "1.000000" : 659456,
            "5.000000" : 765952,
            "10.000000" : 823296,
            "20.000000" : 897024,
            "30.000000" : 954368,
            "40.000000" : 1011712,
            "50.000000" : 1073152,
            "60.000000" : 1171456,
            "70.000000" : 1286144,
            "80.000000" : 1433600,
            "90.000000" : 1646592,
            "95.000000" : 1925120,
            "99.000000" : 2768896,
            "99.500000" : 3194880,
            "99.900000" : 4423680,
            "99.950000" : 5210112,
            "99.990000" : 46923776
          }
        },
        "lat_ns" : {
          "min" : 5806,
          "max" : 585313223,
          "mean" : 1210357.315344,
          "stddev" : 2118618.507899,
          "N" : 13107200
        },
        "bw_min" : 29031,
        "bw_max" : 875644,
        "bw_agg" : 100.000000,
        "bw_mean" : 516327.997307,
        "bw_dev" : 18355.440476,
        "bw_samples" : 1011,
        "iops_min" : 7256,
        "iops_max" : 218910,
        "iops_mean" : 129081.044275,
        "iops_stddev" : 4588.875996,
        "iops_samples" : 1011
      },
      "trim" : {
        "io_bytes" : 0,
        "io_kbytes" : 0,
        "bw_bytes" : 0,
        "bw" : 0,
        "iops" : 0.000000,
        "runtime" : 0,
        "total_ios" : 0,
        "short_ios" : 0,
        "drop_ios" : 0,
        "slat_ns" : {
          "min" : 0,
          "max" : 0,
          "mean" : 0.000000,
          "stddev" : 0.000000,
          "N" : 0
        },
        "clat_ns" : {
          "min" : 0,
          "max" : 0,
          "mean" : 0.000000,
          "stddev" : 0.000000,
          "N" : 0
        },
        "lat_ns" : {
          "min" : 0,
          "max" : 0,
          "mean" : 0.000000,
          "stddev" : 0.000000,
          "N" : 0
        },
        "bw_min" : 0,
        "bw_max" : 0,
        "bw_agg" : 0.000000,
        "bw_mean" : 0.000000,
        "bw_dev" : 0.000000,
        "bw_samples" : 0,
        "iops_min" : 0,
        "iops_max" : 0,
        "iops_mean" : 0.000000,
        "iops_stddev" : 0.000000,
        "iops_samples" : 0
      },
      "sync" : {
        "total_ios" : 1638385,
        "lat_ns" : {
          "min" : 436688,
          "max" : 9426094266204,
          "mean" : 29994865.470821,
          "stddev" : 16466747787.228024,
          "N" : 1638385,
          "percentile" : {
            "1.000000" : 733184,
            "5.000000" : 815104,
            "10.000000" : 864256,
            "20.000000" : 921600,
            "30.000000" : 970752,
            "40.000000" : 1028096,
            "50.000000" : 1089536,
            "60.000000" : 1187840,
            "70.000000" : 1318912,
            "80.000000" : 1449984,
            "90.000000" : 1662976,
            "95.000000" : 1957888,
            "99.000000" : 2801664,
            "99.500000" : 3227648,
            "99.900000" : 4423680,
            "99.950000" : 5275648,
            "99.990000" : 52690944
          }
        }
      },
      "job_runtime" : 508429,
      "usr_cpu" : 4.859676,
      "sys_cpu" : 60.093936,
      "ctx" : 7151963,
      "majf" : 0,
      "minf" : 5,
      "iodepth_level" : {
        "1" : 0.100000,
        "2" : 0.100000,
        "4" : 0.100000,
        "8" : 0.100000,
        "16" : 0.100000,
        "32" : 112.498665,
        ">=64" : 0.000000
      },
      "iodepth_submit" : {
        "0" : 0.000000,
        "4" : 100.000000,
        "8" : 0.000000,
        "16" : 0.000000,
        "32" : 0.000000,
        "64" : 0.000000,
        ">=64" : 0.000000
      },
      "iodepth_complete" : {
        "0" : 0.000000,
        "4" : 99.999962,
        "8" : 0.000000,
        "16" : 0.000000,
        "32" : 0.100000,
        "64" : 0.000000,
        ">=64" : 0.000000
      },
      "latency_ns" : {
        "2" : 0.000000,
        "4" : 0.000000,
        "10" : 0.000000,
        "20" : 0.000000,
        "50" : 0.000000,
        "100" : 0.000000,
        "250" : 0.000000,
        "500" : 0.000000,
        "750" : 0.000000,
        "1000" : 0.000000
      },
      "latency_us" : {
        "2" : 0.010000,
        "4" : 0.010000,
        "10" : 0.010000,
        "20" : 0.010000,
        "50" : 0.010000,
        "100" : 0.010000,
        "250" : 0.010000,
        "500" : 0.245102,
        "750" : 3.756187,
        "1000" : 34.714249
      },
      "latency_ms" : {
        "2" : 57.003281,
        "4" : 4.118027,
        "10" : 0.138618,
        "20" : 0.011673,
        "50" : 0.010000,
        "100" : 0.010000,
        "250" : 0.000000,
        "500" : 0.000000,
        "750" : 0.010000,
        "1000" : 0.000000,
        "2000" : 0.000000,
        ">=2000" : 0.000000
      },
      "latency_depth" : 32,
      "latency_target" : 0,
      "latency_percentile" : 100.000000,
      "latency_window" : 0
    },
    {
      "jobname" : "seq-read-bench",
      "groupid" : 1,
      "error" : 0,
      "eta" : 0,
      "elapsed" : 224,
      "job options" : {
        "ioengine" : "libaio",
        "iodepth" : "32",
        "direct" : "1",
        "runtime" : "1m",
        "rw" : "read",
        "percentile_list" : "50:75:90:95:99:99.9:99.99:99.999:100",
        "filename_format" : "read-lat.1.0"
      },
      "read" : {
        "io_bytes" : 141963231232,
        "io_kbytes" : 138635968,
        "bw_bytes" : 2366014420,
        "bw" : 2310560,
        "iops" : 577640.239329,
        "runtime" : 60001,
        "total_ios" : 34658992,
        "short_ios" : 0,
        "drop_ios" : 0,
        "slat_ns" : {
          "min" : 842,
          "max" : 1220926,
          "mean" : 1169.117420,