{
  "fio version" : "fio-3.32-10-g6b6f5-dirty",
  "timestamp" : 1676755496,
  "timestamp_ms" : 1676755496110,
  "time" : "Sat Feb 18 21:24:56 2023",
  "global options" : {
    "name" : "zns-fio",
    "directory" : "/mnt/f2fs",
    "size" : "10G",
    "bs" : "4K",
    "ioscheduler" : "mq-deadline",
    "thread" : "1"
  },
  "jobs" : [
    {
      "jobname" : "fill-prep",
      "groupid" : 0,
      "error" : 0,
      "eta" : 0,
      "elapsed" : 163,
      "job options" : {
        "ioengine" : "libaio",
        "iodepth" : "32",
        "numjobs" : "1",
        "fsync" : "8",
        "write_hint" : "short",
        "rw" : "write",
        "filename_format" : "read-lat.$jobnum.$filenum"
      },
      "read" : {
        "io_bytes" : 0,
        "io_kbytes" : 0,
        "bw_bytes" : 0,
        "bw" : 0,
        "iops" : 0.000000,
        "runtime" : 0,
        "total_ios" : 0,
        "short_ios" : 0,
        "drop_ios" : 0,
        "slat_ns" : {
          "min" : 0,
          "max" : 0,
          "mean" : 0.000000,
          "stddev" : 0.000000,
          "N" : 0
        },
        "clat_ns" : {
          "min" : 0,
          "max" : 0,
          "mean" : 0.000000,
          "stddev" : 0.000000,
          "N" : 0
        },
        "lat_ns" : {
          "min" : 0,
          "max" : 0,
          "mean" : 0.000000,
          "stddev" : 0.000000,
          "N" : 0
        },
        "bw_min" : 0,
        "bw_max" : 0,
        "bw_agg" : 0.000000,
        "bw_mean" : 0.000000,
        "bw_dev" : 0.000000,
        "bw_samples" : 0,
        "iops_min" : 0,
        "iops_max" : 0,
        "iops_mean" : 0.000000,
        "iops_stddev" : 0.000000,
        "iops_samples" : 0
      },
      "write" : {
        "io_bytes" : 10737418240,
        "io_kbytes" : 10485760,
        "bw_bytes" : 258645715,
        "bw" : 252583,
        "iops" : 63145.926675,
        "runtime" : 41514,
        "total_ios" : 2621440,
        "short_ios" : 0,
        "drop_ios" : 0,
        "slat_ns" : {
          "min" : 2018,
          "max" : 4261781,
          "mean" : 3856.154551,
          "stddev" : 5673.901680,
          "N" : 2621440
        },
        "clat_ns" : {
          "min" : 1088,
          "max" : 12313099,
          "mean" : 491415.759953,
          "stddev" : 169561.914624,
          "N" : 2621440,
          "percentile" : {
            "1.000000" : 346112,
            "5.000000" : 358400,
            "10.000000" : 419840,
            "20.000000" : 423936,
            "30.000000" : 432128,
            "40.000000" : 440320,
            "50.000000" : 452608,
            "60.000000" : 468992,
            "70.000000" : 544768,
            "80.000000" : 552960,
            "90.000000" : 577536,
            "95.000000" : 618496,
            "99.000000" : 978944,
            "99.500000" : 1011712,
            "99.900000" : 1105920,
            "99.950000" : 1400832,
            "99.990000" : 11862016
          }
        },
        "lat_ns" : {
          "min" : 3896,
          "max" : 12320814,
          "mean" : 495271.914504,
          "stddev" : 170161.502734,
          "N" : 2621440
        },
        "bw_min" : 195944,
        "bw_max" : 297296,
        "bw_agg" : 100.000000,
        "bw_mean" : 253003.195122,
        "bw_dev" : 28622.140914,
        "bw_samples" : 82,
        "iops_min" : 48986,
        "iops_max" : 74324,
        "iops_mean" : 63250.670732,
        "iops_stddev" : 7155.639133,
        "iops_samples" : 82
      },
      "trim" : {
        "io_bytes" : 0,
        "io_kbytes" : 0,
        "bw_bytes" : 0,
        "bw" : 0,
        "iops" : 0.000000,
        "runtime" : 0,
        "total_ios" : 0,
        "short_ios" : 0,
        "drop_ios" : 0,
        "slat_ns" : {
          "min" : 0,
          "max" : 0,
          "mean" : 0.000000,
          "stddev" : 0.000000,
          "N" : 0
        },
        "clat_ns" : {
          "min" : 0,
          "max" : 0,
          "mean" : 0.000000,
          "stddev" : 0.000000,
          "N" : 0
        },
        "lat_ns" : {
          "min" : 0,
          "max" : 0,
          "mean" : 0.000000,
          "stddev" : 0.000000,
          "N" : 0
        },
        "bw_min" : 0,
        "bw_max" : 0,
        "bw_agg" : 0.000000,
        "bw_mean" : 0.000000,
        "bw_dev" : 0.000000,
        "bw_samples" : 0,
        "iops_min" : 0,
        "iops_max" : 0,
        "iops_mean" : 0.000000,
        "iops_stddev" : 0.000000,
        "iops_samples" : 0
      },
      "sync" : {
        "total_ios" : 327677,
        "lat_ns" : {
          "min" : 414783,
          "max" : 8662304320000,
          "mean" : 26936149.432533,
          "stddev" : 15132491289.194109,
          "N" : 327677,
          "percentile" : {
            "1.000000" : 419840,
            "5.000000" : 419840,
            "10.000000" : 423936,
            "20.000000" : 428032,
            "30.000000" : 432128,
            "40.000000" : 440320,
            "50.000000" : 456704,
            "60.000000" : 489472,
            "70.000000" : 544768,
            "80.000000" : 552960,
            "90.000000" : 585728,
            "95.000000" : 618496,
            "99.000000" : 978944,
            "99.500000" : 1011712,
            "99.900000" : 1105920,
            "99.950000" : 1400832,
            "99.990000" : 11993088
          }
        }
      },
      "job_runtime" : 41513,
      "usr_cpu" : 7.496447,
      "sys_cpu" : 52.431768,
      "ctx" : 1311648,
      "majf" : 0,
      "minf" : 1,
      "iodepth_level" : {
        "1" : 0.100000,
        "2" : 0.100000,
        "4" : 0.100000,
        "8" : 0.100000,
        "16" : 0.100000,
        "32" : 112.498665,
        ">=64" : 0.000000
      },
      "iodepth_submit" : {
        "0" : 0.000000,
        "4" : 100.000000,
        "8" : 0.000000,
        "16" : 0.000000,
        "32" : 0.000000,
        "64" : 0.000000,
        ">=64" : 0.000000
      },
      "iodepth_complete" : {
        "0" : 0.000000,
        "4" : 99.999962,
        "8" : 0.000000,
        "16" : 0.000000,
        "32" : 0.100000,
        "64" : 0.000000,
        ">=64" : 0.000000
      },
      "latency_ns" : {
        "2" : 0.000000,
        "4" : 0.000000,
        "10" : 0.000000,
        "20" : 0.000000,
        "50" : 0.000000,
        "100" : 0.000000,
        "250" : 0.000000,
        "500" : 0.000000,
        "750" : 0.000000,
        "1000" : 0.000000
      },
      "latency_us" : {
        "2" : 0.010000,
        "4" : 0.000000,
        "10" : 0.010000,
        "20" : 0.010000,
        "50" : 0.010000,
        "100" : 0.000000,
        "250" : 0.010000,
        "500" : 64.469872,
        "750" : 32.529297,
        "1000" : 2.320671
      },
      "latency_ms" : {
        "2" : 0.649796,
        "4" : 0.012932,
        "10" : 0.010000,
        "20" : 0.011826,
        "50" : 0.000000,
        "100" : 0.000000,
        "250" : 0.000000,
        "500" : 0.000000,
        "750" : 0.000000,
        "1000" : 0.000000,
        "2000" : 0.000000,
        ">=2000" : 0.000000
      },
      "latency_depth" : 32,
      "latency_target" : 0,
      "latency_percentile" : 100.000000,
      "latency_window" : 0
    },
    {
      "jobname" : "seq-read-bench",
      "groupid" : 1,
      "error" : 0,
      "eta" : 0,
      "elapsed" : 163,
      "job options" : {
        "ioengine" : "libaio",
        "iodepth" : "32",
        "direct" : "1",
        "runtime" : "1m",
        "rw" : "read",
        "percentile_list" : "50:75:90:95:99:99.9:99.99:99.999:100",
        "filename_format" : "read-lat.1.0"
      },
      "read" : {
        "io_bytes" : 111096905728,
        "io_kbytes" : 108493072,
        "bw_bytes" : 1851584235,
        "bw" : 1808187,
        "iops" : 452046.932551,
        "runtime" : 60001,
        "total_ios" : 27123268,
        "short_ios" : 0,
        "drop_ios" : 0,
        "slat_ns" : {
          "min" : 872,
          "max" : 7426646,
          "mean" : 1672.948891,
          "stddev" : 9949.961983,