{
  "fio version" : "fio-3.32-10-g6b6f5-dirty",
  "timestamp" : 1676755679,
  "timestamp_ms" : 1676755679102,
  "time" : "Sat Feb 18 21:27:59 2023",
  "global options" : {
    "name" : "zns-fio",
    "directory" : "/mnt/f2fs",
    "size" : "10G",
    "bs" : "4K",
    "ioscheduler" : "mq-deadline",
    "thread" : "1"
  },
  "jobs" : [
    {
      "jobname" : "fill-prep",
      "groupid" : 0,
      "error" : 0,
      "eta" : 0,
      "elapsed" : 176,
      "job options" : {
        "ioengine" : "libaio",
        "iodepth" : "32",
        "numjobs" : "2",
        "fsync" : "8",
        "write_hint" : "short",
        "rw" : "write",
        "filename_format" : "read-lat.$jobnum.$filenum"
      },
      "read" : {
        "io_bytes" : 0,
        "io_kbytes" : 0,
        "bw_bytes" : 0,
        "bw" : 0,
        "iops" : 0.000000,
        "runtime" : 0,
        "total_ios" : 0,
        "short_ios" : 0,
        "drop_ios" : 0,
        "slat_ns" : {
          "min" : 0,
          "max" : 0,
          "mean" : 0.000000,
          "stddev" : 0.000000,
          "N" : 0
        },
        "clat_ns" : {
          "min" : 0,
          "max" : 0,
          "mean" : 0.000000,
          "stddev" : 0.000000,
          "N" : 0
        },
        "lat_ns" : {
          "min" : 0,
          "max" : 0,
          "mean" : 0.000000,
          "stddev" : 0.000000,
          "N" : 0
        },
        "bw_min" : 0,
        "bw_max" : 0,
        "bw_agg" : 0.000000,
        "bw_mean" : 0.000000,
        "bw_dev" : 0.000000,
        "bw_samples" : 0,
        "iops_min" : 0,
        "iops_max" : 0,
        "iops_mean" : 0.000000,
        "iops_stddev" : 0.000000,
        "iops_samples" : 0
      },
      "write" : {
        "io_bytes" : 21474836480,
        "io_kbytes" : 20971520,
        "bw_bytes" : 390054426,
        "bw" : 380912,
        "iops" : 95228.131357,
        "runtime" : 55056,
        "total_ios" : 5242880,
        "short_ios" : 0,
        "drop_ios" : 0,
        "slat_ns" : {
          "min" : 2034,
          "max" : 3067784,
          "mean" : 4638.440891,
          "stddev" : 13691.673499,
          "N" : 5242880
        },
        "clat_ns" : {
          "min" : 1295,
          "max" : 97407059,
          "mean" : 649512.609395,
          "stddev" : 413062.904414,
          "N" : 5242880,
          "percentile" : {
            "1.000000" : 407552,
            "5.000000" : 481280,
            "10.000000" : 501760,
            "20.000000" : 518144,
            "30.000000" : 536576,
            "40.000000" : 593920,
            "50.000000" : 626688,
            "60.000000" : 643072,
            "70.000000" : 659456,
            "80.000000" : 733184,
            "90.000000" : 823296,
            "95.000000" : 987136,
            "99.000000" : 1253376,
            "99.500000" : 1433600,
            "99.900000" : 2277376,
            "99.950000" : 2703360,
            "99.990000" : 12124160
          }
        },
        "lat_ns" : {
          "min" : 4381,
          "max" : 97415999,
          "mean" : 654151.050286,
          "stddev" : 413717.826890,
          "N" : 5242880
        },
        "bw_min" : 272055,
        "bw_max" : 490592,
        "bw_agg" : 100.000000,
        "bw_mean" : 382454.171226,
        "bw_dev" : 28729.093803,
        "bw_samples" : 219,
        "iops_min" : 68011,
        "iops_max" : 122648,
        "iops_mean" : 95613.207256,
        "iops_stddev" : 7182.272570,
        "iops_samples" : 219
      },
      "trim" : {
        "io_bytes" : 0,
        "io_kbytes" : 0,
        "bw_bytes" : 0,
        "bw" : 0,
        "iops" : 0.000000,
        "runtime" : 0,
        "total_ios" : 0,
        "short_ios" : 0,
        "drop_ios" : 0,
        "slat_ns" : {
          "min" : 0,
          "max" : 0,
          "mean" : 0.000000,
          "stddev" : 0.000000,
          "N" : 0
        },
        "clat_ns" : {
          "min" : 0,
          "max" : 0,
          "mean" : 0.000000,
          "stddev" : 0.000000,
          "N" : 0
        },
        "lat_ns" : {
          "min" : 0,
          "max" : 0,
          "mean" : 0.000000,
          "stddev" : 0.000000,
          "N" : 0
        },
        "bw_min" : 0,
        "bw_max" : 0,
        "bw_agg" : 0.000000,
        "bw_mean" : 0.000000,
        "bw_dev" : 0.000000,
        "bw_samples" : 0,
        "iops_min" : 0,
        "iops_max" : 0,
        "iops_mean" : 0.000000,
        "iops_stddev" : 0.000000,
        "iops_samples" : 0
      },
      "sync" : {
        "total_ios" : 655354,
        "lat_ns" : {
          "min" : 421727,
          "max" : 8831677427185,
          "mean" : 27615042.008349,
          "stddev" : 15428357750.289412,
          "N" : 655354,
          "percentile" : {
            "1.000000" : 481280,
            "5.000000" : 497664,
            "10.000000" : 509952,
            "20.000000" : 528384,
            "30.000000" : 561152,
            "40.000000" : 610304,
            "50.000000" : 626688,
            "60.000000" : 643072,
            "70.000000" : 667648,
            "80.000000" : 749568,
            "90.000000" : 823296,
            "95.000000" : 1019904,
            "99.000000" : 1269760,
            "99.500000" : 1466368,
            "99.900000" : 2277376,
            "99.950000" : 2703360,
            "99.990000" : 12255232
          }
        }
      },
      "job_runtime" : 109791,
      "usr_cpu" : 5.940378,
      "sys_cpu" : 55.050050,
      "ctx" : 2819220,
      "majf" : 0,
      "minf" : 2,
      "iodepth_level" : {
        "1" : 0.100000,
        "2" : 0.100000,
        "4" : 0.100000,
        "8" : 0.100000,
        "16" : 0.100000,
        "32" : 112.498665,
        ">=64" : 0.000000
      },
      "iodepth_submit" : {
        "0" : 0.000000,
        "4" : 100.000000,
        "8" : 0.000000,
        "16" : 0.000000,
        "32" : 0.000000,
        "64" : 0.000000,
        ">=64" : 0.000000
      },
      "iodepth_complete" : {
        "0" : 0.000000,
        "4" : 99.999962,
        "8" : 0.000000,
        "16" : 0.000000,
        "32" : 0.100000,
        "64" : 0.000000,
        ">=64" : 0.000000
      },
      "latency_ns" : {
        "2" : 0.000000,
        "4" : 0.000000,
        "10" : 0.000000,
        "20" : 0.000000,
        "50" : 0.000000,
        "100" : 0.000000,
        "250" : 0.000000,
        "500" : 0.000000,
        "750" : 0.000000,
        "1000" : 0.000000
      },
      "latency_us" : {
        "2" : 0.010000,
        "4" : 0.010000,
        "10" : 0.010000,
        "20" : 0.010000,
        "50" : 0.010000,
        "100" : 0.010000,
        "250" : 0.010000,
        "500" : 9.400978,
        "750" : 72.455273,
        "1000" : 13.322716
      },
      "latency_ms" : {
        "2" : 4.660835,
        "4" : 0.141335,
        "10" : 0.010000,
        "20" : 0.010948,
        "50" : 0.010000,
        "100" : 0.010000,
        "250" : 0.000000,
        "500" : 0.000000,
        "750" : 0.000000,
        "1000" : 0.000000,
        "2000" : 0.000000,
        ">=2000" : 0.000000
      },
      "latency_depth" : 32,
      "latency_target" : 0,
      "latency_percentile" : 100.000000,
      "latency_window" : 0
    },
    {
      "jobname" : "seq-read-bench",
      "groupid" : 1,
      "error" : 0,
      "eta" : 0,
      "elapsed" : 176,
      "job options" : {
        "ioengine" : "libaio",
        "iodepth" : "32",
        "direct" : "1",
        "runtime" : "1m",
        "rw" : "read",
        "percentile_list" : "50:75:90:95:99:99.9:99.99:99.999:100",
        "filename_format" : "read-lat.1.0"
      },
      "read" : {
        "io_bytes" : 135787872256,
        "io_kbytes" : 132605344,
        "bw_bytes" : 2263093486,
        "bw" : 2210052,
        "iops" : 552513.058116,
        "runtime" : 60001,
        "total_ios" : 33151336,
        "short_ios" : 0,
        "drop_ios" : 0,
        "slat_ns" : {
          "min" : 853,
          "max" : 720918,
          "mean" : 1232.493218,
          "stddev" : 3170.024453,