{
  "fio version" : "fio-3.32-10-g6b6f5-dirty",
  "timestamp" : 1676756839,
  "timestamp_ms" : 1676756839190,
  "time" : "Sat Feb 18 21:47:19 2023",
  "global options" : {
    "name" : "zns-fio",
    "directory" : "/mnt/f2fs",
    "size" : "10G",
    "bs" : "4K",
    "ioscheduler" : "mq-deadline",
    "thread" : "1"
  },
  "jobs" : [
    {
      "jobname" : "fill-prep",
      "groupid" : 0,
      "error" : 0,
      "eta" : 0,
      "elapsed" : 263,
      "job options" : {
        "ioengine" : "libaio",
        "iodepth" : "32",
        "numjobs" : "7",
        "fsync" : "8",
        "write_hint" : "short",
        "rw" : "write",
        "filename_format" : "read-lat.$jobnum.$filenum"
      },
      "read" : {
        "io_bytes" : 0,
        "io_kbytes" : 0,
        "bw_bytes" : 0,
        "bw" : 0,
        "iops" : 0.000000,
        "runtime" : 0,
        "total_ios" : 0,
        "short_ios" : 0,
        "drop_ios" : 0,
        "slat_ns" : {
          "min" : 0,
          "max" : 0,
          "mean" : 0.000000,
          "stddev" : 0.000000,
          "N" : 0
        },
        "clat_ns" : {
          "min" : 0,
          "max" : 0,
          "mean" : 0.000000,
          "stddev" : 0.000000,
          "N" : 0
        },
        "lat_ns" : {
          "min" : 0,
          "max" : 0,
          "mean" : 0.000000,
          "stddev" : 0.000000,
          "N" : 0
        },
        "bw_min" : 0,
        "bw_max" : 0,
        "bw_agg" : 0.000000,
        "bw_mean" : 0.000000,
        "bw_dev" : 0.000000,
        "bw_samples" : 0,
        "iops_min" : 0,
        "iops_max" : 0,
        "iops_mean" : 0.000000,
        "iops_stddev" : 0.000000,
        "iops_samples" : 0
      },
      "write" : {
        "io_bytes" : 75161927680,
        "io_kbytes" : 73400320,
        "bw_bytes" : 529257169,
        "bw" : 516852,
        "iops" : 129213.176166,
        "runtime" : 142014,
        "total_ios" : 18350080,
        "short_ios" : 0,
        "drop_ios" : 0,
        "slat_ns" : {
          "min" : 2645,
          "max" : 13465329,
          "mean" : 9237.380467,
          "stddev" : 26274.172551,
          "N" : 18350080
        },
        "clat_ns" : {
          "min" : 1575,
          "max" : 566449875,
          "mean" : 1650769.661549,
          "stddev" : 2630078.707338,
          "N" : 18350080,
          "percentile" : {
            "1.000000" : 815104,
            "5.000000" : 995328,
            "10.000000" : 1089536,
            "20.000000" : 1204224,
            "30.000000" : 1302528,
            "40.000000" : 1400832,
            "50.000000" : 1499136,
            "60.000000" : 1630208,
            "70.000000" : 1761280,
            "80.000000" : 1941504,
            "90.000000" : 2310144,
            "95.000000" : 2736128,
            "99.000000" : 3784704,
            "99.500000" : 4292608,
            "99.900000" : 5668864,
            "99.950000" : 6782976,
            "99.990000" : 80216064
          }
        },
        "lat_ns" : {
          "min" : 6409,
          "max" : 566458264,
          "mean" : 1660007.042016,
          "stddev" : 2630577.937840,
          "N" : 18350080
        },
        "bw_min" : 62015,
        "bw_max" : 855660,
        "bw_agg" : 100.000000,
        "bw_mean" : 525928.372841,
        "bw_dev" : 12887.744318,
        "bw_samples" : 1951,
        "iops_min" : 15500,
        "iops_max" : 213913,
        "iops_mean" : 131480.601087,
        "iops_stddev" : 3221.951900,
        "iops_samples" : 1951
      },
      "trim" : {
        "io_bytes" : 0,
        "io_kbytes" : 0,
        "bw_bytes" : 0,
        "bw" : 0,
        "iops" : 0.000000,
        "runtime" : 0,
        "total_ios" : 0,
        "short_ios" : 0,
        "drop_ios" : 0,
        "slat_ns" : {
          "min" : 0,
          "max" : 0,
          "mean" : 0.000000,
          "stddev" : 0.000000,
          "N" : 0
        },
        "clat_ns" : {
          "min" : 0,
          "max" : 0,
          "mean" : 0.000000,
          "stddev" : 0.000000,
          "N" : 0
        },
        "lat_ns" : {
          "min" : 0,
          "max" : 0,
          "mean" : 0.000000,
          "stddev" : 0.000000,
          "N" : 0
        },
        "bw_min" : 0,
        "bw_max" : 0,
        "bw_agg" : 0.000000,
        "bw_mean" : 0.000000,
        "bw_dev" : 0.000000,
        "bw_samples" : 0,
        "iops_min" : 0,
        "iops_max" : 0,
        "iops_mean" : 0.000000,
        "iops_stddev" : 0.000000,
        "iops_samples" : 0
      },
      "sync" : {
        "total_ios" : 2293739,
        "lat_ns" : {
          "min" : 555086,
          "max" : 9904906698907,
          "mean" : 31915216.448749,
          "stddev" : 17303196953.593132,
          "N" : 2293739,
          "percentile" : {
            "1.000000" : 888832,
            "5.000000" : 1056768,
            "10.000000" : 1138688,
            "20.000000" : 1236992,
            "30.000000" : 1335296,
            "40.000000" : 1433600,
            "50.000000" : 1531904,
            "60.000000" : 1662976,
            "70.000000" : 1777664,
            "80.000000" : 1957888,
            "90.000000" : 2342912,
            "95.000000" : 2768896,
            "99.000000" : 3817472,
            "99.500000" : 4358144,
            "99.900000" : 5734400,
            "99.950000" : 6914048,
            "99.990000" : 80216064
          }
        }
      },
      "job_runtime" : 977007,
      "usr_cpu" : 4.462506,
      "sys_cpu" : 60.290049,
      "ctx" : 9944341,
      "majf" : 0,
      "minf" : 7,
      "iodepth_level" : {
        "1" : 0.100000,
        "2" : 0.100000,
        "4" : 0.100000,
        "8" : 0.100000,
        "16" : 0.100000,
        "32" : 112.498665,
        ">=64" : 0.000000
      },
      "iodepth_submit" : {
        "0" : 0.000000,
        "4" : 100.000000,
        "8" : 0.000000,
        "16" : 0.000000,
        "32" : 0.000000,
        "64" : 0.000000,
        ">=64" : 0.000000
      },
      "iodepth_complete" : {
        "0" : 0.000000,
        "4" : 99.999962,
        "8" : 0.000000,
        "16" : 0.000000,
        "32" : 0.100000,
        "64" : 0.000000,
        ">=64" : 0.000000
      },
      "latency_ns" : {
        "2" : 0.000000,
        "4" : 0.000000,
        "10" : 0.000000,
        "20" : 0.000000,
        "50" : 0.000000,
        "100" : 0.000000,
        "250" : 0.000000,
        "500" : 0.000000,
        "750" : 0.000000,
        "1000" : 0.000000
      },
      "latency_us" : {
        "2" : 0.010000,
        "4" : 0.010000,
        "10" : 0.010000,
        "20" : 0.010000,
        "50" : 0.010000,
        "100" : 0.010000,
        "250" : 0.010000,
        "500" : 0.010000,
        "750" : 0.451851,
        "1000" : 4.754595
      },
      "latency_ms" : {
        "2" : 77.278993,
        "4" : 16.769965,
        "10" : 0.703970,
        "20" : 0.015014,
        "50" : 0.010000,
        "100" : 0.010251,
        "250" : 0.010000,
        "500" : 0.010000,
        "750" : 0.010000,
        "1000" : 0.000000,
        "2000" : 0.000000,
        ">=2000" : 0.000000
      },
      "latency_depth" : 32,
      "latency_target" : 0,
      "latency_percentile" : 100.000000,
      "latency_window" : 0
    },
    {
      "jobname" : "seq-read-bench",
      "groupid" : 1,
      "error" : 0,
      "eta" : 0,
      "elapsed" : 263,
      "job options" : {
        "ioengine" : "libaio",
        "iodepth" : "32",
        "direct" : "1",
        "runtime" : "1m",
        "rw" : "read",
        "percentile_list" : "50:75:90:95:99:99.9:99.99:99.999:100",
        "filename_format" : "read-lat.1.0"
      },
      "read" : {
        "io_bytes" : 137031888896,
        "io_kbytes" : 133820204,
        "bw_bytes" : 2283864814,
        "bw" : 2230336,
        "iops" : 557584.183333,
        "runtime" : 60000,
        "total_ios" : 33455051,
        "short_ios" : 0,
        "drop_ios" : 0,
        "slat_ns" : {
          "min" : 849,
          "max" : 772397,
          "mean" : 1227.567686,