{
  "fio version" : "fio-3.32-10-g6b6f5-dirty",
  "timestamp" : 1676756089,
  "timestamp_ms" : 1676756089645,
  "time" : "Sat Feb 18 21:34:49 2023",
  "global options" : {
    "name" : "zns-fio",
    "directory" : "/mnt/f2fs",
    "size" : "10G",
    "bs" : "4K",
    "ioscheduler" : "mq-deadline",
    "thread" : "1"
  },
  "jobs" : [
    {
      "jobname" : "fill-prep",
      "groupid" : 0,
      "error" : 0,
      "eta" : 0,
      "elapsed" : 205,
      "job options" : {
        "ioengine" : "libaio",
        "iodepth" : "32",
        "numjobs" : "4",
        "fsync" : "8",
        "write_hint" : "short",
        "rw" : "write",
        "filename_format" : "read-lat.$jobnum.$filenum"
      },
      "read" : {
        "io_bytes" : 0,
        "io_kbytes" : 0,
        "bw_bytes" : 0,
        "bw" : 0,
        "iops" : 0.000000,
        "runtime" : 0,
        "total_ios" : 0,
        "short_ios" : 0,
        "drop_ios" : 0,
        "slat_ns" : {
          "min" : 0,
          "max" : 0,
          "mean" : 0.000000,
          "stddev" : 0.000000,
          "N" : 0
        },
        "clat_ns" : {
          "min" : 0,
          "max" : 0,
          "mean" : 0.000000,
          "stddev" : 0.000000,
          "N" : 0
        },
        "lat_ns" : {
          "min" : 0,
          "max" : 0,
          "mean" : 0.000000,
          "stddev" : 0.000000,
          "N" : 0
        },
        "bw_min" : 0,
        "bw_max" : 0,
        "bw_agg" : 0.000000,
        "bw_mean" : 0.000000,
        "bw_dev" : 0.000000,
        "bw_samples" : 0,
        "iops_min" : 0,
        "iops_max" : 0,
        "iops_mean" : 0.000000,
        "iops_stddev" : 0.000000,
        "iops_samples" : 0
      },
      "write" : {
        "io_bytes" : 42949672960,
        "io_kbytes" : 41943040,
        "bw_bytes" : 515583748,
        "bw" : 503499,
        "iops" : 125874.938478,
        "runtime" : 83303,
        "total_ios" : 10485760,
        "short_ios" : 0,
        "drop_ios" : 0,
        "slat_ns" : {
          "min" : 2030,
          "max" : 11765763,
          "mean" : 6325.162204,
          "stddev" : 12891.112794,
          "N" : 10485760
        },
        "clat_ns" : {
          "min" : 2042,
          "max" : 849952679,
          "mean" : 976759.152231,
          "stddev" : 2956794.865118,
          "N" : 10485760,
          "percentile" : {
            "1.000000" : 552960,
            "5.000000" : 626688,
            "10.000000" : 675840,
            "20.000000" : 733184,
            "30.000000" : 782336,
            "40.000000" : 831488,
            "50.000000" : 880640,
            "60.000000" : 937984,
            "70.000000" : 1019904,
            "80.000000" : 1155072,
            "90.000000" : 1351680,
            "95.000000" : 1515520,
            "99.000000" : 2113536,
            "99.500000" : 2441216,
            "99.900000" : 3325952,
            "99.950000" : 4014080,
            "99.990000" : 13303808
          }
        },
        "lat_ns" : {
          "min" : 6986,
          "max" : 849962972,
          "mean" : 983084.314434,
          "stddev" : 2957102.528668,
          "N" : 10485760
        },
        "bw_min" : 232320,
        "bw_max" : 795184,
        "bw_agg" : 100.000000,
        "bw_mean" : 511627.228249,
        "bw_dev" : 23610.712435,
        "bw_samples" : 653,
        "iops_min" : 58080,
        "iops_max" : 198796,
        "iops_mean" : 127905.988773,
        "iops_stddev" : 5902.690629,
        "iops_samples" : 653
      },
      "trim" : {
        "io_bytes" : 0,
        "io_kbytes" : 0,
        "bw_bytes" : 0,
        "bw" : 0,
        "iops" : 0.000000,
        "runtime" : 0,
        "total_ios" : 0,
        "short_ios" : 0,
        "drop_ios" : 0,
        "slat_ns" : {
          "min" : 0,
          "max" : 0,
          "mean" : 0.000000,
          "stddev" : 0.000000,
          "N" : 0
        },
        "clat_ns" : {
          "min" : 0,
          "max" : 0,
          "mean" : 0.000000,
          "stddev" : 0.000000,
          "N" : 0
        },
        "lat_ns" : {
          "min" : 0,
          "max" : 0,
          "mean" : 0.000000,
          "stddev" : 0.000000,
          "N" : 0
        },
        "bw_min" : 0,
        "bw_max" : 0,
        "bw_agg" : 0.000000,
        "bw_mean" : 0.000000,
        "bw_dev" : 0.000000,
        "bw_samples" : 0,
        "iops_min" : 0,
        "iops_max" : 0,
        "iops_mean" : 0.000000,
        "iops_stddev" : 0.000000,
        "iops_samples" : 0
      },
      "sync" : {
        "total_ios" : 1310708,
        "lat_ns" : {
          "min" : 478809,
          "max" : 9214023071607,
          "mean" : 29116777.162904,
          "stddev" : 16096286252.782022,
          "N" : 1310708,
          "percentile" : {
            "1.000000" : 593920,
            "5.000000" : 667648,
            "10.000000" : 700416,
            "20.000000" : 749568,
            "30.000000" : 806912,
            "40.000000" : 847872,
            "50.000000" : 897024,
            "60.000000" : 954368,
            "70.000000" : 1036288,
            "80.000000" : 1171456,
            "90.000000" : 1368064,
            "95.000000" : 1531904,
            "99.000000" : 2146304,
            "99.500000" : 2473984,
            "99.900000" : 3358720,
            "99.950000" : 4112384,
            "99.990000" : 13565952
          }
        }
      },
      "job_runtime" : 330306,
      "usr_cpu" : 5.202449,
      "sys_cpu" : 58.495758,
      "ctx" : 5744138,
      "majf" : 0,
      "minf" : 4,
      "iodepth_level" : {
        "1" : 0.100000,
        "2" : 0.100000,
        "4" : 0.100000,
        "8" : 0.100000,
        "16" : 0.100000,
        "32" : 112.498665,
        ">=64" : 0.000000
      },
      "iodepth_submit" : {
        "0" : 0.000000,
        "4" : 100.000000,
        "8" : 0.000000,
        "16" : 0.000000,
        "32" : 0.000000,
        "64" : 0.000000,
        ">=64" : 0.000000
      },
      "iodepth_complete" : {
        "0" : 0.000000,
        "4" : 99.999962,
        "8" : 0.000000,
        "16" : 0.000000,
        "32" : 0.100000,
        "64" : 0.000000,
        ">=64" : 0.000000
      },
      "latency_ns" : {
        "2" : 0.000000,
        "4" : 0.000000,
        "10" : 0.000000,
        "20" : 0.000000,
        "50" : 0.000000,
        "100" : 0.000000,
        "250" : 0.000000,
        "500" : 0.000000,
        "750" : 0.000000,
        "1000" : 0.000000
      },
      "latency_us" : {
        "2" : 0.000000,
        "4" : 0.010000,
        "10" : 0.010000,
        "20" : 0.010000,
        "50" : 0.010000,
        "100" : 0.010000,
        "250" : 0.010000,
        "500" : 0.260992,
        "750" : 23.338175,
        "1000" : 44.460163
      },
      "latency_ms" : {
        "2" : 30.622330,
        "4" : 1.267576,
        "10" : 0.028772,
        "20" : 0.012779,
        "50" : 0.010000,
        "100" : 0.010000,
        "250" : 0.000000,
        "500" : 0.000000,
        "750" : 0.000000,
        "1000" : 0.010000,
        "2000" : 0.000000,
        ">=2000" : 0.000000
      },
      "latency_depth" : 32,
      "latency_target" : 0,
      "latency_percentile" : 100.000000,
      "latency_window" : 0
    },
    {
      "jobname" : "seq-read-bench",
      "groupid" : 1,
      "error" : 0,
      "eta" : 0,
      "elapsed" : 205,
      "job options" : {
        "ioengine" : "libaio",
        "iodepth" : "32",
        "direct" : "1",
        "runtime" : "1m",
        "rw" : "read",
        "percentile_list" : "50:75:90:95:99:99.9:99.99:99.999:100",
        "filename_format" : "read-lat.1.0"
      },
      "read" : {
        "io_bytes" : 134261067776,
        "io_kbytes" : 131114324,
        "bw_bytes" : 2237647168,
        "bw" : 2185202,
        "iops" : 546300.578324,
        "runtime" : 60001,
        "total_ios" : 32778581,
        "short_ios" : 0,
        "drop_ios" : 0,
        "slat_ns" : {
          "min" : 818,
          "max" : 1072960,
          "mean" : 1242.221714,