{
  "fio version" : "fio-3.32-10-g6b6f5-dirty",
  "timestamp" : 1676755878,
  "timestamp_ms" : 1676755878571,
  "time" : "Sat Feb 18 21:31:18 2023",
  "global options" : {
    "name" : "zns-fio",
    "directory" : "/mnt/f2fs",
    "size" : "10G",
    "bs" : "4K",
    "ioscheduler" : "mq-deadline",
    "thread" : "1"
  },
  "jobs" : [
    {
      "jobname" : "fill-prep",
      "groupid" : 0,
      "error" : 0,
      "eta" : 0,
      "elapsed" : 193,
      "job options" : {
        "ioengine" : "libaio",
        "iodepth" : "32",
        "numjobs" : "3",
        "fsync" : "8",
        "write_hint" : "short",
        "rw" : "write",
        "filename_format" : "read-lat.$jobnum.$filenum"
      },
      "read" : {
        "io_bytes" : 0,
        "io_kbytes" : 0,
        "bw_bytes" : 0,
        "bw" : 0,
        "iops" : 0.000000,
        "runtime" : 0,
        "total_ios" : 0,
        "short_ios" : 0,
        "drop_ios" : 0,
        "slat_ns" : {
          "min" : 0,
          "max" : 0,
          "mean" : 0.000000,
          "stddev" : 0.000000,
          "N" : 0
        },
        "clat_ns" : {
          "min" : 0,
          "max" : 0,
          "mean" : 0.000000,
          "stddev" : 0.000000,
          "N" : 0
        },
        "lat_ns" : {
          "min" : 0,
          "max" : 0,
          "mean" : 0.000000,
          "stddev" : 0.000000,
          "N" : 0
        },
        "bw_min" : 0,
        "bw_max" : 0,
        "bw_agg" : 0.000000,
        "bw_mean" : 0.000000,
        "bw_dev" : 0.000000,
        "bw_samples" : 0,
        "iops_min" : 0,
        "iops_max" : 0,
        "iops_mean" : 0.000000,
        "iops_stddev" : 0.000000,
        "iops_samples" : 0
      },
      "write" : {
        "io_bytes" : 32212254720,
        "io_kbytes" : 31457280,
        "bw_bytes" : 448588663,
        "bw" : 438074,
        "iops" : 109518.716578,
        "runtime" : 71808,
        "total_ios" : 7864320,
        "short_ios" : 0,
        "drop_ios" : 0,
        "slat_ns" : {
          "min" : 2125,
          "max" : 3722561,
          "mean" : 5871.547454,
          "stddev" : 15540.910921,
          "N" : 7864320
        },
        "clat_ns" : {
          "min" : 2083,
          "max" : 217155279,
          "mean" : 839834.614361,
          "stddev" : 1021751.861138,
          "N" : 7864320,
          "percentile" : {
            "1.000000" : 468992,
            "5.000000" : 536576,
            "10.000000" : 569344,
            "20.000000" : 634880,
            "30.000000" : 667648,
            "40.000000" : 708608,
            "50.000000" : 749568,
            "60.000000" : 815104,
            "70.000000" : 880640,
            "80.000000" : 987136,
            "90.000000" : 1204224,
            "95.000000" : 1351680,
            "99.000000" : 1892352,
            "99.500000" : 2179072,
            "99.900000" : 2965504,
            "99.950000" : 3620864,
            "99.990000" : 13172736
          }
        },
        "lat_ns" : {
          "min" : 7686,
          "max" : 217162551,
          "mean" : 845706.161815,
          "stddev" : 1022385.825165,
          "N" : 7864320
        },
        "bw_min" : 205664,
        "bw_max" : 668362,
        "bw_agg" : 100.000000,
        "bw_mean" : 443524.480474,
        "bw_dev" : 30960.757374,
        "bw_samples" : 424,
        "iops_min" : 51416,
        "iops_max" : 167090,
        "iops_mean" : 110880.504755,
        "iops_stddev" : 7740.183405,
        "iops_samples" : 424
      },
      "trim" : {
        "io_bytes" : 0,
        "io_kbytes" : 0,
        "bw_bytes" : 0,
        "bw" : 0,
        "iops" : 0.000000,
        "runtime" : 0,
        "total_ios" : 0,
        "short_ios" : 0,
        "drop_ios" : 0,
        "slat_ns" : {
          "min" : 0,
          "max" : 0,
          "mean" : 0.000000,
          "stddev" : 0.000000,
          "N" : 0
        },
        "clat_ns" : {
          "min" : 0,
          "max" : 0,
          "mean" : 0.000000,
          "stddev" : 0.000000,
          "N" : 0
        },
        "lat_ns" : {
          "min" : 0,
          "max" : 0,
          "mean" : 0.000000,
          "stddev" : 0.000000,
          "N" : 0
        },
        "bw_min" : 0,
        "bw_max" : 0,
        "bw_agg" : 0.000000,
        "bw_mean" : 0.000000,
        "bw_dev" : 0.000000,
        "bw_samples" : 0,
        "iops_min" : 0,
        "iops_max" : 0,
        "iops_mean" : 0.000000,
        "iops_stddev" : 0.000000,
        "iops_samples" : 0
      },
      "sync" : {
        "total_ios" : 983031,
        "lat_ns" : {
          "min" : 432748,
          "max" : 9014453974690,
          "mean" : 28367136.393992,
          "stddev" : 15747655432.591381,
          "N" : 983031,
          "percentile" : {
            "1.000000" : 522240,
            "5.000000" : 561152,
            "10.000000" : 602112,
            "20.000000" : 651264,
            "30.000000" : 684032,
            "40.000000" : 716800,
            "50.000000" : 765952,
            "60.000000" : 823296,
            "70.000000" : 888832,
            "80.000000" : 1003520,
            "90.000000" : 1220608,
            "95.000000" : 1368064,
            "99.000000" : 1925120,
            "99.500000" : 2179072,
            "99.900000" : 2998272,
            "99.950000" : 3653632,
            "99.990000" : 13303808
          }
        }
      },
      "job_runtime" : 212956,
      "usr_cpu" : 5.696012,
      "sys_cpu" : 57.350345,
      "ctx" : 4227269,
      "majf" : 0,
      "minf" : 3,
      "iodepth_level" : {
        "1" : 0.100000,
        "2" : 0.100000,
        "4" : 0.100000,
        "8" : 0.100000,
        "16" : 0.100000,
        "32" : 112.498665,
        ">=64" : 0.000000
      },
      "iodepth_submit" : {
        "0" : 0.000000,
        "4" : 100.000000,
        "8" : 0.000000,
        "16" : 0.000000,
        "32" : 0.000000,
        "64" : 0.000000,
        ">=64" : 0.000000
      },
      "iodepth_complete" : {
        "0" : 0.000000,
        "4" : 99.999962,
        "8" : 0.000000,
        "16" : 0.000000,
        "32" : 0.100000,
        "64" : 0.000000,
        ">=64" : 0.000000
      },
      "latency_ns" : {
        "2" : 0.000000,
        "4" : 0.000000,
        "10" : 0.000000,
        "20" : 0.000000,
        "50" : 0.000000,
        "100" : 0.000000,
        "250" : 0.000000,
        "500" : 0.000000,
        "750" : 0.000000,
        "1000" : 0.000000
      },
      "latency_us" : {
        "2" : 0.000000,
        "4" : 0.010000,
        "10" : 0.010000,
        "20" : 0.010000,
        "50" : 0.010000,
        "100" : 0.010000,
        "250" : 0.010000,
        "500" : 1.653137,
        "750" : 47.817103,
        "1000" : 31.209488
      },
      "latency_ms" : {
        "2" : 18.538488,
        "4" : 0.743001,
        "10" : 0.019557,
        "20" : 0.011355,
        "50" : 0.010000,
        "100" : 0.000000,
        "250" : 0.010000,
        "500" : 0.000000,
        "750" : 0.000000,
        "1000" : 0.000000,
        "2000" : 0.000000,
        ">=2000" : 0.000000
      },
      "latency_depth" : 32,
      "latency_target" : 0,
      "latency_percentile" : 100.000000,
      "latency_window" : 0
    },
    {
      "jobname" : "seq-read-bench",
      "groupid" : 1,
      "error" : 0,
      "eta" : 0,
      "elapsed" : 193,
      "job options" : {
        "ioengine" : "libaio",
        "iodepth" : "32",
        "direct" : "1",
        "runtime" : "1m",
        "rw" : "read",
        "percentile_list" : "50:75:90:95:99:99.9:99.99:99.999:100",
        "filename_format" : "read-lat.1.0"
      },
      "read" : {
        "io_bytes" : 133671239680,
        "io_kbytes" : 130538320,
        "bw_bytes" : 2227816864,
        "bw" : 2175602,
        "iops" : 543900.601657,
        "runtime" : 60001,
        "total_ios" : 32634580,
        "short_ios" : 0,
        "drop_ios" : 0,
        "slat_ns" : {
          "min" : 808,
          "max" : 1185880,
          "mean" : 1262.792329,
          "stddev" : 3332.278436,