{
  "fio version" : "fio-3.32-10-g6b6f5-dirty",
  "timestamp" : 1676756567,
  "timestamp_ms" : 1676756567534,
  "time" : "Sat Feb 18 21:42:47 2023",
  "global options" : {
    "name" : "zns-fio",
    "directory" : "/mnt/f2fs",
    "size" : "10G",
    "bs" : "4K",
    "ioscheduler" : "mq-deadline",
    "thread" : "1"
  },
  "jobs" : [
    {
      "jobname" : "fill-prep",
      "groupid" : 0,
      "error" : 0,
      "eta" : 0,
      "elapsed" : 238,
      "job options" : {
        "ioengine" : "libaio",
        "iodepth" : "32",
        "numjobs" : "6",
        "fsync" : "8",
        "write_hint" : "short",
        "rw" : "write",
        "filename_format" : "read-lat.$jobnum.$filenum"
      },
      "read" : {
        "io_bytes" : 0,
        "io_kbytes" : 0,
        "bw_bytes" : 0,
        "bw" : 0,
        "iops" : 0.000000,
        "runtime" : 0,
        "total_ios" : 0,
        "short_ios" : 0,
        "drop_ios" : 0,
        "slat_ns" : {
          "min" : 0,
          "max" : 0,
          "mean" : 0.000000,
          "stddev" : 0.000000,
          "N" : 0
        },
        "clat_ns" : {
          "min" : 0,
          "max" : 0,
          "mean" : 0.000000,
          "stddev" : 0.000000,
          "N" : 0
        },
        "lat_ns" : {
          "min" : 0,
          "max" : 0,
          "mean" : 0.000000,
          "stddev" : 0.000000,
          "N" : 0
        },
        "bw_min" : 0,
        "bw_max" : 0,
        "bw_agg" : 0.000000,
        "bw_mean" : 0.000000,
        "bw_dev" : 0.000000,
        "bw_samples" : 0,
        "iops_min" : 0,
        "iops_max" : 0,
        "iops_mean" : 0.000000,
        "iops_stddev" : 0.000000,
        "iops_samples" : 0
      },
      "write" : {
        "io_bytes" : 64424509440,
        "io_kbytes" : 62914560,
        "bw_bytes" : 550458051,
        "bw" : 537556,
        "iops" : 134389.172747,
        "runtime" : 117038,
        "total_ios" : 15728640,
        "short_ios" : 0,
        "drop_ios" : 0,
        "slat_ns" : {
          "min" : 2334,
          "max" : 44266226,
          "mean" : 8194.261803,
          "stddev" : 28245.310402,
          "N" : 15728640
        },
        "clat_ns" : {
          "min" : 1472,
          "max" : 460058165,
          "mean" : 1366010.117864,
          "stddev" : 2064230.292796,
          "N" : 15728640,
          "percentile" : {
            "1.000000" : 724992,
            "5.000000" : 864256,
            "10.000000" : 929792,
            "20.000000" : 1019904,
            "30.000000" : 1089536,
            "40.000000" : 1155072,
            "50.000000" : 1236992,
            "60.000000" : 1335296,
            "70.000000" : 1449984,
            "80.000000" : 1597440,
            "90.000000" : 1859584,
            "95.000000" : 2179072,
            "99.000000" : 3129344,
            "99.500000" : 3620864,
            "99.900000" : 5079040,
            "99.950000" : 6258688,
            "99.990000" : 68681728
          }
        },
        "lat_ns" : {
          "min" : 5945,
          "max" : 460063767,
          "mean" : 1374204.379667,
          "stddev" : 2065116.971753,
          "N" : 15728640
        },
        "bw_min" : 113176,
        "bw_max" : 871894,
        "bw_agg" : 100.000000,
        "bw_mean" : 544592.176331,
        "bw_dev" : 14208.559641,
        "bw_samples" : 1382,
        "iops_min" : 28292,
        "iops_max" : 217972,
        "iops_mean" : 136146.749067,
        "iops_stddev" : 3552.153123,
        "iops_samples" : 1382
      },
      "trim" : {
        "io_bytes" : 0,
        "io_kbytes" : 0,
        "bw_bytes" : 0,
        "bw" : 0,
        "iops" : 0.000000,
        "runtime" : 0,
        "total_ios" : 0,
        "short_ios" : 0,
        "drop_ios" : 0,
        "slat_ns" : {
          "min" : 0,
          "max" : 0,
          "mean" : 0.000000,
          "stddev" : 0.000000,
          "N" : 0
        },
        "clat_ns" : {
          "min" : 0,
          "max" : 0,
          "mean" : 0.000000,
          "stddev" : 0.000000,
          "N" : 0
        },
        "lat_ns" : {
          "min" : 0,
          "max" : 0,
          "mean" : 0.000000,
          "stddev" : 0.000000,
          "N" : 0
        },
        "bw_min" : 0,
        "bw_max" : 0,
        "bw_agg" : 0.000000,
        "bw_mean" : 0.000000,
        "bw_dev" : 0.000000,
        "bw_samples" : 0,
        "iops_min" : 0,
        "iops_max" : 0,
        "iops_mean" : 0.000000,
        "iops_stddev" : 0.000000,
        "iops_samples" : 0
      },
      "sync" : {
        "total_ios" : 1966062,
        "lat_ns" : {
          "min" : 471979,
          "max" : 9658209769015,
          "mean" : 30870675.131863,
          "stddev" : 16872243930.547813,
          "N" : 1966062,
          "percentile" : {
            "1.000000" : 806912,
            "5.000000" : 921600,
            "10.000000" : 970752,
            "20.000000" : 1044480,
            "30.000000" : 1105920,
            "40.000000" : 1171456,
            "50.000000" : 1253376,
            "60.000000" : 1368064,
            "70.000000" : 1482752,
            "80.000000" : 1630208,
            "90.000000" : 1875968,
            "95.000000" : 2211840,
            "99.000000" : 3162112,
            "99.500000" : 3653632,
            "99.900000" : 5079040,
            "99.950000" : 6389760,
            "99.990000" : 68681728
          }
        }
      },
      "job_runtime" : 692984,
      "usr_cpu" : 4.655519,
      "sys_cpu" : 60.194463,
      "ctx" : 8647817,
      "majf" : 0,
      "minf" : 6,
      "iodepth_level" : {
        "1" : 0.100000,
        "2" : 0.100000,
        "4" : 0.100000,
        "8" : 0.100000,
        "16" : 0.100000,
        "32" : 112.498665,
        ">=64" : 0.000000
      },
      "iodepth_submit" : {
        "0" : 0.000000,
        "4" : 100.000000,
        "8" : 0.000000,
        "16" : 0.000000,
        "32" : 0.000000,
        "64" : 0.000000,
        ">=64" : 0.000000
      },
      "iodepth_complete" : {
        "0" : 0.000000,
        "4" : 99.999962,
        "8" : 0.000000,
        "16" : 0.000000,
        "32" : 0.100000,
        "64" : 0.000000,
        ">=64" : 0.000000
      },
      "latency_ns" : {
        "2" : 0.000000,
        "4" : 0.000000,
        "10" : 0.000000,
        "20" : 0.000000,
        "50" : 0.000000,
        "100" : 0.000000,
        "250" : 0.000000,
        "500" : 0.000000,
        "750" : 0.000000,
        "1000" : 0.000000
      },
      "latency_us" : {
        "2" : 0.010000,
        "4" : 0.010000,
        "10" : 0.010000,
        "20" : 0.010000,
        "50" : 0.010000,
        "100" : 0.010000,
        "250" : 0.010000,
        "500" : 0.037702,
        "750" : 1.354694,
        "1000" : 16.207104
      },
      "latency_ms" : {
        "2" : 75.114288,
        "4" : 6.970952,
        "10" : 0.287463,
        "20" : 0.014464,
        "50" : 0.010000,
        "100" : 0.010000,
        "250" : 0.010000,
        "500" : 0.010000,
        "750" : 0.000000,
        "1000" : 0.000000,
        "2000" : 0.000000,
        ">=2000" : 0.000000
      },
      "latency_depth" : 32,
      "latency_target" : 0,
      "latency_percentile" : 100.000000,
      "latency_window" : 0
    },
    {
      "jobname" : "seq-read-bench",
      "groupid" : 1,
      "error" : 0,
      "eta" : 0,
      "elapsed" : 238,
      "job options" : {
        "ioengine" : "libaio",
        "iodepth" : "32",
        "direct" : "1",
        "runtime" : "1m",
        "rw" : "read",
        "percentile_list" : "50:75:90:95:99:99.9:99.99:99.999:100",
        "filename_format" : "read-lat.1.0"
      },
      "read" : {
        "io_bytes" : 138267013120,
        "io_kbytes" : 135026380,
        "bw_bytes" : 2304411811,
        "bw" : 2250402,
        "iops" : 562600.539991,
        "runtime" : 60001,
        "total_ios" : 33756595,
        "short_ios" : 0,
        "drop_ios" : 0,
        "slat_ns" : {
          "min" : 877,
          "max" : 1630625,
          "mean" : 1216.385832,