{
  "fio version" : "fio-3.32-10-g6b6f5-dirty",
  "timestamp" : 1676757842,
  "timestamp_ms" : 1676757842086,
  "time" : "Sat Feb 18 22:04:02 2023",
  "global options" : {
    "name" : "zns-fio",
    "directory" : "/mnt/f2fs",
    "size" : "10G",
    "bs" : "4K",
    "ioscheduler" : "mq-deadline",
    "thread" : "1"
  },
  "jobs" : [
    {
      "jobname" : "fill-prep",
      "groupid" : 0,
      "error" : 0,
      "eta" : 0,
      "elapsed" : 353,
      "job options" : {
        "ioengine" : "libaio",
        "iodepth" : "32",
        "numjobs" : "10",
        "nrfiles" : "1",
        "fsync" : "8",
        "write_hint" : "short",
        "rw" : "write",
        "filename_format" : "read-lat.$jobnum.$filenum"
      },
      "read" : {
        "io_bytes" : 0,
        "io_kbytes" : 0,
        "bw_bytes" : 0,
        "bw" : 0,
        "iops" : 0.000000,
        "runtime" : 0,
        "total_ios" : 0,
        "short_ios" : 0,
        "drop_ios" : 0,
        "slat_ns" : {
          "min" : 0,
          "max" : 0,
          "mean" : 0.000000,
          "stddev" : 0.000000,
          "N" : 0
        },
        "clat_ns" : {
          "min" : 0,
          "max" : 0,
          "mean" : 0.000000,
          "stddev" : 0.000000,
          "N" : 0
        },
        "lat_ns" : {
          "min" : 0,
          "max" : 0,
          "mean" : 0.000000,
          "stddev" : 0.000000,
          "N" : 0
        },
        "bw_min" : 0,
        "bw_max" : 0,
        "bw_agg" : 0.000000,
        "bw_mean" : 0.000000,
        "bw_dev" : 0.000000,
        "bw_samples" : 0,
        "iops_min" : 0,
        "iops_max" : 0,
        "iops_mean" : 0.000000,
        "iops_stddev" : 0.000000,
        "iops_samples" : 0
      },
      "write" : {
        "io_bytes" : 107374182400,
        "io_kbytes" : 104857600,
        "bw_bytes" : 462999363,
        "bw" : 452147,
        "iops" : 113036.953991,
        "runtime" : 231910,
        "total_ios" : 26214400,
        "short_ios" : 0,
        "drop_ios" : 0,
        "slat_ns" : {
          "min" : 2892,
          "max" : 15573420,
          "mean" : 12047.920188,
          "stddev" : 40619.151181,
          "N" : 26214400
        },
        "clat_ns" : {
          "min" : 1606,
          "max" : 346728459,
          "mean" : 2715244.909634,
          "stddev" : 2600090.772379,
          "N" : 26214400,
          "percentile" : {
            "1.000000" : 1089536,
            "5.000000" : 1466368,
            "10.000000" : 1662976,
            "20.000000" : 1925120,
            "30.000000" : 2113536,
            "40.000000" : 2310144,
            "50.000000" : 2506752,
            "60.000000" : 2703360,
            "70.000000" : 2965504,
            "80.000000" : 3325952,
            "90.000000" : 3948544,
            "95.000000" : 4554752,
            "99.000000" : 5996544,
            "99.500000" : 6651904,
            "99.900000" : 8978432,
            "99.950000" : 12386304,
            "99.990000" : 114819072
          }
        },
        "lat_ns" : {
          "min" : 6310,
          "max" : 346737315,
          "mean" : 2727292.829821,
          "stddev" : 2600981.067528,
          "N" : 26214400
        },
        "bw_min" : 201261,
        "bw_max" : 976406,
        "bw_agg" : 100.000000,
        "bw_mean" : 456801.160740,
        "bw_dev" : 7073.428741,
        "bw_samples" : 4578,
        "iops_min" : 50311,
        "iops_max" : 244098,
        "iops_mean" : 114198.003487,
        "iops_stddev" : 1768.362973,
        "iops_samples" : 4578
      },
      "trim" : {
        "io_bytes" : 0,
        "io_kbytes" : 0,
        "bw_bytes" : 0,
        "bw" : 0,
        "iops" : 0.000000,
        "runtime" : 0,
        "total_ios" : 0,
        "short_ios" : 0,
        "drop_ios" : 0,
        "slat_ns" : {
          "min" : 0,
          "max" : 0,
          "mean" : 0.000000,
          "stddev" : 0.000000,
          "N" : 0
        },
        "clat_ns" : {
          "min" : 0,
          "max" : 0,
          "mean" : 0.000000,
          "stddev" : 0.000000,
          "N" : 0
        },
        "lat_ns" : {
          "min" : 0,
          "max" : 0,
          "mean" : 0.000000,
          "stddev" : 0.000000,
          "N" : 0
        },
        "bw_min" : 0,
        "bw_max" : 0,
        "bw_agg" : 0.000000,
        "bw_mean" : 0.000000,
        "bw_dev" : 0.000000,
        "bw_samples" : 0,
        "iops_min" : 0,
        "iops_max" : 0,
        "iops_mean" : 0.000000,
        "iops_stddev" : 0.000000,
        "iops_samples" : 0
      },
      "sync" : {
        "total_ios" : 3276770,
        "lat_ns" : {
          "min" : 573545,
          "max" : 10817886483488,
          "mean" : 35792897.403773,
          "stddev" : 18898102778.375866,
          "N" : 3276770,
          "percentile" : {
            "1.000000" : 1155072,
            "5.000000" : 1548288,
            "10.000000" : 1744896,
            "20.000000" : 1990656,
            "30.000000" : 2179072,
            "40.000000" : 2375680,
            "50.000000" : 2572288,
            "60.000000" : 2768896,
            "70.000000" : 2998272,
            "80.000000" : 3358720,
            "90.000000" : 3981312,
            "95.000000" : 4620288,
            "99.000000" : 6062080,
            "99.500000" : 6717440,
            "99.900000" : 8978432,
            "99.950000" : 12910592,
            "99.990000" : 115867648
          }
        }
      },
      "job_runtime" : 2295741,
      "usr_cpu" : 3.640088,
      "sys_cpu" : 56.503674,
      "ctx" : 13538333,
      "majf" : 0,
      "minf" : 10,
      "iodepth_level" : {
        "1" : 0.100000,
        "2" : 0.100000,
        "4" : 0.100000,
        "8" : 0.100000,
        "16" : 0.100000,
        "32" : 112.498665,
        ">=64" : 0.000000
      },
      "iodepth_submit" : {
        "0" : 0.000000,
        "4" : 100.000000,
        "8" : 0.000000,
        "16" : 0.000000,
        "32" : 0.000000,
        "64" : 0.000000,
        ">=64" : 0.000000
      },
      "iodepth_complete" : {
        "0" : 0.000000,
        "4" : 99.999962,
        "8" : 0.000000,
        "16" : 0.000000,
        "32" : 0.100000,
        "64" : 0.000000,
        ">=64" : 0.000000
      },
      "latency_ns" : {
        "2" : 0.000000,
        "4" : 0.000000,
        "10" : 0.000000,
        "20" : 0.000000,
        "50" : 0.000000,
        "100" : 0.000000,
        "250" : 0.000000,
        "500" : 0.000000,
        "750" : 0.000000,
        "1000" : 0.000000
      },
      "latency_us" : {
        "2" : 0.010000,
        "4" : 0.010000,
        "10" : 0.010000,
        "20" : 0.010000,
        "50" : 0.010000,
        "100" : 0.010000,
        "250" : 0.010000,
        "500" : 0.010000,
        "750" : 0.099476,
        "1000" : 0.541256
      },
      "latency_ms" : {
        "2" : 23.021065,
        "4" : 67.010460,
        "10" : 9.257416,
        "20" : 0.043953,
        "50" : 0.010000,
        "100" : 0.010000,
        "250" : 0.013245,
        "500" : 0.010000,
        "750" : 0.000000,
        "1000" : 0.000000,
        "2000" : 0.000000,
        ">=2000" : 0.000000
      },
      "latency_depth" : 32,
      "latency_target" : 0,
      "latency_percentile" : 100.000000,
      "latency_window" : 0
    },
    {
      "jobname" : "seq-read-bench",
      "groupid" : 1,
      "error" : 0,
      "eta" : 0,
      "elapsed" : 353,
      "job options" : {
        "ioengine" : "libaio",
        "iodepth" : "32",
        "direct" : "1",
        "runtime" : "1m",
        "rw" : "read",
        "percentile_list" : "50:75:90:95:99:99.9:99.99:99.999:100",
        "filename_format" : "read-lat.1.0"
      },
      "read" : {
        "io_bytes" : 139963875328,
        "io_kbytes" : 136683472,
        "bw_bytes" : 2332692377,
        "bw" : 2278019,
        "iops" : 569504.974917,
        "runtime" : 60001,
        "total_ios" : 34170868,
        "short_ios" : 0,
        "drop_ios" : 0,
        "slat_ns" : {
          "min" : 856,
          "max" : 1784795,