{
  "fio version" : "fio-3.32-10-g6b6f5-dirty",
  "timestamp" : 1676742578,
  "timestamp_ms" : 1676742578243,
  "time" : "Sat Feb 18 17:49:38 2023",
  "global options" : {
    "name" : "zns-fio",
    "directory" : "/mnt/f2fs",
    "size" : "80G",
    "ioengine" : "psync",
    "iodepth" : "1",
    "rw" : "write",
    "bs" : "4K",
    "runtime" : "1m",
    "ramp_time" : "30s",
    "ioscheduler" : "mq-deadline",
    "thread" : "1"
  },
  "jobs" : [
    {
      "jobname" : "hot-file",
      "groupid" : 0,
      "error" : 0,
      "eta" : 0,
      "elapsed" : 91,
      "job options" : {
        "numjobs" : "9",
        "fsync" : "128",
        "write_hint" : "short"
      },
      "read" : {
        "io_bytes" : 0,
        "io_kbytes" : 0,
        "bw_bytes" : 0,
        "bw" : 0,
        "iops" : 0.000000,
        "runtime" : 0,
        "total_ios" : 0,
        "short_ios" : 0,
        "drop_ios" : 0,
        "slat_ns" : {
          "min" : 0,
          "max" : 0,
          "mean" : 0.000000,
          "stddev" : 0.000000,
          "N" : 0
        },
        "clat_ns" : {
          "min" : 0,
          "max" : 0,
          "mean" : 0.000000,
          "stddev" : 0.000000,
          "N" : 0
        },
        "lat_ns" : {
          "min" : 0,
          "max" : 0,
          "mean" : 0.000000,
          "stddev" : 0.000000,
          "N" : 0
        },
        "bw_min" : 0,
        "bw_max" : 0,
        "bw_agg" : 0.000000,
        "bw_mean" : 0.000000,
        "bw_dev" : 0.000000,
        "bw_samples" : 0,
        "iops_min" : 0,
        "iops_max" : 0,
        "iops_mean" : 0.000000,
        "iops_stddev" : 0.000000,
        "iops_samples" : 0
      },
      "write" : {
        "io_bytes" : 47485480960,
        "io_kbytes" : 46372540,
        "bw_bytes" : 791385113,
        "bw" : 772837,
        "iops" : 193209.256204,
        "runtime" : 60003,
        "total_ios" : 11593135,
        "short_ios" : 0,
        "drop_ios" : 0,
        "slat_ns" : {
          "min" : 0,
          "max" : 0,
          "mean" : 0.000000,
          "stddev" : 0.000000,
          "N" : 0
        },
        "clat_ns" : {
          "min" : 2367,
          "max" : 12660773,
          "mean" : 8518.422606,
          "stddev" : 41797.192228,
          "N" : 11593135,
          "percentile" : {
            "1.000000" : 3856,
            "5.000000" : 4448,
            "10.000000" : 4768,
            "20.000000" : 5280,
            "30.000000" : 5792,
            "40.000000" : 6368,
            "50.000000" : 7008,
            "60.000000" : 7584,
            "70.000000" : 8160,
            "80.000000" : 8896,
            "90.000000" : 10304,
            "95.000000" : 12096,
            "99.000000" : 20608,
            "99.500000" : 32128,
            "99.900000" : 189440,
            "99.950000" : 569344,
            "99.990000" : 2244608
          }
        },
        "lat_ns" : {
          "min" : 2427,
          "max" : 12660964,
          "mean" : 8673.442478,
          "stddev" : 41965.470718,
          "N" : 11593135
        },
        "bw_min" : 460058,
        "bw_max" : 885913,
        "bw_agg" : 100.000000,
        "bw_mean" : 773684.529412,
        "bw_dev" : 7232.175922,
        "bw_samples" : 1071,
        "iops_min" : 115012,
        "iops_max" : 221478,
        "iops_mean" : 193420.546218,
        "iops_stddev" : 1808.056252,
        "iops_samples" : 1071
      },
      "trim" : {
        "io_bytes" : 0,
        "io_kbytes" : 0,
        "bw_bytes" : 0,
        "bw" : 0,
        "iops" : 0.000000,
        "runtime" : 0,
        "total_ios" : 0,
        "short_ios" : 0,
        "drop_ios" : 0,
        "slat_ns" : {
          "min" : 0,
          "max" : 0,
          "mean" : 0.000000,
          "stddev" : 0.000000,
          "N" : 0
        },
        "clat_ns" : {
          "min" : 0,
          "max" : 0,
          "mean" : 0.000000,
          "stddev" : 0.000000,
          "N" : 0
        },
        "lat_ns" : {
          "min" : 0,
          "max" : 0,
          "mean" : 0.000000,
          "stddev" : 0.000000,
          "N" : 0
        },
        "bw_min" : 0,
        "bw_max" : 0,
        "bw_agg" : 0.000000,
        "bw_mean" : 0.000000,
        "bw_dev" : 0.000000,
        "bw_samples" : 0,
        "iops_min" : 0,
        "iops_max" : 0,
        "iops_mean" : 0.000000,
        "iops_stddev" : 0.000000,
        "iops_samples" : 0
      },
      "sync" : {
        "total_ios" : 90570,
        "lat_ns" : {
          "min" : 659555,
          "max" : 219162604,
          "mean" : 4761085.162581,
          "stddev" : 4036133.691373,
          "N" : 90570,
          "percentile" : {
            "1.000000" : 1777664,
            "5.000000" : 2637824,
            "10.000000" : 3096576,
            "20.000000" : 3620864,
            "30.000000" : 3948544,
            "40.000000" : 4227072,
            "50.000000" : 4489216,
            "60.000000" : 4816896,
            "70.000000" : 5144576,
            "80.000000" : 5603328,
            "90.000000" : 6389760,
            "95.000000" : 7307264,
            "99.000000" : 9633792,
            "99.500000" : 10682368,
            "99.900000" : 13697024,
            "99.950000" : 103284736,
            "99.990000" : 198180864
          }
        }
      },
      "job_runtime" : 540004,
      "usr_cpu" : 2.853312,
      "sys_cpu" : 73.886675,
      "ctx" : 1130918,
      "majf" : 0,
      "minf" : 0,
      "iodepth_level" : {
        "1" : 100.781238,
        "2" : 0.000000,
        "4" : 0.000000,
        "8" : 0.000000,
        "16" : 0.000000,
        "32" : 0.000000,
        ">=64" : 0.000000
      },
      "iodepth_submit" : {
        "0" : 0.000000,
        "4" : 100.000000,
        "8" : 0.000000,
        "16" : 0.000000,
        "32" : 0.000000,
        "64" : 0.000000,
        ">=64" : 0.000000
      },
      "iodepth_complete" : {
        "0" : 0.000000,
        "4" : 100.000000,
        "8" : 0.000000,
        "16" : 0.000000,
        "32" : 0.000000,
        "64" : 0.000000,
        ">=64" : 0.000000
      },
      "latency_ns" : {
        "2" : 0.000000,
        "4" : 0.000000,
        "10" : 0.000000,
        "20" : 0.000000,
        "50" : 0.000000,
        "100" : 0.000000,
        "250" : 0.000000,
        "500" : 0.000000,
        "750" : 0.000000,
        "1000" : 0.000000
      },
      "latency_us" : {
        "2" : 0.000000,
        "4" : 1.659241,
        "10" : 86.835882,
        "20" : 10.444811,
        "50" : 0.740257,
        "100" : 0.145690,
        "250" : 0.090899,
        "500" : 0.030328,
        "750" : 0.014897,
        "1000" : 0.010000
      },
      "latency_ms" : {
        "2" : 0.017105,
        "4" : 0.011214,
        "10" : 0.010000,
        "20" : 0.010000,
        "50" : 0.000000,
        "100" : 0.000000,
        "250" : 0.000000,
        "500" : 0.000000,
        "750" : 0.000000,
        "1000" : 0.000000,
        "2000" : 0.000000,
        ">=2000" : 0.000000
      },
      "latency_depth" : 1,
      "latency_target" : 0,
      "latency_percentile" : 100.000000,
      "latency_window" : 0
    }
  ],
  "disk_util" : [
    {
      "name" : "nullb0",
      "read_ios" : 2,
      "write_ios" : 1120,
      "read_merges" : 0,
      "write_merges" : 35,
      "read_ticks" : 1,
      "write_ticks" : 2688,
      "in_queue" : 2688,
      "util" : 0.343133
    }
  ]
}
