{
  "fio version" : "fio-3.32-10-g6b6f5-dirty",
  "timestamp" : 1676742368,
  "timestamp_ms" : 1676742368899,
  "time" : "Sat Feb 18 17:46:08 2023",
  "global options" : {
    "name" : "zns-fio",
    "directory" : "/mnt/f2fs",
    "size" : "80G",
    "ioengine" : "psync",
    "iodepth" : "1",
    "rw" : "write",
    "bs" : "4K",
    "runtime" : "1m",
    "ramp_time" : "30s",
    "ioscheduler" : "mq-deadline",
    "thread" : "1"
  },
  "jobs" : [
    {
      "jobname" : "hot-file",
      "groupid" : 0,
      "error" : 0,
      "eta" : 0,
      "elapsed" : 91,
      "job options" : {
        "numjobs" : "7",
        "fsync" : "128",
        "write_hint" : "short"
      },
      "read" : {
        "io_bytes" : 0,
        "io_kbytes" : 0,
        "bw_bytes" : 0,
        "bw" : 0,
        "iops" : 0.000000,
        "runtime" : 0,
        "total_ios" : 0,
        "short_ios" : 0,
        "drop_ios" : 0,
        "slat_ns" : {
          "min" : 0,
          "max" : 0,
          "mean" : 0.000000,
          "stddev" : 0.000000,
          "N" : 0
        },
        "clat_ns" : {
          "min" : 0,
          "max" : 0,
          "mean" : 0.000000,
          "stddev" : 0.000000,
          "N" : 0
        },
        "lat_ns" : {
          "min" : 0,
          "max" : 0,
          "mean" : 0.000000,
          "stddev" : 0.000000,
          "N" : 0
        },
        "bw_min" : 0,
        "bw_max" : 0,
        "bw_agg" : 0.000000,
        "bw_mean" : 0.000000,
        "bw_dev" : 0.000000,
        "bw_samples" : 0,
        "iops_min" : 0,
        "iops_max" : 0,
        "iops_mean" : 0.000000,
        "iops_stddev" : 0.000000,
        "iops_samples" : 0
      },
      "write" : {
        "io_bytes" : 47336869888,
        "io_kbytes" : 46227412,
        "bw_bytes" : 788921534,
        "bw" : 770431,
        "iops" : 192607.796407,
        "runtime" : 60002,
        "total_ios" : 11556853,
        "short_ios" : 0,
        "drop_ios" : 0,
        "slat_ns" : {
          "min" : 0,
          "max" : 0,
          "mean" : 0.000000,
          "stddev" : 0.000000,
          "N" : 0
        },
        "clat_ns" : {
          "min" : 2465,
          "max" : 9591809,
          "mean" : 8514.058865,
          "stddev" : 38205.720881,
          "N" : 11556853,
          "percentile" : {
            "1.000000" : 3920,
            "5.000000" : 4448,
            "10.000000" : 4768,
            "20.000000" : 5344,
            "30.000000" : 5920,
            "40.000000" : 6560,
            "50.000000" : 7136,
            "60.000000" : 7648,
            "70.000000" : 8160,
            "80.000000" : 8896,
            "90.000000" : 10432,
            "95.000000" : 12096,
            "99.000000" : 20352,
            "99.500000" : 32128,
            "99.900000" : 171008,
            "99.950000" : 528384,
            "99.990000" : 2146304
          }
        },
        "lat_ns" : {
          "min" : 2532,
          "max" : 9591930,
          "mean" : 8660.909910,
          "stddev" : 38314.882811,
          "N" : 11556853
        },
        "bw_min" : 466296,
        "bw_max" : 894095,
        "bw_agg" : 100.000000,
        "bw_mean" : 771247.310924,
        "bw_dev" : 9669.508185,
        "bw_samples" : 833,
        "iops_min" : 116573,
        "iops_max" : 223523,
        "iops_mean" : 192810.285714,
        "iops_stddev" : 2417.371332,
        "iops_samples" : 833
      },
      "trim" : {
        "io_bytes" : 0,
        "io_kbytes" : 0,
        "bw_bytes" : 0,
        "bw" : 0,
        "iops" : 0.000000,
        "runtime" : 0,
        "total_ios" : 0,
        "short_ios" : 0,
        "drop_ios" : 0,
        "slat_ns" : {
          "min" : 0,
          "max" : 0,
          "mean" : 0.000000,
          "stddev" : 0.000000,
          "N" : 0
        },
        "clat_ns" : {
          "min" : 0,
          "max" : 0,
          "mean" : 0.000000,
          "stddev" : 0.000000,
          "N" : 0
        },
        "lat_ns" : {
          "min" : 0,
          "max" : 0,
          "mean" : 0.000000,
          "stddev" : 0.000000,
          "N" : 0
        },
        "bw_min" : 0,
        "bw_max" : 0,
        "bw_agg" : 0.000000,
        "bw_mean" : 0.000000,
        "bw_dev" : 0.000000,
        "bw_samples" : 0,
        "iops_min" : 0,
        "iops_max" : 0,
        "iops_mean" : 0.000000,
        "iops_stddev" : 0.000000,
        "iops_samples" : 0
      },
      "sync" : {
        "total_ios" : 90287,
        "lat_ns" : {
          "min" : 632450,
          "max" : 174235829,
          "mean" : 3455536.363951,
          "stddev" : 3237057.030872,
          "N" : 90287,
          "percentile" : {
            "1.000000" : 1204224,
            "5.000000" : 1744896,
            "10.000000" : 2072576,
            "20.000000" : 2473984,
            "30.000000" : 2768896,
            "40.000000" : 3031040,
            "50.000000" : 3260416,
            "60.000000" : 3489792,
            "70.000000" : 3751936,
            "80.000000" : 4112384,
            "90.000000" : 4751360,
            "95.000000" : 5603328,
            "99.000000" : 7372800,
            "99.500000" : 8093696,
            "99.900000" : 10289152,
            "99.950000" : 79167488,
            "99.990000" : 160432128
          }
        }
      },
      "job_runtime" : 420003,
      "usr_cpu" : 3.625688,
      "sys_cpu" : 72.988764,
      "ctx" : 1066884,
      "majf" : 0,
      "minf" : 0,
      "iodepth_level" : {
        "1" : 100.781242,
        "2" : 0.000000,
        "4" : 0.000000,
        "8" : 0.000000,
        "16" : 0.000000,
        "32" : 0.000000,
        ">=64" : 0.000000
      },
      "iodepth_submit" : {
        "0" : 0.000000,
        "4" : 100.000000,
        "8" : 0.000000,
        "16" : 0.000000,
        "32" : 0.000000,
        "64" : 0.000000,
        ">=64" : 0.000000
      },
      "iodepth_complete" : {
        "0" : 0.000000,
        "4" : 100.000000,
        "8" : 0.000000,
        "16" : 0.000000,
        "32" : 0.000000,
        "64" : 0.000000,
        ">=64" : 0.000000
      },
      "latency_ns" : {
        "2" : 0.000000,
        "4" : 0.000000,
        "10" : 0.000000,
        "20" : 0.000000,
        "50" : 0.000000,
        "100" : 0.000000,
        "250" : 0.000000,
        "500" : 0.000000,
        "750" : 0.000000,
        "1000" : 0.000000
      },
      "latency_us" : {
        "2" : 0.000000,
        "4" : 1.366834,
        "10" : 86.936063,
        "20" : 10.668692,
        "50" : 0.714182,
        "100" : 0.146433,
        "250" : 0.089912,
        "500" : 0.027542,
        "750" : 0.013014,
        "1000" : 0.010000
      },
      "latency_ms" : {
        "2" : 0.017686,
        "4" : 0.011863,
        "10" : 0.010000,
        "20" : 0.000000,
        "50" : 0.000000,
        "100" : 0.000000,
        "250" : 0.000000,
        "500" : 0.000000,
        "750" : 0.000000,
        "1000" : 0.000000,
        "2000" : 0.000000,
        ">=2000" : 0.000000
      },
      "latency_depth" : 1,
      "latency_target" : 0,
      "latency_percentile" : 100.000000,
      "latency_window" : 0
    }
  ],
  "disk_util" : [
    {
      "name" : "nullb0",
      "read_ios" : 0,
      "write_ios" : 1070,
      "read_merges" : 0,
      "write_merges" : 45,
      "read_ticks" : 0,
      "write_ticks" : 5703,
      "in_queue" : 5704,
      "util" : 0.623851
    }
  ]
}
