{
  "fio version" : "fio-3.32-10-g6b6f5-dirty",
  "timestamp" : 1676742265,
  "timestamp_ms" : 1676742265327,
  "time" : "Sat Feb 18 17:44:25 2023",
  "global options" : {
    "name" : "zns-fio",
    "directory" : "/mnt/f2fs",
    "size" : "80G",
    "ioengine" : "psync",
    "iodepth" : "1",
    "rw" : "write",
    "bs" : "4K",
    "runtime" : "1m",
    "ramp_time" : "30s",
    "ioscheduler" : "mq-deadline",
    "thread" : "1"
  },
  "jobs" : [
    {
      "jobname" : "hot-file",
      "groupid" : 0,
      "error" : 0,
      "eta" : 0,
      "elapsed" : 91,
      "job options" : {
        "numjobs" : "6",
        "fsync" : "128",
        "write_hint" : "short"
      },
      "read" : {
        "io_bytes" : 0,
        "io_kbytes" : 0,
        "bw_bytes" : 0,
        "bw" : 0,
        "iops" : 0.000000,
        "runtime" : 0,
        "total_ios" : 0,
        "short_ios" : 0,
        "drop_ios" : 0,
        "slat_ns" : {
          "min" : 0,
          "max" : 0,
          "mean" : 0.000000,
          "stddev" : 0.000000,
          "N" : 0
        },
        "clat_ns" : {
          "min" : 0,
          "max" : 0,
          "mean" : 0.000000,
          "stddev" : 0.000000,
          "N" : 0
        },
        "lat_ns" : {
          "min" : 0,
          "max" : 0,
          "mean" : 0.000000,
          "stddev" : 0.000000,
          "N" : 0
        },
        "bw_min" : 0,
        "bw_max" : 0,
        "bw_agg" : 0.000000,
        "bw_mean" : 0.000000,
        "bw_dev" : 0.000000,
        "bw_samples" : 0,
        "iops_min" : 0,
        "iops_max" : 0,
        "iops_mean" : 0.000000,
        "iops_stddev" : 0.000000,
        "iops_samples" : 0
      },
      "write" : {
        "io_bytes" : 45777166336,
        "io_kbytes" : 44704264,
        "bw_bytes" : 762940056,
        "bw" : 745058,
        "iops" : 186264.662256,
        "runtime" : 60001,
        "total_ios" : 11176066,
        "short_ios" : 0,
        "drop_ios" : 0,
        "slat_ns" : {
          "min" : 0,
          "max" : 0,
          "mean" : 0.000000,
          "stddev" : 0.000000,
          "N" : 0
        },
        "clat_ns" : {
          "min" : 2410,
          "max" : 11375193,
          "mean" : 8513.616374,
          "stddev" : 36052.369469,
          "N" : 11176066,
          "percentile" : {
            "1.000000" : 3920,
            "5.000000" : 4448,
            "10.000000" : 4832,
            "20.000000" : 5408,
            "30.000000" : 5984,
            "40.000000" : 6560,
            "50.000000" : 7200,
            "60.000000" : 7776,
            "70.000000" : 8384,
            "80.000000" : 9024,
            "90.000000" : 10304,
            "95.000000" : 12096,
            "99.000000" : 20096,
            "99.500000" : 31616,
            "99.900000" : 164864,
            "99.950000" : 415744,
            "99.990000" : 2088960
          }
        },
        "lat_ns" : {
          "min" : 2493,
          "max" : 11375325,
          "mean" : 8714.449298,
          "stddev" : 36169.067462,
          "N" : 11176066
        },
        "bw_min" : 485126,
        "bw_max" : 856428,
        "bw_agg" : 100.000000,
        "bw_mean" : 746103.831933,
        "bw_dev" : 10635.793684,
        "bw_samples" : 714,
        "iops_min" : 121280,
        "iops_max" : 214106,
        "iops_mean" : 186525.142857,
        "iops_stddev" : 2658.957616,
        "iops_samples" : 714
      },
      "trim" : {
        "io_bytes" : 0,
        "io_kbytes" : 0,
        "bw_bytes" : 0,
        "bw" : 0,
        "iops" : 0.000000,
        "runtime" : 0,
        "total_ios" : 0,
        "short_ios" : 0,
        "drop_ios" : 0,
        "slat_ns" : {
          "min" : 0,
          "max" : 0,
          "mean" : 0.000000,
          "stddev" : 0.000000,
          "N" : 0
        },
        "clat_ns" : {
          "min" : 0,
          "max" : 0,
          "mean" : 0.000000,
          "stddev" : 0.000000,
          "N" : 0
        },
        "lat_ns" : {
          "min" : 0,
          "max" : 0,
          "mean" : 0.000000,
          "stddev" : 0.000000,
          "N" : 0
        },
        "bw_min" : 0,
        "bw_max" : 0,
        "bw_agg" : 0.000000,
        "bw_mean" : 0.000000,
        "bw_dev" : 0.000000,
        "bw_samples" : 0,
        "iops_min" : 0,
        "iops_max" : 0,
        "iops_mean" : 0.000000,
        "iops_stddev" : 0.000000,
        "iops_samples" : 0
      },
      "sync" : {
        "total_ios" : 87312,
        "lat_ns" : {
          "min" : 639303,
          "max" : 151918240,
          "mean" : 2903750.430983,
          "stddev" : 2841669.911241,
          "N" : 87312,
          "percentile" : {
            "1.000000" : 1019904,
            "5.000000" : 1417216,
            "10.000000" : 1695744,
            "20.000000" : 2039808,
            "30.000000" : 2277376,
            "40.000000" : 2506752,
            "50.000000" : 2703360,
            "60.000000" : 2932736,
            "70.000000" : 3162112,
            "80.000000" : 3489792,
            "90.000000" : 4079616,
            "95.000000" : 4816896,
            "99.000000" : 6389760,
            "99.500000" : 6914048,
            "99.900000" : 8847360,
            "99.950000" : 69730304,
            "99.990000" : 137363456
          }
        }
      },
      "job_runtime" : 360000,
      "usr_cpu" : 4.738056,
      "sys_cpu" : 71.570556,
      "ctx" : 978709,
      "majf" : 0,
      "minf" : 0,
      "iodepth_level" : {
        "1" : 100.781241,
        "2" : 0.000000,
        "4" : 0.000000,
        "8" : 0.000000,
        "16" : 0.000000,
        "32" : 0.000000,
        ">=64" : 0.000000
      },
      "iodepth_submit" : {
        "0" : 0.000000,
        "4" : 100.000000,
        "8" : 0.000000,
        "16" : 0.000000,
        "32" : 0.000000,
        "64" : 0.000000,
        ">=64" : 0.000000
      },
      "iodepth_complete" : {
        "0" : 0.000000,
        "4" : 100.000000,
        "8" : 0.000000,
        "16" : 0.000000,
        "32" : 0.000000,
        "64" : 0.000000,
        ">=64" : 0.000000
      },
      "latency_ns" : {
        "2" : 0.000000,
        "4" : 0.000000,
        "10" : 0.000000,
        "20" : 0.000000,
        "50" : 0.000000,
        "100" : 0.000000,
        "250" : 0.000000,
        "500" : 0.000000,
        "750" : 0.000000,
        "1000" : 0.000000
      },
      "latency_us" : {
        "2" : 0.000000,
        "4" : 1.384065,
        "10" : 87.103798,
        "20" : 10.513494,
        "50" : 0.689214,
        "100" : 0.147261,
        "250" : 0.087857,
        "500" : 0.026619,
        "750" : 0.012750,
        "1000" : 0.010000
      },
      "latency_ms" : {
        "2" : 0.016392,
        "4" : 0.010827,
        "10" : 0.010000,
        "20" : 0.010000,
        "50" : 0.000000,
        "100" : 0.000000,
        "250" : 0.000000,
        "500" : 0.000000,
        "750" : 0.000000,
        "1000" : 0.000000,
        "2000" : 0.000000,
        ">=2000" : 0.000000
      },
      "latency_depth" : 1,
      "latency_target" : 0,
      "latency_percentile" : 100.000000,
      "latency_window" : 0
    }
  ],
  "disk_util" : [
    {
      "name" : "nullb0",
      "read_ios" : 0,
      "write_ios" : 1021,
      "read_merges" : 0,
      "write_merges" : 43,
      "read_ticks" : 0,
      "write_ticks" : 4165,
      "in_queue" : 4165,
      "util" : 0.472308
    }
  ]
}
