{
  "fio version" : "fio-3.32-10-g6b6f5-dirty",
  "timestamp" : 1676741960,
  "timestamp_ms" : 1676741960208,
  "time" : "Sat Feb 18 17:39:20 2023",
  "global options" : {
    "name" : "zns-fio",
    "directory" : "/mnt/f2fs",
    "size" : "80G",
    "ioengine" : "psync",
    "iodepth" : "1",
    "rw" : "write",
    "bs" : "4K",
    "runtime" : "1m",
    "ramp_time" : "30s",
    "ioscheduler" : "mq-deadline",
    "thread" : "1"
  },
  "jobs" : [
    {
      "jobname" : "hot-file",
      "groupid" : 0,
      "error" : 0,
      "eta" : 0,
      "elapsed" : 91,
      "job options" : {
        "numjobs" : "3",
        "fsync" : "128",
        "write_hint" : "short"
      },
      "read" : {
        "io_bytes" : 0,
        "io_kbytes" : 0,
        "bw_bytes" : 0,
        "bw" : 0,
        "iops" : 0.000000,
        "runtime" : 0,
        "total_ios" : 0,
        "short_ios" : 0,
        "drop_ios" : 0,
        "slat_ns" : {
          "min" : 0,
          "max" : 0,
          "mean" : 0.000000,
          "stddev" : 0.000000,
          "N" : 0
        },
        "clat_ns" : {
          "min" : 0,
          "max" : 0,
          "mean" : 0.000000,
          "stddev" : 0.000000,
          "N" : 0
        },
        "lat_ns" : {
          "min" : 0,
          "max" : 0,
          "mean" : 0.000000,
          "stddev" : 0.000000,
          "N" : 0
        },
        "bw_min" : 0,
        "bw_max" : 0,
        "bw_agg" : 0.000000,
        "bw_mean" : 0.000000,
        "bw_dev" : 0.000000,
        "bw_samples" : 0,
        "iops_min" : 0,
        "iops_max" : 0,
        "iops_mean" : 0.000000,
        "iops_stddev" : 0.000000,
        "iops_samples" : 0
      },
      "write" : {
        "io_bytes" : 34051457024,
        "io_kbytes" : 33253376,
        "bw_bytes" : 567514825,
        "bw" : 554213,
        "iops" : 138553.424110,
        "runtime" : 60001,
        "total_ios" : 8313344,
        "short_ios" : 0,
        "drop_ios" : 0,
        "slat_ns" : {
          "min" : 0,
          "max" : 0,
          "mean" : 0.000000,
          "stddev" : 0.000000,
          "N" : 0
        },
        "clat_ns" : {
          "min" : 2658,
          "max" : 8474041,
          "mean" : 7618.620806,
          "stddev" : 23941.445866,
          "N" : 8313344,
          "percentile" : {
            "1.000000" : 3728,
            "5.000000" : 4080,
            "10.000000" : 4384,
            "20.000000" : 5024,
            "30.000000" : 5664,
            "40.000000" : 6304,
            "50.000000" : 6880,
            "60.000000" : 7328,
            "70.000000" : 7776,
            "80.000000" : 8384,
            "90.000000" : 9664,
            "95.000000" : 11328,
            "99.000000" : 17792,
            "99.500000" : 28032,
            "99.900000" : 108032,
            "99.950000" : 214016,
            "99.990000" : 1253376
          }
        },
        "lat_ns" : {
          "min" : 2726,
          "max" : 8474152,
          "mean" : 7765.077367,
          "stddev" : 23999.095636,
          "N" : 8313344
        },
        "bw_min" : 393910,
        "bw_max" : 682077,
        "bw_agg" : 100.000000,
        "bw_mean" : 555546.436975,
        "bw_dev" : 16824.033303,
        "bw_samples" : 357,
        "iops_min" : 98477,
        "iops_max" : 170519,
        "iops_mean" : 138886.327731,
        "iops_stddev" : 4206.003158,
        "iops_samples" : 357
      },
      "trim" : {
        "io_bytes" : 0,
        "io_kbytes" : 0,
        "bw_bytes" : 0,
        "bw" : 0,
        "iops" : 0.000000,
        "runtime" : 0,
        "total_ios" : 0,
        "short_ios" : 0,
        "drop_ios" : 0,
        "slat_ns" : {
          "min" : 0,
          "max" : 0,
          "mean" : 0.000000,
          "stddev" : 0.000000,
          "N" : 0
        },
        "clat_ns" : {
          "min" : 0,
          "max" : 0,
          "mean" : 0.000000,
          "stddev" : 0.000000,
          "N" : 0
        },
        "lat_ns" : {
          "min" : 0,
          "max" : 0,
          "mean" : 0.000000,
          "stddev" : 0.000000,
          "N" : 0
        },
        "bw_min" : 0,
        "bw_max" : 0,
        "bw_agg" : 0.000000,
        "bw_mean" : 0.000000,
        "bw_dev" : 0.000000,
        "bw_samples" : 0,
        "iops_min" : 0,
        "iops_max" : 0,
        "iops_mean" : 0.000000,
        "iops_stddev" : 0.000000,
        "iops_samples" : 0
      },
      "sync" : {
        "total_ios" : 64948,
        "lat_ns" : {
          "min" : 555523,
          "max" : 81674913,
          "mean" : 1685242.495997,
          "stddev" : 1686620.660522,
          "N" : 64948,
          "percentile" : {
            "1.000000" : 667648,
            "5.000000" : 790528,
            "10.000000" : 913408,
            "20.000000" : 1122304,
            "30.000000" : 1253376,
            "40.000000" : 1384448,
            "50.000000" : 1531904,
            "60.000000" : 1679360,
            "70.000000" : 1859584,
            "80.000000" : 2088960,
            "90.000000" : 2473984,
            "95.000000" : 2932736,
            "99.000000" : 4145152,
            "99.500000" : 4751360,
            "99.900000" : 6193152,
            "99.950000" : 56885248,
            "99.990000" : 79167488
          }
        }
      },
      "job_runtime" : 180000,
      "usr_cpu" : 7.047778,
      "sys_cpu" : 70.159444,
      "ctx" : 510664,
      "majf" : 0,
      "minf" : 0,
      "iodepth_level" : {
        "1" : 100.781250,
        "2" : 0.000000,
        "4" : 0.000000,
        "8" : 0.000000,
        "16" : 0.000000,
        "32" : 0.000000,
        ">=64" : 0.000000
      },
      "iodepth_submit" : {
        "0" : 0.000000,
        "4" : 100.000000,
        "8" : 0.000000,
        "16" : 0.000000,
        "32" : 0.000000,
        "64" : 0.000000,
        ">=64" : 0.000000
      },
      "iodepth_complete" : {
        "0" : 0.000000,
        "4" : 100.000000,
        "8" : 0.000000,
        "16" : 0.000000,
        "32" : 0.000000,
        "64" : 0.000000,
        ">=64" : 0.000000
      },
      "latency_ns" : {
        "2" : 0.000000,
        "4" : 0.000000,
        "10" : 0.000000,
        "20" : 0.000000,
        "50" : 0.000000,
        "100" : 0.000000,
        "250" : 0.000000,
        "500" : 0.000000,
        "750" : 0.000000,
        "1000" : 0.000000
      },
      "latency_us" : {
        "2" : 0.000000,
        "4" : 3.891070,
        "10" : 87.286416,
        "20" : 7.994978,
        "50" : 0.636820,
        "100" : 0.086006,
        "250" : 0.061504,
        "500" : 0.019799,
        "750" : 0.010000,
        "1000" : 0.010000
      },
      "latency_ms" : {
        "2" : 0.010000,
        "4" : 0.010000,
        "10" : 0.010000,
        "20" : 0.000000,
        "50" : 0.000000,
        "100" : 0.000000,
        "250" : 0.000000,
        "500" : 0.000000,
        "750" : 0.000000,
        "1000" : 0.000000,
        "2000" : 0.000000,
        ">=2000" : 0.000000
      },
      "latency_depth" : 1,
      "latency_target" : 0,
      "latency_percentile" : 100.000000,
      "latency_window" : 0
    }
  ],
  "disk_util" : [
    {
      "name" : "nullb0",
      "read_ios" : 128,
      "write_ios" : 723,
      "read_merges" : 0,
      "write_merges" : 33,
      "read_ticks" : 5,
      "write_ticks" : 5516,
      "in_queue" : 5521,
      "util" : 0.373333
    }
  ]
}
