{
  "fio version" : "fio-3.32-10-g6b6f5-dirty",
  "timestamp" : 1676741860,
  "timestamp_ms" : 1676741860445,
  "time" : "Sat Feb 18 17:37:40 2023",
  "global options" : {
    "name" : "zns-fio",
    "directory" : "/mnt/f2fs",
    "size" : "80G",
    "ioengine" : "psync",
    "iodepth" : "1",
    "rw" : "write",
    "bs" : "4K",
    "runtime" : "1m",
    "ramp_time" : "30s",
    "ioscheduler" : "mq-deadline",
    "thread" : "1"
  },
  "jobs" : [
    {
      "jobname" : "hot-file",
      "groupid" : 0,
      "error" : 0,
      "eta" : 0,
      "elapsed" : 91,
      "job options" : {
        "numjobs" : "2",
        "fsync" : "128",
        "write_hint" : "short"
      },
      "read" : {
        "io_bytes" : 0,
        "io_kbytes" : 0,
        "bw_bytes" : 0,
        "bw" : 0,
        "iops" : 0.000000,
        "runtime" : 0,
        "total_ios" : 0,
        "short_ios" : 0,
        "drop_ios" : 0,
        "slat_ns" : {
          "min" : 0,
          "max" : 0,
          "mean" : 0.000000,
          "stddev" : 0.000000,
          "N" : 0
        },
        "clat_ns" : {
          "min" : 0,
          "max" : 0,
          "mean" : 0.000000,
          "stddev" : 0.000000,
          "N" : 0
        },
        "lat_ns" : {
          "min" : 0,
          "max" : 0,
          "mean" : 0.000000,
          "stddev" : 0.000000,
          "N" : 0
        },
        "bw_min" : 0,
        "bw_max" : 0,
        "bw_agg" : 0.000000,
        "bw_mean" : 0.000000,
        "bw_dev" : 0.000000,
        "bw_samples" : 0,
        "iops_min" : 0,
        "iops_max" : 0,
        "iops_mean" : 0.000000,
        "iops_stddev" : 0.000000,
        "iops_samples" : 0
      },
      "write" : {
        "io_bytes" : 25586442240,
        "io_kbytes" : 24986760,
        "bw_bytes" : 426433596,
        "bw" : 416439,
        "iops" : 104109.764837,
        "runtime" : 60001,
        "total_ios" : 6246690,
        "short_ios" : 0,
        "drop_ios" : 0,
        "slat_ns" : {
          "min" : 0,
          "max" : 0,
          "mean" : 0.000000,
          "stddev" : 0.000000,
          "N" : 0
        },
        "clat_ns" : {
          "min" : 2116,
          "max" : 4300772,
          "mean" : 7424.373765,
          "stddev" : 25601.893973,
          "N" : 6246690,
          "percentile" : {
            "1.000000" : 3504,
            "5.000000" : 3824,
            "10.000000" : 4080,
            "20.000000" : 4768,
            "30.000000" : 5472,
            "40.000000" : 6176,
            "50.000000" : 6816,
            "60.000000" : 7264,
            "70.000000" : 7840,
            "80.000000" : 8512,
            "90.000000" : 9664,
            "95.000000" : 11328,
            "99.000000" : 16768,
            "99.500000" : 24960,
            "99.900000" : 59136,
            "99.950000" : 138240,
            "99.990000" : 1302528
          }
        },
        "lat_ns" : {
          "min" : 2179,
          "max" : 4300914,
          "mean" : 7565.974454,
          "stddev" : 25674.719694,
          "N" : 6246690
        },
        "bw_min" : 315944,
        "bw_max" : 598016,
        "bw_agg" : 100.000000,
        "bw_mean" : 416623.011134,
        "bw_dev" : 28637.188599,
        "bw_samples" : 239,
        "iops_min" : 78986,
        "iops_max" : 149504,
        "iops_mean" : 104155.382283,
        "iops_stddev" : 7159.321295,
        "iops_samples" : 239
      },
      "trim" : {
        "io_bytes" : 0,
        "io_kbytes" : 0,
        "bw_bytes" : 0,
        "bw" : 0,
        "iops" : 0.000000,
        "runtime" : 0,
        "total_ios" : 0,
        "short_ios" : 0,
        "drop_ios" : 0,
        "slat_ns" : {
          "min" : 0,
          "max" : 0,
          "mean" : 0.000000,
          "stddev" : 0.000000,
          "N" : 0
        },
        "clat_ns" : {
          "min" : 0,
          "max" : 0,
          "mean" : 0.000000,
          "stddev" : 0.000000,
          "N" : 0
        },
        "lat_ns" : {
          "min" : 0,
          "max" : 0,
          "mean" : 0.000000,
          "stddev" : 0.000000,
          "N" : 0
        },
        "bw_min" : 0,
        "bw_max" : 0,
        "bw_agg" : 0.000000,
        "bw_mean" : 0.000000,
        "bw_dev" : 0.000000,
        "bw_samples" : 0,
        "iops_min" : 0,
        "iops_max" : 0,
        "iops_mean" : 0.000000,
        "iops_stddev" : 0.000000,
        "iops_samples" : 0
      },
      "sync" : {
        "total_ios" : 48802,
        "lat_ns" : {
          "min" : 472316,
          "max" : 73832113,
          "mean" : 1385567.872485,
          "stddev" : 1221307.109207,
          "N" : 48802,
          "percentile" : {
            "1.000000" : 610304,
            "5.000000" : 643072,
            "10.000000" : 724992,
            "20.000000" : 856064,
            "30.000000" : 1019904,
            "40.000000" : 1122304,
            "50.000000" : 1220608,
            "60.000000" : 1351680,
            "70.000000" : 1499136,
            "80.000000" : 1712128,
            "90.000000" : 2088960,
            "95.000000" : 2637824,
            "99.000000" : 3817472,
            "99.500000" : 4177920,
            "99.900000" : 5275648,
            "99.950000" : 34865152,
            "99.990000" : 47972352
          }
        }
      },
      "job_runtime" : 120000,
      "usr_cpu" : 8.255833,
      "sys_cpu" : 69.400000,
      "ctx" : 292267,
      "majf" : 0,
      "minf" : 0,
      "iodepth_level" : {
        "1" : 100.781246,
        "2" : 0.000000,
        "4" : 0.000000,
        "8" : 0.000000,
        "16" : 0.000000,
        "32" : 0.000000,
        ">=64" : 0.000000
      },
      "iodepth_submit" : {
        "0" : 0.000000,
        "4" : 100.000000,
        "8" : 0.000000,
        "16" : 0.000000,
        "32" : 0.000000,
        "64" : 0.000000,
        ">=64" : 0.000000
      },
      "iodepth_complete" : {
        "0" : 0.000000,
        "4" : 100.000000,
        "8" : 0.000000,
        "16" : 0.000000,
        "32" : 0.000000,
        "64" : 0.000000,
        ">=64" : 0.000000
      },
      "latency_ns" : {
        "2" : 0.000000,
        "4" : 0.000000,
        "10" : 0.000000,
        "20" : 0.000000,
        "50" : 0.000000,
        "100" : 0.000000,
        "250" : 0.000000,
        "500" : 0.000000,
        "750" : 0.000000,
        "1000" : 0.000000
      },
      "latency_us" : {
        "2" : 0.000000,
        "4" : 8.210684,
        "10" : 83.345404,
        "20" : 7.730206,
        "50" : 0.573792,
        "100" : 0.067540,
        "250" : 0.046008,
        "500" : 0.010614,
        "750" : 0.010000,
        "1000" : 0.010000
      },
      "latency_ms" : {
        "2" : 0.010000,
        "4" : 0.010000,
        "10" : 0.010000,
        "20" : 0.000000,
        "50" : 0.000000,
        "100" : 0.000000,
        "250" : 0.000000,
        "500" : 0.000000,
        "750" : 0.000000,
        "1000" : 0.000000,
        "2000" : 0.000000,
        ">=2000" : 0.000000
      },
      "latency_depth" : 1,
      "latency_target" : 0,
      "latency_percentile" : 100.000000,
      "latency_window" : 0
    }
  ],
  "disk_util" : [
    {
      "name" : "nullb0",
      "read_ios" : 83,
      "write_ios" : 636,
      "read_merges" : 0,
      "write_merges" : 30,
      "read_ticks" : 3,
      "write_ticks" : 1506,
      "in_queue" : 1509,
      "util" : 0.191111
    }
  ]
}
