{
  "fio version" : "fio-3.32-10-g6b6f5-dirty",
  "timestamp" : 1676741556,
  "timestamp_ms" : 1676741556054,
  "time" : "Sat Feb 18 17:32:36 2023",
  "global options" : {
    "name" : "zns-fio",
    "directory" : "/mnt/f2fs",
    "size" : "80G",
    "ioengine" : "psync",
    "iodepth" : "1",
    "rw" : "write",
    "bs" : "4K",
    "runtime" : "1m",
    "ramp_time" : "30s",
    "ioscheduler" : "mq-deadline",
    "thread" : "1"
  },
  "jobs" : [
    {
      "jobname" : "hot-file",
      "groupid" : 0,
      "error" : 0,
      "eta" : 0,
      "elapsed" : 91,
      "job options" : {
        "numjobs" : "8",
        "fsync" : "128",
        "write_hint" : "short"
      },
      "read" : {
        "io_bytes" : 0,
        "io_kbytes" : 0,
        "bw_bytes" : 0,
        "bw" : 0,
        "iops" : 0.000000,
        "runtime" : 0,
        "total_ios" : 0,
        "short_ios" : 0,
        "drop_ios" : 0,
        "slat_ns" : {
          "min" : 0,
          "max" : 0,
          "mean" : 0.000000,
          "stddev" : 0.000000,
          "N" : 0
        },
        "clat_ns" : {
          "min" : 0,
          "max" : 0,
          "mean" : 0.000000,
          "stddev" : 0.000000,
          "N" : 0
        },
        "lat_ns" : {
          "min" : 0,
          "max" : 0,
          "mean" : 0.000000,
          "stddev" : 0.000000,
          "N" : 0
        },
        "bw_min" : 0,
        "bw_max" : 0,
        "bw_agg" : 0.000000,
        "bw_mean" : 0.000000,
        "bw_dev" : 0.000000,
        "bw_samples" : 0,
        "iops_min" : 0,
        "iops_max" : 0,
        "iops_mean" : 0.000000,
        "iops_stddev" : 0.000000,
        "iops_samples" : 0
      },
      "write" : {
        "io_bytes" : 61196161024,
        "io_kbytes" : 59761876,
        "bw_bytes" : 1019902020,
        "bw" : 995998,
        "iops" : 248999.516683,
        "runtime" : 60002,
        "total_ios" : 14940469,
        "short_ios" : 0,
        "drop_ios" : 0,
        "slat_ns" : {
          "min" : 0,
          "max" : 0,
          "mean" : 0.000000,
          "stddev" : 0.000000,
          "N" : 0
        },
        "clat_ns" : {
          "min" : 2010,
          "max" : 7401903,
          "mean" : 7005.185305,
          "stddev" : 20551.077061,
          "N" : 14940469,
          "percentile" : {
            "1.000000" : 3600,
            "5.000000" : 4128,
            "10.000000" : 4384,
            "20.000000" : 4832,
            "30.000000" : 5152,
            "40.000000" : 5536,
            "50.000000" : 5920,
            "60.000000" : 6432,
            "70.000000" : 7072,
            "80.000000" : 7840,
            "90.000000" : 8896,
            "95.000000" : 10304,
            "99.000000" : 15936,
            "99.500000" : 21888,
            "99.900000" : 128512,
            "99.950000" : 234496,
            "99.990000" : 888832
          }
        },
        "lat_ns" : {
          "min" : 2072,
          "max" : 7401990,
          "mean" : 7134.435339,
          "stddev" : 20587.341265,
          "N" : 14940469
        },
        "bw_min" : 892927,
        "bw_max" : 1120249,
        "bw_agg" : 100.000000,
        "bw_mean" : 997356.689076,
        "bw_dev" : 5556.049130,
        "bw_samples" : 952,
        "iops_min" : 223229,
        "iops_max" : 280060,
        "iops_mean" : 249337.941176,
        "iops_stddev" : 1389.021115,
        "iops_samples" : 952
      },
      "trim" : {
        "io_bytes" : 0,
        "io_kbytes" : 0,
        "bw_bytes" : 0,
        "bw" : 0,
        "iops" : 0.000000,
        "runtime" : 0,
        "total_ios" : 0,
        "short_ios" : 0,
        "drop_ios" : 0,
        "slat_ns" : {
          "min" : 0,
          "max" : 0,
          "mean" : 0.000000,
          "stddev" : 0.000000,
          "N" : 0
        },
        "clat_ns" : {
          "min" : 0,
          "max" : 0,
          "mean" : 0.000000,
          "stddev" : 0.000000,
          "N" : 0
        },
        "lat_ns" : {
          "min" : 0,
          "max" : 0,
          "mean" : 0.000000,
          "stddev" : 0.000000,
          "N" : 0
        },
        "bw_min" : 0,
        "bw_max" : 0,
        "bw_agg" : 0.000000,
        "bw_mean" : 0.000000,
        "bw_dev" : 0.000000,
        "bw_samples" : 0,
        "iops_min" : 0,
        "iops_max" : 0,
        "iops_mean" : 0.000000,
        "iops_stddev" : 0.000000,
        "iops_samples" : 0
      },
      "sync" : {
        "total_ios" : 116722,
        "lat_ns" : {
          "min" : 598882,
          "max" : 24731175,
          "mean" : 3133237.129419,
          "stddev" : 793642.005909,
          "N" : 116722,
          "percentile" : {
            "1.000000" : 1286144,
            "5.000000" : 1843200,
            "10.000000" : 2179072,
            "20.000000" : 2572288,
            "30.000000" : 2801664,
            "40.000000" : 2998272,
            "50.000000" : 3162112,
            "60.000000" : 3325952,
            "70.000000" : 3489792,
            "80.000000" : 3686400,
            "90.000000" : 3981312,
            "95.000000" : 4227072,
            "99.000000" : 5144576,
            "99.500000" : 5734400,
            "99.900000" : 7372800,
            "99.950000" : 8978432,
            "99.990000" : 15532032
          }
        }
      },
      "job_runtime" : 480002,
      "usr_cpu" : 3.387278,
      "sys_cpu" : 82.584448,
      "ctx" : 584795,
      "majf" : 0,
      "minf" : 0,
      "iodepth_level" : {
        "1" : 100.781247,
        "2" : 0.000000,
        "4" : 0.000000,
        "8" : 0.000000,
        "16" : 0.000000,
        "32" : 0.000000,
        ">=64" : 0.000000
      },
      "iodepth_submit" : {
        "0" : 0.000000,
        "4" : 100.000000,
        "8" : 0.000000,
        "16" : 0.000000,
        "32" : 0.000000,
        "64" : 0.000000,
        ">=64" : 0.000000
      },
      "iodepth_complete" : {
        "0" : 0.000000,
        "4" : 100.000000,
        "8" : 0.000000,
        "16" : 0.000000,
        "32" : 0.000000,
        "64" : 0.000000,
        ">=64" : 0.000000
      },
      "latency_ns" : {
        "2" : 0.000000,
        "4" : 0.000000,
        "10" : 0.000000,
        "20" : 0.000000,
        "50" : 0.000000,
        "100" : 0.000000,
        "250" : 0.000000,
        "500" : 0.000000,
        "750" : 0.000000,
        "1000" : 0.000000
      },
      "latency_us" : {
        "2" : 0.000000,
        "4" : 3.741221,
        "10" : 90.515070,
        "20" : 5.156471,
        "50" : 0.326268,
        "100" : 0.118564,
        "250" : 0.095994,
        "500" : 0.022924,
        "750" : 0.010000,
        "1000" : 0.010000
      },
      "latency_ms" : {
        "2" : 0.010000,
        "4" : 0.010000,
        "10" : 0.010000,
        "20" : 0.000000,
        "50" : 0.000000,
        "100" : 0.000000,
        "250" : 0.000000,
        "500" : 0.000000,
        "750" : 0.000000,
        "1000" : 0.000000,
        "2000" : 0.000000,
        ">=2000" : 0.000000
      },
      "latency_depth" : 1,
      "latency_target" : 0,
      "latency_percentile" : 100.000000,
      "latency_window" : 0
    }
  ],
  "disk_util" : [
    {
      "name" : "nullb0",
      "read_ios" : 0,
      "write_ios" : 1441,
      "read_merges" : 0,
      "write_merges" : 55,
      "read_ticks" : 0,
      "write_ticks" : 7625,
      "in_queue" : 7626,
      "util" : 0.855301
    }
  ]
}
