{
  "fio version" : "fio-3.32-10-g6b6f5-dirty",
  "timestamp" : 1677057826,
  "timestamp_ms" : 1677057826751,
  "time" : "Wed Feb 22 09:23:46 2023",
  "global options" : {
    "name" : "zns-fio",
    "directory" : "/mnt/f2fs",
    "size" : "80G",
    "ioengine" : "psync",
    "iodepth" : "1",
    "rw" : "write",
    "bs" : "4K",
    "runtime" : "1m",
    "ramp_time" : "30s",
    "ioscheduler" : "mq-deadline",
    "thread" : "1"
  },
  "jobs" : [
    {
      "jobname" : "hot-file",
      "groupid" : 0,
      "error" : 0,
      "eta" : 0,
      "elapsed" : 91,
      "job options" : {
        "numjobs" : "8",
        "fsync" : "128",
        "write_hint" : "short"
      },
      "read" : {
        "io_bytes" : 0,
        "io_kbytes" : 0,
        "bw_bytes" : 0,
        "bw" : 0,
        "iops" : 0.000000,
        "runtime" : 0,
        "total_ios" : 0,
        "short_ios" : 0,
        "drop_ios" : 0,
        "slat_ns" : {
          "min" : 0,
          "max" : 0,
          "mean" : 0.000000,
          "stddev" : 0.000000,
          "N" : 0
        },
        "clat_ns" : {
          "min" : 0,
          "max" : 0,
          "mean" : 0.000000,
          "stddev" : 0.000000,
          "N" : 0
        },
        "lat_ns" : {
          "min" : 0,
          "max" : 0,
          "mean" : 0.000000,
          "stddev" : 0.000000,
          "N" : 0
        },
        "bw_min" : 0,
        "bw_max" : 0,
        "bw_agg" : 0.000000,
        "bw_mean" : 0.000000,
        "bw_dev" : 0.000000,
        "bw_samples" : 0,
        "iops_min" : 0,
        "iops_max" : 0,
        "iops_mean" : 0.000000,
        "iops_stddev" : 0.000000,
        "iops_samples" : 0
      },
      "write" : {
        "io_bytes" : 72103837696,
        "io_kbytes" : 70413904,
        "bw_bytes" : 1201670544,
        "bw" : 1173506,
        "iops" : 293376.597837,
        "runtime" : 60003,
        "total_ios" : 17603476,
        "short_ios" : 0,
        "drop_ios" : 0,
        "slat_ns" : {
          "min" : 0,
          "max" : 0,
          "mean" : 0.000000,
          "stddev" : 0.000000,
          "N" : 0
        },
        "clat_ns" : {
          "min" : 2523,
          "max" : 10280843,
          "mean" : 7554.308444,
          "stddev" : 20941.538591,
          "N" : 17603476,
          "percentile" : {
            "1.000000" : 3760,
            "5.000000" : 4256,
            "10.000000" : 4640,
            "20.000000" : 5088,
            "30.000000" : 5536,
            "40.000000" : 5984,
            "50.000000" : 6432,
            "60.000000" : 7008,
            "70.000000" : 7584,
            "80.000000" : 8256,
            "90.000000" : 9536,
            "95.000000" : 11072,
            "99.000000" : 17024,
            "99.500000" : 24448,
            "99.900000" : 162816,
            "99.950000" : 313344,
            "99.990000" : 913408
          }
        },
        "lat_ns" : {
          "min" : 2583,
          "max" : 10281019,
          "mean" : 7679.921185,
          "stddev" : 20987.040971,
          "N" : 17603476
        },
        "bw_min" : 884464,
        "bw_max" : 1318216,
        "bw_agg" : 100.000000,
        "bw_mean" : 1175254.865546,
        "bw_dev" : 8114.881217,
        "bw_samples" : 952,
        "iops_min" : 221116,
        "iops_max" : 329552,
        "iops_mean" : 293813.310924,
        "iops_stddev" : 2028.714713,
        "iops_samples" : 952
      },
      "trim" : {
        "io_bytes" : 0,
        "io_kbytes" : 0,
        "bw_bytes" : 0,
        "bw" : 0,
        "iops" : 0.000000,
        "runtime" : 0,
        "total_ios" : 0,
        "short_ios" : 0,
        "drop_ios" : 0,
        "slat_ns" : {
          "min" : 0,
          "max" : 0,
          "mean" : 0.000000,
          "stddev" : 0.000000,
          "N" : 0
        },
        "clat_ns" : {
          "min" : 0,
          "max" : 0,
          "mean" : 0.000000,
          "stddev" : 0.000000,
          "N" : 0
        },
        "lat_ns" : {
          "min" : 0,
          "max" : 0,
          "mean" : 0.000000,
          "stddev" : 0.000000,
          "N" : 0
        },
        "bw_min" : 0,
        "bw_max" : 0,
        "bw_agg" : 0.000000,
        "bw_mean" : 0.000000,
        "bw_dev" : 0.000000,
        "bw_samples" : 0,
        "iops_min" : 0,
        "iops_max" : 0,
        "iops_mean" : 0.000000,
        "iops_stddev" : 0.000000,
        "iops_samples" : 0
      },
      "sync" : {
        "total_ios" : 137527,
        "lat_ns" : {
          "min" : 599229,
          "max" : 92875067,
          "mean" : 2434126.328583,
          "stddev" : 999275.965365,
          "N" : 137527,
          "percentile" : {
            "1.000000" : 1028096,
            "5.000000" : 1351680,
            "10.000000" : 1564672,
            "20.000000" : 1843200,
            "30.000000" : 2056192,
            "40.000000" : 2244608,
            "50.000000" : 2408448,
            "60.000000" : 2572288,
            "70.000000" : 2736128,
            "80.000000" : 2932736,
            "90.000000" : 3260416,
            "95.000000" : 3555328,
            "99.000000" : 4423680,
            "99.500000" : 4947968,
            "99.900000" : 6520832,
            "99.950000" : 13041664,
            "99.990000" : 16056320
          }
        }
      },
      "job_runtime" : 480008,
      "usr_cpu" : 4.558257,
      "sys_cpu" : 76.956217,
      "ctx" : 675221,
      "majf" : 0,
      "minf" : 0,
      "iodepth_level" : {
        "1" : 100.781249,
        "2" : 0.000000,
        "4" : 0.000000,
        "8" : 0.000000,
        "16" : 0.000000,
        "32" : 0.000000,
        ">=64" : 0.000000
      },
      "iodepth_submit" : {
        "0" : 0.000000,
        "4" : 100.000000,
        "8" : 0.000000,
        "16" : 0.000000,
        "32" : 0.000000,
        "64" : 0.000000,
        ">=64" : 0.000000
      },
      "iodepth_complete" : {
        "0" : 0.000000,
        "4" : 100.000000,
        "8" : 0.000000,
        "16" : 0.000000,
        "32" : 0.000000,
        "64" : 0.000000,
        ">=64" : 0.000000
      },
      "latency_ns" : {
        "2" : 0.000000,
        "4" : 0.000000,
        "10" : 0.000000,
        "20" : 0.000000,
        "50" : 0.000000,
        "100" : 0.000000,
        "250" : 0.000000,
        "500" : 0.000000,
        "750" : 0.000000,
        "1000" : 0.000000
      },
      "latency_us" : {
        "2" : 0.000000,
        "4" : 2.358682,
        "10" : 89.664808,
        "20" : 7.277523,
        "50" : 0.412083,
        "100" : 0.123050,
        "250" : 0.092885,
        "500" : 0.041992,
        "750" : 0.013725,
        "1000" : 0.010000
      },
      "latency_ms" : {
        "2" : 0.010000,
        "4" : 0.010000,
        "10" : 0.010000,
        "20" : 0.010000,
        "50" : 0.000000,
        "100" : 0.000000,
        "250" : 0.000000,
        "500" : 0.000000,
        "750" : 0.000000,
        "1000" : 0.000000,
        "2000" : 0.000000,
        ">=2000" : 0.000000
      },
      "latency_depth" : 1,
      "latency_target" : 0,
      "latency_percentile" : 100.000000,
      "latency_window" : 0
    }
  ],
  "disk_util" : [
    {
      "name" : "nullb0",
      "read_ios" : 17,
      "write_ios" : 1689,
      "read_merges" : 0,
      "write_merges" : 59,
      "read_ticks" : 2,
      "write_ticks" : 4908,
      "in_queue" : 4909,
      "util" : 0.637127
    }
  ]
}
