{
  "fio version" : "fio-3.32-10-g6b6f5-dirty",
  "timestamp" : 1677057516,
  "timestamp_ms" : 1677057516964,
  "time" : "Wed Feb 22 09:18:36 2023",
  "global options" : {
    "name" : "zns-fio",
    "directory" : "/mnt/f2fs",
    "size" : "80G",
    "ioengine" : "psync",
    "iodepth" : "1",
    "rw" : "write",
    "bs" : "4K",
    "runtime" : "1m",
    "ramp_time" : "30s",
    "ioscheduler" : "mq-deadline",
    "thread" : "1"
  },
  "jobs" : [
    {
      "jobname" : "hot-file",
      "groupid" : 0,
      "error" : 0,
      "eta" : 0,
      "elapsed" : 91,
      "job options" : {
        "numjobs" : "5",
        "fsync" : "128",
        "write_hint" : "short"
      },
      "read" : {
        "io_bytes" : 0,
        "io_kbytes" : 0,
        "bw_bytes" : 0,
        "bw" : 0,
        "iops" : 0.000000,
        "runtime" : 0,
        "total_ios" : 0,
        "short_ios" : 0,
        "drop_ios" : 0,
        "slat_ns" : {
          "min" : 0,
          "max" : 0,
          "mean" : 0.000000,
          "stddev" : 0.000000,
          "N" : 0
        },
        "clat_ns" : {
          "min" : 0,
          "max" : 0,
          "mean" : 0.000000,
          "stddev" : 0.000000,
          "N" : 0
        },
        "lat_ns" : {
          "min" : 0,
          "max" : 0,
          "mean" : 0.000000,
          "stddev" : 0.000000,
          "N" : 0
        },
        "bw_min" : 0,
        "bw_max" : 0,
        "bw_agg" : 0.000000,
        "bw_mean" : 0.000000,
        "bw_dev" : 0.000000,
        "bw_samples" : 0,
        "iops_min" : 0,
        "iops_max" : 0,
        "iops_mean" : 0.000000,
        "iops_stddev" : 0.000000,
        "iops_samples" : 0
      },
      "write" : {
        "io_bytes" : 60812881920,
        "io_kbytes" : 59387580,
        "bw_bytes" : 1013531139,
        "bw" : 989776,
        "iops" : 247444.125931,
        "runtime" : 60001,
        "total_ios" : 14846895,
        "short_ios" : 0,
        "drop_ios" : 0,
        "slat_ns" : {
          "min" : 0,
          "max" : 0,
          "mean" : 0.000000,
          "stddev" : 0.000000,
          "N" : 0
        },
        "clat_ns" : {
          "min" : 2418,
          "max" : 4114378,
          "mean" : 7141.626171,
          "stddev" : 16848.384305,
          "N" : 14846895,
          "percentile" : {
            "1.000000" : 3664,
            "5.000000" : 4128,
            "10.000000" : 4384,
            "20.000000" : 4896,
            "30.000000" : 5280,
            "40.000000" : 5728,
            "50.000000" : 6240,
            "60.000000" : 6816,
            "70.000000" : 7328,
            "80.000000" : 8096,
            "90.000000" : 9280,
            "95.000000" : 10944,
            "99.000000" : 16192,
            "99.500000" : 22656,
            "99.900000" : 126464,
            "99.950000" : 242688,
            "99.990000" : 724992
          }
        },
        "lat_ns" : {
          "min" : 2476,
          "max" : 4114724,
          "mean" : 7277.908516,
          "stddev" : 16896.402004,
          "N" : 14846895
        },
        "bw_min" : 819247,
        "bw_max" : 1234009,
        "bw_agg" : 100.000000,
        "bw_mean" : 991661.075630,
        "bw_dev" : 14475.325815,
        "bw_samples" : 595,
        "iops_min" : 204811,
        "iops_max" : 308502,
        "iops_mean" : 247914.260504,
        "iops_stddev" : 3618.845289,
        "iops_samples" : 595
      },
      "trim" : {
        "io_bytes" : 0,
        "io_kbytes" : 0,
        "bw_bytes" : 0,
        "bw" : 0,
        "iops" : 0.000000,
        "runtime" : 0,
        "total_ios" : 0,
        "short_ios" : 0,
        "drop_ios" : 0,
        "slat_ns" : {
          "min" : 0,
          "max" : 0,
          "mean" : 0.000000,
          "stddev" : 0.000000,
          "N" : 0
        },
        "clat_ns" : {
          "min" : 0,
          "max" : 0,
          "mean" : 0.000000,
          "stddev" : 0.000000,
          "N" : 0
        },
        "lat_ns" : {
          "min" : 0,
          "max" : 0,
          "mean" : 0.000000,
          "stddev" : 0.000000,
          "N" : 0
        },
        "bw_min" : 0,
        "bw_max" : 0,
        "bw_agg" : 0.000000,
        "bw_mean" : 0.000000,
        "bw_dev" : 0.000000,
        "bw_samples" : 0,
        "iops_min" : 0,
        "iops_max" : 0,
        "iops_mean" : 0.000000,
        "iops_stddev" : 0.000000,
        "iops_samples" : 0
      },
      "sync" : {
        "total_ios" : 115990,
        "lat_ns" : {
          "min" : 520523,
          "max" : 58023635,
          "mean" : 1582642.757772,
          "stddev" : 655672.066876,
          "N" : 115990,
          "percentile" : {
            "1.000000" : 724992,
            "5.000000" : 864256,
            "10.000000" : 978944,
            "20.000000" : 1155072,
            "30.000000" : 1286144,
            "40.000000" : 1417216,
            "50.000000" : 1531904,
            "60.000000" : 1662976,
            "70.000000" : 1794048,
            "80.000000" : 1957888,
            "90.000000" : 2211840,
            "95.000000" : 2408448,
            "99.000000" : 2965504,
            "99.500000" : 3325952,
            "99.900000" : 4423680,
            "99.950000" : 12517376,
            "99.990000" : 13828096
          }
        }
      },
      "job_runtime" : 300000,
      "usr_cpu" : 6.216000,
      "sys_cpu" : 75.301333,
      "ctx" : 535434,
      "majf" : 0,
      "minf" : 0,
      "iodepth_level" : {
        "1" : 100.781241,
        "2" : 0.000000,
        "4" : 0.000000,
        "8" : 0.000000,
        "16" : 0.000000,
        "32" : 0.000000,
        ">=64" : 0.000000
      },
      "iodepth_submit" : {
        "0" : 0.000000,
        "4" : 100.000000,
        "8" : 0.000000,
        "16" : 0.000000,
        "32" : 0.000000,
        "64" : 0.000000,
        ">=64" : 0.000000
      },
      "iodepth_complete" : {
        "0" : 0.000000,
        "4" : 100.000000,
        "8" : 0.000000,
        "16" : 0.000000,
        "32" : 0.000000,
        "64" : 0.000000,
        ">=64" : 0.000000
      },
      "latency_ns" : {
        "2" : 0.000000,
        "4" : 0.000000,
        "10" : 0.000000,
        "20" : 0.000000,
        "50" : 0.000000,
        "100" : 0.000000,
        "250" : 0.000000,
        "500" : 0.000000,
        "750" : 0.000000,
        "1000" : 0.000000
      },
      "latency_us" : {
        "2" : 0.000000,
        "4" : 3.670599,
        "10" : 88.920545,
        "20" : 6.782253,
        "50" : 0.418976,
        "100" : 0.082590,
        "250" : 0.077121,
        "500" : 0.031623,
        "750" : 0.010000,
        "1000" : 0.010000
      },
      "latency_ms" : {
        "2" : 0.010000,
        "4" : 0.010000,
        "10" : 0.010000,
        "20" : 0.000000,
        "50" : 0.000000,
        "100" : 0.000000,
        "250" : 0.000000,
        "500" : 0.000000,
        "750" : 0.000000,
        "1000" : 0.000000,
        "2000" : 0.000000,
        ">=2000" : 0.000000
      },
      "latency_depth" : 1,
      "latency_target" : 0,
      "latency_percentile" : 100.000000,
      "latency_window" : 0
    }
  ],
  "disk_util" : [
    {
      "name" : "nullb0",
      "read_ios" : 0,
      "write_ios" : 1404,
      "read_merges" : 0,
      "write_merges" : 65,
      "read_ticks" : 0,
      "write_ticks" : 4962,
      "in_queue" : 4962,
      "util" : 0.592659
    }
  ]
}
