{
  "fio version" : "fio-3.32-10-g6b6f5-dirty",
  "timestamp" : 1677057415,
  "timestamp_ms" : 1677057415457,
  "time" : "Wed Feb 22 09:16:55 2023",
  "global options" : {
    "name" : "zns-fio",
    "directory" : "/mnt/f2fs",
    "size" : "80G",
    "ioengine" : "psync",
    "iodepth" : "1",
    "rw" : "write",
    "bs" : "4K",
    "runtime" : "1m",
    "ramp_time" : "30s",
    "ioscheduler" : "mq-deadline",
    "thread" : "1"
  },
  "jobs" : [
    {
      "jobname" : "hot-file",
      "groupid" : 0,
      "error" : 0,
      "eta" : 0,
      "elapsed" : 91,
      "job options" : {
        "numjobs" : "4",
        "fsync" : "128",
        "write_hint" : "short"
      },
      "read" : {
        "io_bytes" : 0,
        "io_kbytes" : 0,
        "bw_bytes" : 0,
        "bw" : 0,
        "iops" : 0.000000,
        "runtime" : 0,
        "total_ios" : 0,
        "short_ios" : 0,
        "drop_ios" : 0,
        "slat_ns" : {
          "min" : 0,
          "max" : 0,
          "mean" : 0.000000,
          "stddev" : 0.000000,
          "N" : 0
        },
        "clat_ns" : {
          "min" : 0,
          "max" : 0,
          "mean" : 0.000000,
          "stddev" : 0.000000,
          "N" : 0
        },
        "lat_ns" : {
          "min" : 0,
          "max" : 0,
          "mean" : 0.000000,
          "stddev" : 0.000000,
          "N" : 0
        },
        "bw_min" : 0,
        "bw_max" : 0,
        "bw_agg" : 0.000000,
        "bw_mean" : 0.000000,
        "bw_dev" : 0.000000,
        "bw_samples" : 0,
        "iops_min" : 0,
        "iops_max" : 0,
        "iops_mean" : 0.000000,
        "iops_stddev" : 0.000000,
        "iops_samples" : 0
      },
      "write" : {
        "io_bytes" : 59452264448,
        "io_kbytes" : 58058852,
        "bw_bytes" : 990854559,
        "bw" : 967631,
        "iops" : 241907.851536,
        "runtime" : 60001,
        "total_ios" : 14514713,
        "short_ios" : 0,
        "drop_ios" : 0,
        "slat_ns" : {
          "min" : 0,
          "max" : 0,
          "mean" : 0.000000,
          "stddev" : 0.000000,
          "N" : 0
        },
        "clat_ns" : {
          "min" : 2424,
          "max" : 3429111,
          "mean" : 6310.723710,
          "stddev" : 13033.174340,
          "N" : 14514713,
          "percentile" : {
            "1.000000" : 3024,
            "5.000000" : 3568,
            "10.000000" : 3792,
            "20.000000" : 4192,
            "30.000000" : 4576,
            "40.000000" : 4960,
            "50.000000" : 5472,
            "60.000000" : 5984,
            "70.000000" : 6688,
            "80.000000" : 7328,
            "90.000000" : 8384,
            "95.000000" : 9920,
            "99.000000" : 14656,
            "99.500000" : 20352,
            "99.900000" : 115200,
            "99.950000" : 230400,
            "99.990000" : 610304
          }
        },
        "lat_ns" : {
          "min" : 2479,
          "max" : 3429189,
          "mean" : 6430.169282,
          "stddev" : 13050.403738,
          "N" : 14514713
        },
        "bw_min" : 571960,
        "bw_max" : 1314888,
        "bw_agg" : 100.000000,
        "bw_mean" : 967922.823529,
        "bw_dev" : 28961.793131,
        "bw_samples" : 476,
        "iops_min" : 142990,
        "iops_max" : 328722,
        "iops_mean" : 241979.983193,
        "iops_stddev" : 7240.459800,
        "iops_samples" : 476
      },
      "trim" : {
        "io_bytes" : 0,
        "io_kbytes" : 0,
        "bw_bytes" : 0,
        "bw" : 0,
        "iops" : 0.000000,
        "runtime" : 0,
        "total_ios" : 0,
        "short_ios" : 0,
        "drop_ios" : 0,
        "slat_ns" : {
          "min" : 0,
          "max" : 0,
          "mean" : 0.000000,
          "stddev" : 0.000000,
          "N" : 0
        },
        "clat_ns" : {
          "min" : 0,
          "max" : 0,
          "mean" : 0.000000,
          "stddev" : 0.000000,
          "N" : 0
        },
        "lat_ns" : {
          "min" : 0,
          "max" : 0,
          "mean" : 0.000000,
          "stddev" : 0.000000,
          "N" : 0
        },
        "bw_min" : 0,
        "bw_max" : 0,
        "bw_agg" : 0.000000,
        "bw_mean" : 0.000000,
        "bw_dev" : 0.000000,
        "bw_samples" : 0,
        "iops_min" : 0,
        "iops_max" : 0,
        "iops_mean" : 0.000000,
        "iops_stddev" : 0.000000,
        "iops_samples" : 0
      },
      "sync" : {
        "total_ios" : 113396,
        "lat_ns" : {
          "min" : 473408,
          "max" : 121734431,
          "mean" : 1227261.585276,
          "stddev" : 1058679.841993,
          "N" : 113396,
          "percentile" : {
            "1.000000" : 585728,
            "5.000000" : 667648,
            "10.000000" : 741376,
            "20.000000" : 847872,
            "30.000000" : 946176,
            "40.000000" : 1056768,
            "50.000000" : 1155072,
            "60.000000" : 1253376,
            "70.000000" : 1384448,
            "80.000000" : 1531904,
            "90.000000" : 1761280,
            "95.000000" : 1957888,
            "99.000000" : 2441216,
            "99.500000" : 2801664,
            "99.900000" : 3719168,
            "99.950000" : 12517376,
            "99.990000" : 23986176
          }
        }
      },
      "job_runtime" : 240000,
      "usr_cpu" : 7.186667,
      "sys_cpu" : 71.864167,
      "ctx" : 511503,
      "majf" : 0,
      "minf" : 0,
      "iodepth_level" : {
        "1" : 100.781249,
        "2" : 0.000000,
        "4" : 0.000000,
        "8" : 0.000000,
        "16" : 0.000000,
        "32" : 0.000000,
        ">=64" : 0.000000
      },
      "iodepth_submit" : {
        "0" : 0.000000,
        "4" : 100.000000,
        "8" : 0.000000,
        "16" : 0.000000,
        "32" : 0.000000,
        "64" : 0.000000,
        ">=64" : 0.000000
      },
      "iodepth_complete" : {
        "0" : 0.000000,
        "4" : 100.000000,
        "8" : 0.000000,
        "16" : 0.000000,
        "32" : 0.000000,
        "64" : 0.000000,
        ">=64" : 0.000000
      },
      "latency_ns" : {
        "2" : 0.000000,
        "4" : 0.000000,
        "10" : 0.000000,
        "20" : 0.000000,
        "50" : 0.000000,
        "100" : 0.000000,
        "250" : 0.000000,
        "500" : 0.000000,
        "750" : 0.000000,
        "1000" : 0.000000
      },
      "latency_us" : {
        "2" : 0.000000,
        "4" : 14.881390,
        "10" : 80.374562,
        "20" : 4.232257,
        "50" : 0.343989,
        "100" : 0.054724,
        "250" : 0.068668,
        "500" : 0.031623,
        "750" : 0.010000,
        "1000" : 0.010000
      },
      "latency_ms" : {
        "2" : 0.010000,
        "4" : 0.010000,
        "10" : 0.000000,
        "20" : 0.000000,
        "50" : 0.000000,
        "100" : 0.000000,
        "250" : 0.000000,
        "500" : 0.000000,
        "750" : 0.000000,
        "1000" : 0.000000,
        "2000" : 0.000000,
        ">=2000" : 0.000000
      },
      "latency_depth" : 1,
      "latency_target" : 0,
      "latency_percentile" : 100.000000,
      "latency_window" : 0
    }
  ],
  "disk_util" : [
    {
      "name" : "nullb0",
      "read_ios" : 181,
      "write_ios" : 1504,
      "read_merges" : 0,
      "write_merges" : 65,
      "read_ticks" : 8,
      "write_ticks" : 2502,
      "in_queue" : 2510,
      "util" : 0.294098
    }
  ]
}
