{
  "fio version" : "fio-3.32-10-g6b6f5-dirty",
  "timestamp" : 1676718923,
  "timestamp_ms" : 1676718923862,
  "time" : "Sat Feb 18 11:15:23 2023",
  "global options" : {
    "name" : "zns-fio",
    "directory" : "/mnt/f2fs",
    "size" : "80G",
    "ioengine" : "psync",
    "rw" : "write",
    "bs" : "4K",
    "runtime" : "30s",
    "ramp_time" : "10s",
    "ioscheduler" : "mq-deadline",
    "thread" : "1",
    "file_service_type" : "random:32"
  },
  "jobs" : [
    {
      "jobname" : "hot-file",
      "groupid" : 0,
      "error" : 0,
      "eta" : 0,
      "elapsed" : 41,
      "job options" : {
        "nrfiles" : "7",
        "write_hint" : "short"
      },
      "read" : {
        "io_bytes" : 0,
        "io_kbytes" : 0,
        "bw_bytes" : 0,
        "bw" : 0,
        "iops" : 0.000000,
        "runtime" : 0,
        "total_ios" : 0,
        "short_ios" : 0,
        "drop_ios" : 0,
        "slat_ns" : {
          "min" : 0,
          "max" : 0,
          "mean" : 0.000000,
          "stddev" : 0.000000,
          "N" : 0
        },
        "clat_ns" : {
          "min" : 0,
          "max" : 0,
          "mean" : 0.000000,
          "stddev" : 0.000000,
          "N" : 0
        },
        "lat_ns" : {
          "min" : 0,
          "max" : 0,
          "mean" : 0.000000,
          "stddev" : 0.000000,
          "N" : 0
        },
        "bw_min" : 0,
        "bw_max" : 0,
        "bw_agg" : 0.000000,
        "bw_mean" : 0.000000,
        "bw_dev" : 0.000000,
        "bw_samples" : 0,
        "iops_min" : 0,
        "iops_max" : 0,
        "iops_mean" : 0.000000,
        "iops_stddev" : 0.000000,
        "iops_samples" : 0
      },
      "write" : {
        "io_bytes" : 29383581696,
        "io_kbytes" : 28694904,
        "bw_bytes" : 979420075,
        "bw" : 956464,
        "iops" : 239116.229459,
        "runtime" : 30001,
        "total_ios" : 7173726,
        "short_ios" : 0,
        "drop_ios" : 0,
        "slat_ns" : {
          "min" : 0,
          "max" : 0,
          "mean" : 0.000000,
          "stddev" : 0.000000,
          "N" : 0
        },
        "clat_ns" : {
          "min" : 2124,
          "max" : 52035112,
          "mean" : 3812.455547,
          "stddev" : 28560.397774,
          "N" : 7173726,
          "percentile" : {
            "1.000000" : 2352,
            "5.000000" : 2416,
            "10.000000" : 2480,
            "20.000000" : 2672,
            "30.000000" : 2832,
            "40.000000" : 3120,
            "50.000000" : 3376,
            "60.000000" : 3600,
            "70.000000" : 3824,
            "80.000000" : 4192,
            "90.000000" : 5024,
            "95.000000" : 6240,
            "99.000000" : 8640,
            "99.500000" : 11328,
            "99.900000" : 22144,
            "99.950000" : 52992,
            "99.990000" : 325632
          }
        },
        "lat_ns" : {
          "min" : 2182,
          "max" : 52035166,
          "mean" : 3875.015805,
          "stddev" : 28560.791860,
          "N" : 7173726
        },
        "bw_min" : 580288,
        "bw_max" : 1346344,
        "bw_agg" : 99.878833,
        "bw_mean" : 955306.491525,
        "bw_dev" : 168382.472631,
        "bw_samples" : 59,
        "iops_min" : 145074,
        "iops_max" : 336586,
        "iops_mean" : 238826.576271,
        "iops_stddev" : 42095.724351,
        "iops_samples" : 59
      },
      "trim" : {
        "io_bytes" : 0,
        "io_kbytes" : 0,
        "bw_bytes" : 0,
        "bw" : 0,
        "iops" : 0.000000,
        "runtime" : 0,
        "total_ios" : 0,
        "short_ios" : 0,
        "drop_ios" : 0,
        "slat_ns" : {
          "min" : 0,
          "max" : 0,
          "mean" : 0.000000,
          "stddev" : 0.000000,
          "N" : 0
        },
        "clat_ns" : {
          "min" : 0,
          "max" : 0,
          "mean" : 0.000000,
          "stddev" : 0.000000,
          "N" : 0
        },
        "lat_ns" : {
          "min" : 0,
          "max" : 0,
          "mean" : 0.000000,
          "stddev" : 0.000000,
          "N" : 0
        },
        "bw_min" : 0,
        "bw_max" : 0,
        "bw_agg" : 0.000000,
        "bw_mean" : 0.000000,
        "bw_dev" : 0.000000,
        "bw_samples" : 0,
        "iops_min" : 0,
        "iops_max" : 0,
        "iops_mean" : 0.000000,
        "iops_stddev" : 0.000000,
        "iops_samples" : 0
      },
      "sync" : {
        "total_ios" : 0,
        "lat_ns" : {
          "min" : 0,
          "max" : 0,
          "mean" : 0.000000,
          "stddev" : 0.000000,
          "N" : 0
        }
      },
      "job_runtime" : 30000,
      "usr_cpu" : 14.250000,
      "sys_cpu" : 83.343333,
      "ctx" : 12634,
      "majf" : 0,
      "minf" : 0,
      "iodepth_level" : {
        "1" : 100.000000,
        "2" : 0.000000,
        "4" : 0.000000,
        "8" : 0.000000,
        "16" : 0.000000,
        "32" : 0.000000,
        ">=64" : 0.000000
      },
      "iodepth_submit" : {
        "0" : 0.000000,
        "4" : 100.000000,
        "8" : 0.000000,
        "16" : 0.000000,
        "32" : 0.000000,
        "64" : 0.000000,
        ">=64" : 0.000000
      },
      "iodepth_complete" : {
        "0" : 0.000000,
        "4" : 100.000000,
        "8" : 0.000000,
        "16" : 0.000000,
        "32" : 0.000000,
        "64" : 0.000000,
        ">=64" : 0.000000
      },
      "latency_ns" : {
        "2" : 0.000000,
        "4" : 0.000000,
        "10" : 0.000000,
        "20" : 0.000000,
        "50" : 0.000000,
        "100" : 0.000000,
        "250" : 0.000000,
        "500" : 0.000000,
        "750" : 0.000000,
        "1000" : 0.000000
      },
      "latency_us" : {
        "2" : 0.000000,
        "4" : 75.409822,
        "10" : 23.923746,
        "20" : 0.545170,
        "50" : 0.069183,
        "100" : 0.015153,
        "250" : 0.018735,
        "500" : 0.013062,
        "750" : 0.010000,
        "1000" : 0.010000
      },
      "latency_ms" : {
        "2" : 0.010000,
        "4" : 0.010000,
        "10" : 0.000000,
        "20" : 0.000000,
        "50" : 0.010000,
        "100" : 0.010000,
        "250" : 0.000000,
        "500" : 0.000000,
        "750" : 0.000000,
        "1000" : 0.000000,
        "2000" : 0.000000,
        ">=2000" : 0.000000
      },
      "latency_depth" : 1,
      "latency_target" : 0,
      "latency_percentile" : 100.000000,
      "latency_window" : 0
    }
  ],
  "disk_util" : [
    {
      "name" : "nullb0",
      "read_ios" : 46,
      "write_ios" : 582,
      "read_merges" : 0,
      "write_merges" : 3,
      "read_ticks" : 2,
      "write_ticks" : 555,
      "in_queue" : 557,
      "util" : 0.249470
    }
  ]
}
