{
  "fio version" : "fio-3.32-10-g6b6f5-dirty",
  "timestamp" : 1677057723,
  "timestamp_ms" : 1677057723461,
  "time" : "Wed Feb 22 09:22:03 2023",
  "global options" : {
    "name" : "zns-fio",
    "directory" : "/mnt/f2fs",
    "size" : "80G",
    "ioengine" : "psync",
    "iodepth" : "1",
    "rw" : "write",
    "bs" : "4K",
    "runtime" : "1m",
    "ramp_time" : "30s",
    "ioscheduler" : "mq-deadline",
    "thread" : "1"
  },
  "jobs" : [
    {
      "jobname" : "hot-file",
      "groupid" : 0,
      "error" : 0,
      "eta" : 0,
      "elapsed" : 91,
      "job options" : {
        "numjobs" : "7",
        "fsync" : "128",
        "write_hint" : "short"
      },
      "read" : {
        "io_bytes" : 0,
        "io_kbytes" : 0,
        "bw_bytes" : 0,
        "bw" : 0,
        "iops" : 0.000000,
        "runtime" : 0,
        "total_ios" : 0,
        "short_ios" : 0,
        "drop_ios" : 0,
        "slat_ns" : {
          "min" : 0,
          "max" : 0,
          "mean" : 0.000000,
          "stddev" : 0.000000,
          "N" : 0
        },
        "clat_ns" : {
          "min" : 0,
          "max" : 0,
          "mean" : 0.000000,
          "stddev" : 0.000000,
          "N" : 0
        },
        "lat_ns" : {
          "min" : 0,
          "max" : 0,
          "mean" : 0.000000,
          "stddev" : 0.000000,
          "N" : 0
        },
        "bw_min" : 0,
        "bw_max" : 0,
        "bw_agg" : 0.000000,
        "bw_mean" : 0.000000,
        "bw_dev" : 0.000000,
        "bw_samples" : 0,
        "iops_min" : 0,
        "iops_max" : 0,
        "iops_mean" : 0.000000,
        "iops_stddev" : 0.000000,
        "iops_samples" : 0
      },
      "write" : {
        "io_bytes" : 70370197504,
        "io_kbytes" : 68720896,
        "bw_bytes" : 1172817078,
        "bw" : 1145329,
        "iops" : 286332.294462,
        "runtime" : 60001,
        "total_ios" : 17180224,
        "short_ios" : 0,
        "drop_ios" : 0,
        "slat_ns" : {
          "min" : 0,
          "max" : 0,
          "mean" : 0.000000,
          "stddev" : 0.000000,
          "N" : 0
        },
        "clat_ns" : {
          "min" : 2460,
          "max" : 4633771,
          "mean" : 7392.368209,
          "stddev" : 18960.878697,
          "N" : 17180224,
          "percentile" : {
            "1.000000" : 3728,
            "5.000000" : 4256,
            "10.000000" : 4576,
            "20.000000" : 5024,
            "30.000000" : 5408,
            "40.000000" : 5856,
            "50.000000" : 6368,
            "60.000000" : 6880,
            "70.000000" : 7520,
            "80.000000" : 8256,
            "90.000000" : 9408,
            "95.000000" : 10944,
            "99.000000" : 16512,
            "99.500000" : 23424,
            "99.900000" : 146432,
            "99.950000" : 288768,
            "99.990000" : 831488
          }
        },
        "lat_ns" : {
          "min" : 2518,
          "max" : 4633898,
          "mean" : 7511.291197,
          "stddev" : 18991.459575,
          "N" : 17180224
        },
        "bw_min" : 825824,
        "bw_max" : 1343222,
        "bw_agg" : 100.000000,
        "bw_mean" : 1145480.067227,
        "bw_dev" : 9823.228137,
        "bw_samples" : 833,
        "iops_min" : 206454,
        "iops_max" : 335804,
        "iops_mean" : 286369.226891,
        "iops_stddev" : 2455.847064,
        "iops_samples" : 833
      },
      "trim" : {
        "io_bytes" : 0,
        "io_kbytes" : 0,
        "bw_bytes" : 0,
        "bw" : 0,
        "iops" : 0.000000,
        "runtime" : 0,
        "total_ios" : 0,
        "short_ios" : 0,
        "drop_ios" : 0,
        "slat_ns" : {
          "min" : 0,
          "max" : 0,
          "mean" : 0.000000,
          "stddev" : 0.000000,
          "N" : 0
        },
        "clat_ns" : {
          "min" : 0,
          "max" : 0,
          "mean" : 0.000000,
          "stddev" : 0.000000,
          "N" : 0
        },
        "lat_ns" : {
          "min" : 0,
          "max" : 0,
          "mean" : 0.000000,
          "stddev" : 0.000000,
          "N" : 0
        },
        "bw_min" : 0,
        "bw_max" : 0,
        "bw_agg" : 0.000000,
        "bw_mean" : 0.000000,
        "bw_dev" : 0.000000,
        "bw_samples" : 0,
        "iops_min" : 0,
        "iops_max" : 0,
        "iops_mean" : 0.000000,
        "iops_stddev" : 0.000000,
        "iops_samples" : 0
      },
      "sync" : {
        "total_ios" : 134219,
        "lat_ns" : {
          "min" : 575541,
          "max" : 84692732,
          "mean" : 2096443.961332,
          "stddev" : 868970.314789,
          "N" : 134219,
          "percentile" : {
            "1.000000" : 905216,
            "5.000000" : 1155072,
            "10.000000" : 1335296,
            "20.000000" : 1581056,
            "30.000000" : 1761280,
            "40.000000" : 1908736,
            "50.000000" : 2056192,
            "60.000000" : 2211840,
            "70.000000" : 2375680,
            "80.000000" : 2539520,
            "90.000000" : 2834432,
            "95.000000" : 3096576,
            "99.000000" : 3784704,
            "99.500000" : 4227072,
            "99.900000" : 5668864,
            "99.950000" : 12779520,
            "99.990000" : 14614528
          }
        }
      },
      "job_runtime" : 420000,
      "usr_cpu" : 5.099524,
      "sys_cpu" : 76.157857,
      "ctx" : 645435,
      "majf" : 0,
      "minf" : 0,
      "iodepth_level" : {
        "1" : 100.781241,
        "2" : 0.000000,
        "4" : 0.000000,
        "8" : 0.000000,
        "16" : 0.000000,
        "32" : 0.000000,
        ">=64" : 0.000000
      },
      "iodepth_submit" : {
        "0" : 0.000000,
        "4" : 100.000000,
        "8" : 0.000000,
        "16" : 0.000000,
        "32" : 0.000000,
        "64" : 0.000000,
        ">=64" : 0.000000
      },
      "iodepth_complete" : {
        "0" : 0.000000,
        "4" : 100.000000,
        "8" : 0.000000,
        "16" : 0.000000,
        "32" : 0.000000,
        "64" : 0.000000,
        ">=64" : 0.000000
      },
      "latency_ns" : {
        "2" : 0.000000,
        "4" : 0.000000,
        "10" : 0.000000,
        "20" : 0.000000,
        "50" : 0.000000,
        "100" : 0.000000,
        "250" : 0.000000,
        "500" : 0.000000,
        "750" : 0.000000,
        "1000" : 0.000000
      },
      "latency_us" : {
        "2" : 0.000000,
        "4" : 2.655041,
        "10" : 89.954694,
        "20" : 6.733428,
        "50" : 0.390466,
        "100" : 0.115709,
        "250" : 0.089021,
        "500" : 0.036024,
        "750" : 0.012846,
        "1000" : 0.010000
      },
      "latency_ms" : {
        "2" : 0.010000,
        "4" : 0.010000,
        "10" : 0.010000,
        "20" : 0.000000,
        "50" : 0.000000,
        "100" : 0.000000,
        "250" : 0.000000,
        "500" : 0.000000,
        "750" : 0.000000,
        "1000" : 0.000000,
        "2000" : 0.000000,
        ">=2000" : 0.000000
      },
      "latency_depth" : 1,
      "latency_target" : 0,
      "latency_percentile" : 100.000000,
      "latency_window" : 0
    }
  ],
  "disk_util" : [
    {
      "name" : "nullb0",
      "read_ios" : 0,
      "write_ios" : 1571,
      "read_merges" : 0,
      "write_merges" : 72,
      "read_ticks" : 0,
      "write_ticks" : 3802,
      "in_queue" : 3802,
      "util" : 0.472244
    }
  ]
}
