{
  "fio version" : "fio-3.32-10-g6b6f5-dirty",
  "timestamp" : 1677057116,
  "timestamp_ms" : 1677057116187,
  "time" : "Wed Feb 22 09:11:56 2023",
  "global options" : {
    "name" : "zns-fio",
    "directory" : "/mnt/f2fs",
    "size" : "80G",
    "ioengine" : "psync",
    "iodepth" : "1",
    "rw" : "write",
    "bs" : "4K",
    "runtime" : "1m",
    "ramp_time" : "30s",
    "ioscheduler" : "mq-deadline",
    "thread" : "1"
  },
  "jobs" : [
    {
      "jobname" : "hot-file",
      "groupid" : 0,
      "error" : 0,
      "eta" : 0,
      "elapsed" : 91,
      "job options" : {
        "numjobs" : "1",
        "fsync" : "128",
        "write_hint" : "short"
      },
      "read" : {
        "io_bytes" : 0,
        "io_kbytes" : 0,
        "bw_bytes" : 0,
        "bw" : 0,
        "iops" : 0.000000,
        "runtime" : 0,
        "total_ios" : 0,
        "short_ios" : 0,
        "drop_ios" : 0,
        "slat_ns" : {
          "min" : 0,
          "max" : 0,
          "mean" : 0.000000,
          "stddev" : 0.000000,
          "N" : 0
        },
        "clat_ns" : {
          "min" : 0,
          "max" : 0,
          "mean" : 0.000000,
          "stddev" : 0.000000,
          "N" : 0
        },
        "lat_ns" : {
          "min" : 0,
          "max" : 0,
          "mean" : 0.000000,
          "stddev" : 0.000000,
          "N" : 0
        },
        "bw_min" : 0,
        "bw_max" : 0,
        "bw_agg" : 0.000000,
        "bw_mean" : 0.000000,
        "bw_dev" : 0.000000,
        "bw_samples" : 0,
        "iops_min" : 0,
        "iops_max" : 0,
        "iops_mean" : 0.000000,
        "iops_stddev" : 0.000000,
        "iops_samples" : 0
      },
      "write" : {
        "io_bytes" : 32578654208,
        "io_kbytes" : 31815092,
        "bw_bytes" : 542968520,
        "bw" : 530242,
        "iops" : 132560.673989,
        "runtime" : 60001,
        "total_ios" : 7953773,
        "short_ios" : 0,
        "drop_ios" : 0,
        "slat_ns" : {
          "min" : 0,
          "max" : 0,
          "mean" : 0.000000,
          "stddev" : 0.000000,
          "N" : 0
        },
        "clat_ns" : {
          "min" : 1731,
          "max" : 2296360,
          "mean" : 3373.949733,
          "stddev" : 11097.668021,
          "N" : 7953773,
          "percentile" : {
            "1.000000" : 2416,
            "5.000000" : 2448,
            "10.000000" : 2480,
            "20.000000" : 2512,
            "30.000000" : 2544,
            "40.000000" : 2576,
            "50.000000" : 2608,
            "60.000000" : 2736,
            "70.000000" : 3248,
            "80.000000" : 3632,
            "90.000000" : 4576,
            "95.000000" : 5344,
            "99.000000" : 8640,
            "99.500000" : 10944,
            "99.900000" : 27776,
            "99.950000" : 95744,
            "99.990000" : 305152
          }
        },
        "lat_ns" : {
          "min" : 1785,
          "max" : 2296438,
          "mean" : 3435.073920,
          "stddev" : 11099.682676,
          "N" : 7953773
        },
        "bw_min" : 196239,
        "bw_max" : 625000,
        "bw_agg" : 100.000000,
        "bw_mean" : 530324.302521,
        "bw_dev" : 61393.006657,
        "bw_samples" : 119,
        "iops_min" : 49059,
        "iops_max" : 156250,
        "iops_mean" : 132580.941176,
        "iops_stddev" : 15348.320536,
        "iops_samples" : 119
      },
      "trim" : {
        "io_bytes" : 0,
        "io_kbytes" : 0,
        "bw_bytes" : 0,
        "bw" : 0,
        "iops" : 0.000000,
        "runtime" : 0,
        "total_ios" : 0,
        "short_ios" : 0,
        "drop_ios" : 0,
        "slat_ns" : {
          "min" : 0,
          "max" : 0,
          "mean" : 0.000000,
          "stddev" : 0.000000,
          "N" : 0
        },
        "clat_ns" : {
          "min" : 0,
          "max" : 0,
          "mean" : 0.000000,
          "stddev" : 0.000000,
          "N" : 0
        },
        "lat_ns" : {
          "min" : 0,
          "max" : 0,
          "mean" : 0.000000,
          "stddev" : 0.000000,
          "N" : 0
        },
        "bw_min" : 0,
        "bw_max" : 0,
        "bw_agg" : 0.000000,
        "bw_mean" : 0.000000,
        "bw_dev" : 0.000000,
        "bw_samples" : 0,
        "iops_min" : 0,
        "iops_max" : 0,
        "iops_mean" : 0.000000,
        "iops_stddev" : 0.000000,
        "iops_samples" : 0
      },
      "sync" : {
        "total_ios" : 62138,
        "lat_ns" : {
          "min" : 413041,
          "max" : 72443841,
          "mean" : 487009.154881,
          "stddev" : 484511.334777,
          "N" : 62138,
          "percentile" : {
            "1.000000" : 419840,
            "5.000000" : 428032,
            "10.000000" : 428032,
            "20.000000" : 432128,
            "30.000000" : 436224,
            "40.000000" : 440320,
            "50.000000" : 440320,
            "60.000000" : 448512,
            "70.000000" : 468992,
            "80.000000" : 536576,
            "90.000000" : 569344,
            "95.000000" : 602112,
            "99.000000" : 847872,
            "99.500000" : 929792,
            "99.900000" : 1138688,
            "99.950000" : 2146304,
            "99.990000" : 12124160
          }
        }
      },
      "job_runtime" : 60000,
      "usr_cpu" : 8.310000,
      "sys_cpu" : 65.703333,
      "ctx" : 263267,
      "majf" : 0,
      "minf" : 0,
      "iodepth_level" : {
        "1" : 100.781239,
        "2" : 0.000000,
        "4" : 0.000000,
        "8" : 0.000000,
        "16" : 0.000000,
        "32" : 0.000000,
        ">=64" : 0.000000
      },
      "iodepth_submit" : {
        "0" : 0.000000,
        "4" : 100.000000,
        "8" : 0.000000,
        "16" : 0.000000,
        "32" : 0.000000,
        "64" : 0.000000,
        ">=64" : 0.000000
      },
      "iodepth_complete" : {
        "0" : 0.000000,
        "4" : 100.000000,
        "8" : 0.000000,
        "16" : 0.000000,
        "32" : 0.000000,
        "64" : 0.000000,
        ">=64" : 0.000000
      },
      "latency_ns" : {
        "2" : 0.000000,
        "4" : 0.000000,
        "10" : 0.000000,
        "20" : 0.000000,
        "50" : 0.000000,
        "100" : 0.000000,
        "250" : 0.000000,
        "500" : 0.000000,
        "750" : 0.000000,
        "1000" : 0.000000
      },
      "latency_us" : {
        "2" : 0.014584,
        "4" : 85.473951,
        "10" : 13.877980,
        "20" : 0.495652,
        "50" : 0.071928,
        "100" : 0.020519,
        "250" : 0.028540,
        "500" : 0.010000,
        "750" : 0.010000,
        "1000" : 0.010000
      },
      "latency_ms" : {
        "2" : 0.010000,
        "4" : 0.010000,
        "10" : 0.000000,
        "20" : 0.000000,
        "50" : 0.000000,
        "100" : 0.000000,
        "250" : 0.000000,
        "500" : 0.000000,
        "750" : 0.000000,
        "1000" : 0.000000,
        "2000" : 0.000000,
        ">=2000" : 0.000000
      },
      "latency_depth" : 1,
      "latency_target" : 0,
      "latency_percentile" : 100.000000,
      "latency_window" : 0
    }
  ],
  "disk_util" : [
    {
      "name" : "nullb0",
      "read_ios" : 38,
      "write_ios" : 605,
      "read_merges" : 0,
      "write_merges" : 29,
      "read_ticks" : 1,
      "write_ticks" : 800,
      "in_queue" : 801,
      "util" : 0.115516
    }
  ]
}
