{
  "fio version" : "fio-3.32-10-g6b6f5-dirty",
  "timestamp" : 1676740844,
  "timestamp_ms" : 1676740844157,
  "time" : "Sat Feb 18 17:20:44 2023",
  "global options" : {
    "name" : "zns-fio",
    "directory" : "/mnt/f2fs",
    "size" : "80G",
    "ioengine" : "psync",
    "iodepth" : "1",
    "rw" : "write",
    "bs" : "4K",
    "runtime" : "1m",
    "ramp_time" : "30s",
    "ioscheduler" : "mq-deadline",
    "thread" : "1"
  },
  "jobs" : [
    {
      "jobname" : "hot-file",
      "groupid" : 0,
      "error" : 0,
      "eta" : 0,
      "elapsed" : 91,
      "job options" : {
        "numjobs" : "1",
        "fsync" : "128",
        "write_hint" : "short"
      },
      "read" : {
        "io_bytes" : 0,
        "io_kbytes" : 0,
        "bw_bytes" : 0,
        "bw" : 0,
        "iops" : 0.000000,
        "runtime" : 0,
        "total_ios" : 0,
        "short_ios" : 0,
        "drop_ios" : 0,
        "slat_ns" : {
          "min" : 0,
          "max" : 0,
          "mean" : 0.000000,
          "stddev" : 0.000000,
          "N" : 0
        },
        "clat_ns" : {
          "min" : 0,
          "max" : 0,
          "mean" : 0.000000,
          "stddev" : 0.000000,
          "N" : 0
        },
        "lat_ns" : {
          "min" : 0,
          "max" : 0,
          "mean" : 0.000000,
          "stddev" : 0.000000,
          "N" : 0
        },
        "bw_min" : 0,
        "bw_max" : 0,
        "bw_agg" : 0.000000,
        "bw_mean" : 0.000000,
        "bw_dev" : 0.000000,
        "bw_samples" : 0,
        "iops_min" : 0,
        "iops_max" : 0,
        "iops_mean" : 0.000000,
        "iops_stddev" : 0.000000,
        "iops_samples" : 0
      },
      "write" : {
        "io_bytes" : 30911496192,
        "io_kbytes" : 30187008,
        "bw_bytes" : 515183016,
        "bw" : 503108,
        "iops" : 125777.103715,
        "runtime" : 60001,
        "total_ios" : 7546752,
        "short_ios" : 0,
        "drop_ios" : 0,
        "slat_ns" : {
          "min" : 0,
          "max" : 0,
          "mean" : 0.000000,
          "stddev" : 0.000000,
          "N" : 0
        },
        "clat_ns" : {
          "min" : 1721,
          "max" : 5016550,
          "mean" : 3610.810390,
          "stddev" : 7893.243418,
          "N" : 7546752,
          "percentile" : {
            "1.000000" : 2448,
            "5.000000" : 2480,
            "10.000000" : 2512,
            "20.000000" : 2576,
            "30.000000" : 2608,
            "40.000000" : 2672,
            "50.000000" : 3024,
            "60.000000" : 3248,
            "70.000000" : 3536,
            "80.000000" : 3888,
            "90.000000" : 5088,
            "95.000000" : 6688,
            "99.000000" : 9792,
            "99.500000" : 12096,
            "99.900000" : 28800,
            "99.950000" : 93696,
            "99.990000" : 248832
          }
        },
        "lat_ns" : {
          "min" : 1780,
          "max" : 5016633,
          "mean" : 3677.513899,
          "stddev" : 7896.368168,
          "N" : 7546752
        },
        "bw_min" : 350208,
        "bw_max" : 616832,
        "bw_agg" : 100.000000,
        "bw_mean" : 503563.200000,
        "bw_dev" : 59758.707426,
        "bw_samples" : 120,
        "iops_min" : 87552,
        "iops_max" : 154208,
        "iops_mean" : 125890.800000,
        "iops_stddev" : 14939.701058,
        "iops_samples" : 120
      },
      "trim" : {
        "io_bytes" : 0,
        "io_kbytes" : 0,
        "bw_bytes" : 0,
        "bw" : 0,
        "iops" : 0.000000,
        "runtime" : 0,
        "total_ios" : 0,
        "short_ios" : 0,
        "drop_ios" : 0,
        "slat_ns" : {
          "min" : 0,
          "max" : 0,
          "mean" : 0.000000,
          "stddev" : 0.000000,
          "N" : 0
        },
        "clat_ns" : {
          "min" : 0,
          "max" : 0,
          "mean" : 0.000000,
          "stddev" : 0.000000,
          "N" : 0
        },
        "lat_ns" : {
          "min" : 0,
          "max" : 0,
          "mean" : 0.000000,
          "stddev" : 0.000000,
          "N" : 0
        },
        "bw_min" : 0,
        "bw_max" : 0,
        "bw_agg" : 0.000000,
        "bw_mean" : 0.000000,
        "bw_dev" : 0.000000,
        "bw_samples" : 0,
        "iops_min" : 0,
        "iops_max" : 0,
        "iops_mean" : 0.000000,
        "iops_stddev" : 0.000000,
        "iops_samples" : 0
      },
      "sync" : {
        "total_ios" : 58959,
        "lat_ns" : {
          "min" : 413557,
          "max" : 264920287,
          "mean" : 506121.613867,
          "stddev" : 1138766.585433,
          "N" : 58959,
          "percentile" : {
            "1.000000" : 419840,
            "5.000000" : 428032,
            "10.000000" : 428032,
            "20.000000" : 432128,
            "30.000000" : 436224,
            "40.000000" : 440320,
            "50.000000" : 444416,
            "60.000000" : 448512,
            "70.000000" : 473088,
            "80.000000" : 544768,
            "90.000000" : 602112,
            "95.000000" : 782336,
            "99.000000" : 962560,
            "99.500000" : 1122304,
            "99.900000" : 1531904,
            "99.950000" : 4014080,
            "99.990000" : 12255232
          }
        }
      },
      "job_runtime" : 60000,
      "usr_cpu" : 8.615000,
      "sys_cpu" : 66.608333,
      "ctx" : 250077,
      "majf" : 0,
      "minf" : 0,
      "iodepth_level" : {
        "1" : 100.781250,
        "2" : 0.000000,
        "4" : 0.000000,
        "8" : 0.000000,
        "16" : 0.000000,
        "32" : 0.000000,
        ">=64" : 0.000000
      },
      "iodepth_submit" : {
        "0" : 0.000000,
        "4" : 100.000000,
        "8" : 0.000000,
        "16" : 0.000000,
        "32" : 0.000000,
        "64" : 0.000000,
        ">=64" : 0.000000
      },
      "iodepth_complete" : {
        "0" : 0.000000,
        "4" : 100.000000,
        "8" : 0.000000,
        "16" : 0.000000,
        "32" : 0.000000,
        "64" : 0.000000,
        ">=64" : 0.000000
      },
      "latency_ns" : {
        "2" : 0.000000,
        "4" : 0.000000,
        "10" : 0.000000,
        "20" : 0.000000,
        "50" : 0.000000,
        "100" : 0.000000,
        "250" : 0.000000,
        "500" : 0.000000,
        "750" : 0.000000,
        "1000" : 0.000000
      },
      "latency_us" : {
        "2" : 0.011276,
        "4" : 81.424817,
        "10" : 17.631214,
        "20" : 0.786935,
        "50" : 0.086567,
        "100" : 0.021228,
        "250" : 0.028131,
        "500" : 0.010000,
        "750" : 0.010000,
        "1000" : 0.000000
      },
      "latency_ms" : {
        "2" : 0.010000,
        "4" : 0.010000,
        "10" : 0.010000,
        "20" : 0.000000,
        "50" : 0.000000,
        "100" : 0.000000,
        "250" : 0.000000,
        "500" : 0.000000,
        "750" : 0.000000,
        "1000" : 0.000000,
        "2000" : 0.000000,
        ">=2000" : 0.000000
      },
      "latency_depth" : 1,
      "latency_target" : 0,
      "latency_percentile" : 100.000000,
      "latency_window" : 0
    }
  ],
  "disk_util" : [
    {
      "name" : "nullb0",
      "read_ios" : 38,
      "write_ios" : 684,
      "read_merges" : 0,
      "write_merges" : 32,
      "read_ticks" : 2,
      "write_ticks" : 5833,
      "in_queue" : 5835,
      "util" : 0.346563
    }
  ]
}
