{
  "fio version" : "fio-3.32-10-g6b6f5-dirty",
  "timestamp" : 1677057620,
  "timestamp_ms" : 1677057620106,
  "time" : "Wed Feb 22 09:20:20 2023",
  "global options" : {
    "name" : "zns-fio",
    "directory" : "/mnt/f2fs",
    "size" : "80G",
    "ioengine" : "psync",
    "iodepth" : "1",
    "rw" : "write",
    "bs" : "4K",
    "runtime" : "1m",
    "ramp_time" : "30s",
    "ioscheduler" : "mq-deadline",
    "thread" : "1"
  },
  "jobs" : [
    {
      "jobname" : "hot-file",
      "groupid" : 0,
      "error" : 0,
      "eta" : 0,
      "elapsed" : 91,
      "job options" : {
        "numjobs" : "6",
        "fsync" : "128",
        "write_hint" : "short"
      },
      "read" : {
        "io_bytes" : 0,
        "io_kbytes" : 0,
        "bw_bytes" : 0,
        "bw" : 0,
        "iops" : 0.000000,
        "runtime" : 0,
        "total_ios" : 0,
        "short_ios" : 0,
        "drop_ios" : 0,
        "slat_ns" : {
          "min" : 0,
          "max" : 0,
          "mean" : 0.000000,
          "stddev" : 0.000000,
          "N" : 0
        },
        "clat_ns" : {
          "min" : 0,
          "max" : 0,
          "mean" : 0.000000,
          "stddev" : 0.000000,
          "N" : 0
        },
        "lat_ns" : {
          "min" : 0,
          "max" : 0,
          "mean" : 0.000000,
          "stddev" : 0.000000,
          "N" : 0
        },
        "bw_min" : 0,
        "bw_max" : 0,
        "bw_agg" : 0.000000,
        "bw_mean" : 0.000000,
        "bw_dev" : 0.000000,
        "bw_samples" : 0,
        "iops_min" : 0,
        "iops_max" : 0,
        "iops_mean" : 0.000000,
        "iops_stddev" : 0.000000,
        "iops_samples" : 0
      },
      "write" : {
        "io_bytes" : 64744013824,
        "io_kbytes" : 63226576,
        "bw_bytes" : 1079048912,
        "bw" : 1053758,
        "iops" : 263439.676005,
        "runtime" : 60001,
        "total_ios" : 15806644,
        "short_ios" : 0,
        "drop_ios" : 0,
        "slat_ns" : {
          "min" : 0,
          "max" : 0,
          "mean" : 0.000000,
          "stddev" : 0.000000,
          "N" : 0
        },
        "clat_ns" : {
          "min" : 2074,
          "max" : 5436596,
          "mean" : 7378.085333,
          "stddev" : 20379.249109,
          "N" : 15806644,
          "percentile" : {
            "1.000000" : 3728,
            "5.000000" : 4320,
            "10.000000" : 4576,
            "20.000000" : 5024,
            "30.000000" : 5408,
            "40.000000" : 5792,
            "50.000000" : 6304,
            "60.000000" : 6880,
            "70.000000" : 7520,
            "80.000000" : 8256,
            "90.000000" : 9408,
            "95.000000" : 10944,
            "99.000000" : 16512,
            "99.500000" : 23680,
            "99.900000" : 142336,
            "99.950000" : 284672,
            "99.990000" : 856064
          }
        },
        "lat_ns" : {
          "min" : 2129,
          "max" : 5436710,
          "mean" : 7496.609540,
          "stddev" : 20407.640980,
          "N" : 15806644
        },
        "bw_min" : 826875,
        "bw_max" : 1231267,
        "bw_agg" : 100.000000,
        "bw_mean" : 1054626.983193,
        "bw_dev" : 9842.750026,
        "bw_samples" : 714,
        "iops_min" : 206717,
        "iops_max" : 307815,
        "iops_mean" : 263655.630252,
        "iops_stddev" : 2460.660540,
        "iops_samples" : 714
      },
      "trim" : {
        "io_bytes" : 0,
        "io_kbytes" : 0,
        "bw_bytes" : 0,
        "bw" : 0,
        "iops" : 0.000000,
        "runtime" : 0,
        "total_ios" : 0,
        "short_ios" : 0,
        "drop_ios" : 0,
        "slat_ns" : {
          "min" : 0,
          "max" : 0,
          "mean" : 0.000000,
          "stddev" : 0.000000,
          "N" : 0
        },
        "clat_ns" : {
          "min" : 0,
          "max" : 0,
          "mean" : 0.000000,
          "stddev" : 0.000000,
          "N" : 0
        },
        "lat_ns" : {
          "min" : 0,
          "max" : 0,
          "mean" : 0.000000,
          "stddev" : 0.000000,
          "N" : 0
        },
        "bw_min" : 0,
        "bw_max" : 0,
        "bw_agg" : 0.000000,
        "bw_mean" : 0.000000,
        "bw_dev" : 0.000000,
        "bw_samples" : 0,
        "iops_min" : 0,
        "iops_max" : 0,
        "iops_mean" : 0.000000,
        "iops_stddev" : 0.000000,
        "iops_samples" : 0
      },
      "sync" : {
        "total_ios" : 123489,
        "lat_ns" : {
          "min" : 544751,
          "max" : 67992580,
          "mean" : 1884170.230110,
          "stddev" : 735636.876551,
          "N" : 123489,
          "percentile" : {
            "1.000000" : 839680,
            "5.000000" : 1036288,
            "10.000000" : 1187840,
            "20.000000" : 1417216,
            "30.000000" : 1581056,
            "40.000000" : 1712128,
            "50.000000" : 1843200,
            "60.000000" : 1974272,
            "70.000000" : 2113536,
            "80.000000" : 2310144,
            "90.000000" : 2572288,
            "95.000000" : 2768896,
            "99.000000" : 3424256,
            "99.500000" : 3817472,
            "99.900000" : 5144576,
            "99.950000" : 12910592,
            "99.990000" : 14483456
          }
        }
      },
      "job_runtime" : 360000,
      "usr_cpu" : 5.552778,
      "sys_cpu" : 76.403056,
      "ctx" : 581963,
      "majf" : 0,
      "minf" : 0,
      "iodepth_level" : {
        "1" : 100.781247,
        "2" : 0.000000,
        "4" : 0.000000,
        "8" : 0.000000,
        "16" : 0.000000,
        "32" : 0.000000,
        ">=64" : 0.000000
      },
      "iodepth_submit" : {
        "0" : 0.000000,
        "4" : 100.000000,
        "8" : 0.000000,
        "16" : 0.000000,
        "32" : 0.000000,
        "64" : 0.000000,
        ">=64" : 0.000000
      },
      "iodepth_complete" : {
        "0" : 0.000000,
        "4" : 100.000000,
        "8" : 0.000000,
        "16" : 0.000000,
        "32" : 0.000000,
        "64" : 0.000000,
        ">=64" : 0.000000
      },
      "latency_ns" : {
        "2" : 0.000000,
        "4" : 0.000000,
        "10" : 0.000000,
        "20" : 0.000000,
        "50" : 0.000000,
        "100" : 0.000000,
        "250" : 0.000000,
        "500" : 0.000000,
        "750" : 0.000000,
        "1000" : 0.000000
      },
      "latency_us" : {
        "2" : 0.000000,
        "4" : 2.365170,
        "10" : 90.227698,
        "20" : 6.760752,
        "50" : 0.398725,
        "100" : 0.108454,
        "250" : 0.078049,
        "500" : 0.038313,
        "750" : 0.010205,
        "1000" : 0.010000
      },
      "latency_ms" : {
        "2" : 0.010000,
        "4" : 0.010000,
        "10" : 0.010000,
        "20" : 0.000000,
        "50" : 0.000000,
        "100" : 0.000000,
        "250" : 0.000000,
        "500" : 0.000000,
        "750" : 0.000000,
        "1000" : 0.000000,
        "2000" : 0.000000,
        ">=2000" : 0.000000
      },
      "latency_depth" : 1,
      "latency_target" : 0,
      "latency_percentile" : 100.000000,
      "latency_window" : 0
    }
  ],
  "disk_util" : [
    {
      "name" : "nullb0",
      "read_ios" : 7,
      "write_ios" : 1506,
      "read_merges" : 0,
      "write_merges" : 66,
      "read_ticks" : 0,
      "write_ticks" : 6544,
      "in_queue" : 6545,
      "util" : 0.717325
    }
  ]
}
