{
  "fio version" : "fio-3.32-10-g6b6f5-dirty",
  "timestamp" : 1676718723,
  "timestamp_ms" : 1676718723672,
  "time" : "Sat Feb 18 11:12:03 2023",
  "global options" : {
    "name" : "zns-fio",
    "directory" : "/mnt/f2fs",
    "size" : "80G",
    "ioengine" : "psync",
    "rw" : "write",
    "bs" : "4K",
    "runtime" : "30s",
    "ramp_time" : "10s",
    "ioscheduler" : "mq-deadline",
    "thread" : "1",
    "file_service_type" : "random:32"
  },
  "jobs" : [
    {
      "jobname" : "hot-file",
      "groupid" : 0,
      "error" : 0,
      "eta" : 0,
      "elapsed" : 41,
      "job options" : {
        "nrfiles" : "3",
        "write_hint" : "short"
      },
      "read" : {
        "io_bytes" : 0,
        "io_kbytes" : 0,
        "bw_bytes" : 0,
        "bw" : 0,
        "iops" : 0.000000,
        "runtime" : 0,
        "total_ios" : 0,
        "short_ios" : 0,
        "drop_ios" : 0,
        "slat_ns" : {
          "min" : 0,
          "max" : 0,
          "mean" : 0.000000,
          "stddev" : 0.000000,
          "N" : 0
        },
        "clat_ns" : {
          "min" : 0,
          "max" : 0,
          "mean" : 0.000000,
          "stddev" : 0.000000,
          "N" : 0
        },
        "lat_ns" : {
          "min" : 0,
          "max" : 0,
          "mean" : 0.000000,
          "stddev" : 0.000000,
          "N" : 0
        },
        "bw_min" : 0,
        "bw_max" : 0,
        "bw_agg" : 0.000000,
        "bw_mean" : 0.000000,
        "bw_dev" : 0.000000,
        "bw_samples" : 0,
        "iops_min" : 0,
        "iops_max" : 0,
        "iops_mean" : 0.000000,
        "iops_stddev" : 0.000000,
        "iops_samples" : 0
      },
      "write" : {
        "io_bytes" : 29561450496,
        "io_kbytes" : 28868604,
        "bw_bytes" : 985348838,
        "bw" : 962254,
        "iops" : 240563.681211,
        "runtime" : 30001,
        "total_ios" : 7217151,
        "short_ios" : 0,
        "drop_ios" : 0,
        "slat_ns" : {
          "min" : 0,
          "max" : 0,
          "mean" : 0.000000,
          "stddev" : 0.000000,
          "N" : 0
        },
        "clat_ns" : {
          "min" : 1893,
          "max" : 46034650,
          "mean" : 3827.331480,
          "stddev" : 25976.940145,
          "N" : 7217151,
          "percentile" : {
            "1.000000" : 2384,
            "5.000000" : 2448,
            "10.000000" : 2544,
            "20.000000" : 2640,
            "30.000000" : 2768,
            "40.000000" : 2960,
            "50.000000" : 3216,
            "60.000000" : 3472,
            "70.000000" : 3728,
            "80.000000" : 4192,
            "90.000000" : 5728,
            "95.000000" : 6816,
            "99.000000" : 10048,
            "99.500000" : 13120,
            "99.900000" : 24192,
            "99.950000" : 49408,
            "99.990000" : 309248
          }
        },
        "lat_ns" : {
          "min" : 1952,
          "max" : 46034713,
          "mean" : 3887.969240,
          "stddev" : 25977.178539,
          "N" : 7217151
        },
        "bw_min" : 577979,
        "bw_max" : 1296336,
        "bw_agg" : 100.000000,
        "bw_mean" : 966792.101695,
        "bw_dev" : 187969.349669,
        "bw_samples" : 59,
        "iops_min" : 144494,
        "iops_max" : 324084,
        "iops_mean" : 241698.084746,
        "iops_stddev" : 46992.463616,
        "iops_samples" : 59
      },
      "trim" : {
        "io_bytes" : 0,
        "io_kbytes" : 0,
        "bw_bytes" : 0,
        "bw" : 0,
        "iops" : 0.000000,
        "runtime" : 0,
        "total_ios" : 0,
        "short_ios" : 0,
        "drop_ios" : 0,
        "slat_ns" : {
          "min" : 0,
          "max" : 0,
          "mean" : 0.000000,
          "stddev" : 0.000000,
          "N" : 0
        },
        "clat_ns" : {
          "min" : 0,
          "max" : 0,
          "mean" : 0.000000,
          "stddev" : 0.000000,
          "N" : 0
        },
        "lat_ns" : {
          "min" : 0,
          "max" : 0,
          "mean" : 0.000000,
          "stddev" : 0.000000,
          "N" : 0
        },
        "bw_min" : 0,
        "bw_max" : 0,
        "bw_agg" : 0.000000,
        "bw_mean" : 0.000000,
        "bw_dev" : 0.000000,
        "bw_samples" : 0,
        "iops_min" : 0,
        "iops_max" : 0,
        "iops_mean" : 0.000000,
        "iops_stddev" : 0.000000,
        "iops_samples" : 0
      },
      "sync" : {
        "total_ios" : 0,
        "lat_ns" : {
          "min" : 0,
          "max" : 0,
          "mean" : 0.000000,
          "stddev" : 0.000000,
          "N" : 0
        }
      },
      "job_runtime" : 30000,
      "usr_cpu" : 14.383333,
      "sys_cpu" : 82.766667,
      "ctx" : 19182,
      "majf" : 0,
      "minf" : 0,
      "iodepth_level" : {
        "1" : 100.000000,
        "2" : 0.000000,
        "4" : 0.000000,
        "8" : 0.000000,
        "16" : 0.000000,
        "32" : 0.000000,
        ">=64" : 0.000000
      },
      "iodepth_submit" : {
        "0" : 0.000000,
        "4" : 100.000000,
        "8" : 0.000000,
        "16" : 0.000000,
        "32" : 0.000000,
        "64" : 0.000000,
        ">=64" : 0.000000
      },
      "iodepth_complete" : {
        "0" : 0.000000,
        "4" : 100.000000,
        "8" : 0.000000,
        "16" : 0.000000,
        "32" : 0.000000,
        "64" : 0.000000,
        ">=64" : 0.000000
      },
      "latency_ns" : {
        "2" : 0.000000,
        "4" : 0.000000,
        "10" : 0.000000,
        "20" : 0.000000,
        "50" : 0.000000,
        "100" : 0.000000,
        "250" : 0.000000,
        "500" : 0.000000,
        "750" : 0.000000,
        "1000" : 0.000000
      },
      "latency_us" : {
        "2" : 0.010000,
        "4" : 76.841346,
        "10" : 22.134690,
        "20" : 0.872228,
        "50" : 0.102118,
        "100" : 0.015366,
        "250" : 0.016669,
        "500" : 0.015837,
        "750" : 0.010000,
        "1000" : 0.010000
      },
      "latency_ms" : {
        "2" : 0.010000,
        "4" : 0.010000,
        "10" : 0.010000,
        "20" : 0.010000,
        "50" : 0.010000,
        "100" : 0.000000,
        "250" : 0.000000,
        "500" : 0.000000,
        "750" : 0.000000,
        "1000" : 0.000000,
        "2000" : 0.000000,
        ">=2000" : 0.000000
      },
      "latency_depth" : 1,
      "latency_target" : 0,
      "latency_percentile" : 100.000000,
      "latency_window" : 0
    }
  ],
  "disk_util" : [
    {
      "name" : "nullb0",
      "read_ios" : 45,
      "write_ios" : 597,
      "read_merges" : 0,
      "write_merges" : 2,
      "read_ticks" : 3,
      "write_ticks" : 566,
      "in_queue" : 568,
      "util" : 0.311300
    }
  ]
}
