{
  "fio version" : "fio-3.32-10-g6b6f5-dirty",
  "timestamp" : 1676741043,
  "timestamp_ms" : 1676741043278,
  "time" : "Sat Feb 18 17:24:03 2023",
  "global options" : {
    "name" : "zns-fio",
    "directory" : "/mnt/f2fs",
    "size" : "80G",
    "ioengine" : "psync",
    "iodepth" : "1",
    "rw" : "write",
    "bs" : "4K",
    "runtime" : "1m",
    "ramp_time" : "30s",
    "ioscheduler" : "mq-deadline",
    "thread" : "1"
  },
  "jobs" : [
    {
      "jobname" : "hot-file",
      "groupid" : 0,
      "error" : 0,
      "eta" : 0,
      "elapsed" : 91,
      "job options" : {
        "numjobs" : "3",
        "fsync" : "128",
        "write_hint" : "short"
      },
      "read" : {
        "io_bytes" : 0,
        "io_kbytes" : 0,
        "bw_bytes" : 0,
        "bw" : 0,
        "iops" : 0.000000,
        "runtime" : 0,
        "total_ios" : 0,
        "short_ios" : 0,
        "drop_ios" : 0,
        "slat_ns" : {
          "min" : 0,
          "max" : 0,
          "mean" : 0.000000,
          "stddev" : 0.000000,
          "N" : 0
        },
        "clat_ns" : {
          "min" : 0,
          "max" : 0,
          "mean" : 0.000000,
          "stddev" : 0.000000,
          "N" : 0
        },
        "lat_ns" : {
          "min" : 0,
          "max" : 0,
          "mean" : 0.000000,
          "stddev" : 0.000000,
          "N" : 0
        },
        "bw_min" : 0,
        "bw_max" : 0,
        "bw_agg" : 0.000000,
        "bw_mean" : 0.000000,
        "bw_dev" : 0.000000,
        "bw_samples" : 0,
        "iops_min" : 0,
        "iops_max" : 0,
        "iops_mean" : 0.000000,
        "iops_stddev" : 0.000000,
        "iops_samples" : 0
      },
      "write" : {
        "io_bytes" : 46097461248,
        "io_kbytes" : 45017052,
        "bw_bytes" : 768278216,
        "bw" : 750271,
        "iops" : 187567.923868,
        "runtime" : 60001,
        "total_ios" : 11254263,
        "short_ios" : 0,
        "drop_ios" : 0,
        "slat_ns" : {
          "min" : 0,
          "max" : 0,
          "mean" : 0.000000,
          "stddev" : 0.000000,
          "N" : 0
        },
        "clat_ns" : {
          "min" : 2010,
          "max" : 3454893,
          "mean" : 6276.181059,
          "stddev" : 15044.359826,
          "N" : 11254263,
          "percentile" : {
            "1.000000" : 2992,
            "5.000000" : 3600,
            "10.000000" : 3920,
            "20.000000" : 4384,
            "30.000000" : 4704,
            "40.000000" : 5024,
            "50.000000" : 5344,
            "60.000000" : 5792,
            "70.000000" : 6432,
            "80.000000" : 7264,
            "90.000000" : 8512,
            "95.000000" : 9792,
            "99.000000" : 14656,
            "99.500000" : 19584,
            "99.900000" : 108032,
            "99.950000" : 203776,
            "99.990000" : 411648
          }
        },
        "lat_ns" : {
          "min" : 2073,
          "max" : 3455097,
          "mean" : 6395.543912,
          "stddev" : 15052.508562,
          "N" : 11254263
        },
        "bw_min" : 387952,
        "bw_max" : 1145352,
        "bw_agg" : 100.000000,
        "bw_mean" : 751232.243697,
        "bw_dev" : 34149.593173,
        "bw_samples" : 357,
        "iops_min" : 96988,
        "iops_max" : 286338,
        "iops_mean" : 187807.983193,
        "iops_stddev" : 8537.391445,
        "iops_samples" : 357
      },
      "trim" : {
        "io_bytes" : 0,
        "io_kbytes" : 0,
        "bw_bytes" : 0,
        "bw" : 0,
        "iops" : 0.000000,
        "runtime" : 0,
        "total_ios" : 0,
        "short_ios" : 0,
        "drop_ios" : 0,
        "slat_ns" : {
          "min" : 0,
          "max" : 0,
          "mean" : 0.000000,
          "stddev" : 0.000000,
          "N" : 0
        },
        "clat_ns" : {
          "min" : 0,
          "max" : 0,
          "mean" : 0.000000,
          "stddev" : 0.000000,
          "N" : 0
        },
        "lat_ns" : {
          "min" : 0,
          "max" : 0,
          "mean" : 0.000000,
          "stddev" : 0.000000,
          "N" : 0
        },
        "bw_min" : 0,
        "bw_max" : 0,
        "bw_agg" : 0.000000,
        "bw_mean" : 0.000000,
        "bw_dev" : 0.000000,
        "bw_samples" : 0,
        "iops_min" : 0,
        "iops_max" : 0,
        "iops_mean" : 0.000000,
        "iops_stddev" : 0.000000,
        "iops_samples" : 0
      },
      "sync" : {
        "total_ios" : 87923,
        "lat_ns" : {
          "min" : 454363,
          "max" : 337759526,
          "mean" : 1169822.102089,
          "stddev" : 2086945.434520,
          "N" : 87923,
          "percentile" : {
            "1.000000" : 561152,
            "5.000000" : 643072,
            "10.000000" : 700416,
            "20.000000" : 790528,
            "30.000000" : 880640,
            "40.000000" : 978944,
            "50.000000" : 1089536,
            "60.000000" : 1204224,
            "70.000000" : 1318912,
            "80.000000" : 1466368,
            "90.000000" : 1679360,
            "95.000000" : 1843200,
            "99.000000" : 2277376,
            "99.500000" : 2572288,
            "99.900000" : 3620864,
            "99.950000" : 12517376,
            "99.990000" : 22937600
          }
        }
      },
      "job_runtime" : 180000,
      "usr_cpu" : 6.673333,
      "sys_cpu" : 74.907778,
      "ctx" : 388608,
      "majf" : 0,
      "minf" : 0,
      "iodepth_level" : {
        "1" : 100.781242,
        "2" : 0.000000,
        "4" : 0.000000,
        "8" : 0.000000,
        "16" : 0.000000,
        "32" : 0.000000,
        ">=64" : 0.000000
      },
      "iodepth_submit" : {
        "0" : 0.000000,
        "4" : 100.000000,
        "8" : 0.000000,
        "16" : 0.000000,
        "32" : 0.000000,
        "64" : 0.000000,
        ">=64" : 0.000000
      },
      "iodepth_complete" : {
        "0" : 0.000000,
        "4" : 100.000000,
        "8" : 0.000000,
        "16" : 0.000000,
        "32" : 0.000000,
        "64" : 0.000000,
        ">=64" : 0.000000
      },
      "latency_ns" : {
        "2" : 0.000000,
        "4" : 0.000000,
        "10" : 0.000000,
        "20" : 0.000000,
        "50" : 0.000000,
        "100" : 0.000000,
        "250" : 0.000000,
        "500" : 0.000000,
        "750" : 0.000000,
        "1000" : 0.000000
      },
      "latency_us" : {
        "2" : 0.000000,
        "4" : 11.470205,
        "10" : 83.907609,
        "20" : 4.137685,
        "50" : 0.344243,
        "100" : 0.033134,
        "250" : 0.070675,
        "500" : 0.027758,
        "750" : 0.010000,
        "1000" : 0.010000
      },
      "latency_ms" : {
        "2" : 0.010000,
        "4" : 0.010000,
        "10" : 0.000000,
        "20" : 0.000000,
        "50" : 0.000000,
        "100" : 0.000000,
        "250" : 0.000000,
        "500" : 0.000000,
        "750" : 0.000000,
        "1000" : 0.000000,
        "2000" : 0.000000,
        ">=2000" : 0.000000
      },
      "latency_depth" : 1,
      "latency_target" : 0,
      "latency_percentile" : 100.000000,
      "latency_window" : 0
    }
  ],
  "disk_util" : [
    {
      "name" : "nullb0",
      "read_ios" : 135,
      "write_ios" : 1268,
      "read_merges" : 0,
      "write_merges" : 59,
      "read_ticks" : 8,
      "write_ticks" : 9902,
      "in_queue" : 9910,
      "util" : 0.530362
    }
  ]
}
