{
  "fio version" : "fio-3.32-10-g6b6f5-dirty",
  "timestamp" : 1677057314,
  "timestamp_ms" : 1677057314856,
  "time" : "Wed Feb 22 09:15:14 2023",
  "global options" : {
    "name" : "zns-fio",
    "directory" : "/mnt/f2fs",
    "size" : "80G",
    "ioengine" : "psync",
    "iodepth" : "1",
    "rw" : "write",
    "bs" : "4K",
    "runtime" : "1m",
    "ramp_time" : "30s",
    "ioscheduler" : "mq-deadline",
    "thread" : "1"
  },
  "jobs" : [
    {
      "jobname" : "hot-file",
      "groupid" : 0,
      "error" : 0,
      "eta" : 0,
      "elapsed" : 91,
      "job options" : {
        "numjobs" : "3",
        "fsync" : "128",
        "write_hint" : "short"
      },
      "read" : {
        "io_bytes" : 0,
        "io_kbytes" : 0,
        "bw_bytes" : 0,
        "bw" : 0,
        "iops" : 0.000000,
        "runtime" : 0,
        "total_ios" : 0,
        "short_ios" : 0,
        "drop_ios" : 0,
        "slat_ns" : {
          "min" : 0,
          "max" : 0,
          "mean" : 0.000000,
          "stddev" : 0.000000,
          "N" : 0
        },
        "clat_ns" : {
          "min" : 0,
          "max" : 0,
          "mean" : 0.000000,
          "stddev" : 0.000000,
          "N" : 0
        },
        "lat_ns" : {
          "min" : 0,
          "max" : 0,
          "mean" : 0.000000,
          "stddev" : 0.000000,
          "N" : 0
        },
        "bw_min" : 0,
        "bw_max" : 0,
        "bw_agg" : 0.000000,
        "bw_mean" : 0.000000,
        "bw_dev" : 0.000000,
        "bw_samples" : 0,
        "iops_min" : 0,
        "iops_max" : 0,
        "iops_mean" : 0.000000,
        "iops_stddev" : 0.000000,
        "iops_samples" : 0
      },
      "write" : {
        "io_bytes" : 52350980096,
        "io_kbytes" : 51124004,
        "bw_bytes" : 872501793,
        "bw" : 852052,
        "iops" : 213013.133114,
        "runtime" : 60001,
        "total_ios" : 12781001,
        "short_ios" : 0,
        "drop_ios" : 0,
        "slat_ns" : {
          "min" : 0,
          "max" : 0,
          "mean" : 0.000000,
          "stddev" : 0.000000,
          "N" : 0
        },
        "clat_ns" : {
          "min" : 2063,
          "max" : 3041389,
          "mean" : 5600.883965,
          "stddev" : 10848.936131,
          "N" : 12781001,
          "percentile" : {
            "1.000000" : 2832,
            "5.000000" : 3184,
            "10.000000" : 3504,
            "20.000000" : 3792,
            "30.000000" : 4048,
            "40.000000" : 4320,
            "50.000000" : 4704,
            "60.000000" : 5216,
            "70.000000" : 5856,
            "80.000000" : 6752,
            "90.000000" : 7712,
            "95.000000" : 9024,
            "99.000000" : 13504,
            "99.500000" : 18048,
            "99.900000" : 102912,
            "99.950000" : 179200,
            "99.990000" : 366592
          }
        },
        "lat_ns" : {
          "min" : 2124,
          "max" : 3041556,
          "mean" : 5700.716552,
          "stddev" : 10856.623369,
          "N" : 12781001
        },
        "bw_min" : 436248,
        "bw_max" : 1181006,
        "bw_agg" : 100.000000,
        "bw_mean" : 852073.551261,
        "bw_dev" : 41440.352180,
        "bw_samples" : 359,
        "iops_min" : 109062,
        "iops_max" : 295249,
        "iops_mean" : 213017.834314,
        "iops_stddev" : 10360.114677,
        "iops_samples" : 359
      },
      "trim" : {
        "io_bytes" : 0,
        "io_kbytes" : 0,
        "bw_bytes" : 0,
        "bw" : 0,
        "iops" : 0.000000,
        "runtime" : 0,
        "total_ios" : 0,
        "short_ios" : 0,
        "drop_ios" : 0,
        "slat_ns" : {
          "min" : 0,
          "max" : 0,
          "mean" : 0.000000,
          "stddev" : 0.000000,
          "N" : 0
        },
        "clat_ns" : {
          "min" : 0,
          "max" : 0,
          "mean" : 0.000000,
          "stddev" : 0.000000,
          "N" : 0
        },
        "lat_ns" : {
          "min" : 0,
          "max" : 0,
          "mean" : 0.000000,
          "stddev" : 0.000000,
          "N" : 0
        },
        "bw_min" : 0,
        "bw_max" : 0,
        "bw_agg" : 0.000000,
        "bw_mean" : 0.000000,
        "bw_dev" : 0.000000,
        "bw_samples" : 0,
        "iops_min" : 0,
        "iops_max" : 0,
        "iops_mean" : 0.000000,
        "iops_stddev" : 0.000000,
        "iops_samples" : 0
      },
      "sync" : {
        "total_ios" : 99851,
        "lat_ns" : {
          "min" : 445866,
          "max" : 243508255,
          "mean" : 1011373.900962,
          "stddev" : 1397030.043810,
          "N" : 99851,
          "percentile" : {
            "1.000000" : 514048,
            "5.000000" : 593920,
            "10.000000" : 626688,
            "20.000000" : 708608,
            "30.000000" : 774144,
            "40.000000" : 839680,
            "50.000000" : 921600,
            "60.000000" : 1011712,
            "70.000000" : 1122304,
            "80.000000" : 1253376,
            "90.000000" : 1449984,
            "95.000000" : 1630208,
            "99.000000" : 2056192,
            "99.500000" : 2342912,
            "99.900000" : 3227648,
            "99.950000" : 12255232,
            "99.990000" : 13565952
          }
        }
      },
      "job_runtime" : 180000,
      "usr_cpu" : 7.419444,
      "sys_cpu" : 71.068889,
      "ctx" : 440355,
      "majf" : 0,
      "minf" : 0,
      "iodepth_level" : {
        "1" : 100.781246,
        "2" : 0.000000,
        "4" : 0.000000,
        "8" : 0.000000,
        "16" : 0.000000,
        "32" : 0.000000,
        ">=64" : 0.000000
      },
      "iodepth_submit" : {
        "0" : 0.000000,
        "4" : 100.000000,
        "8" : 0.000000,
        "16" : 0.000000,
        "32" : 0.000000,
        "64" : 0.000000,
        ">=64" : 0.000000
      },
      "iodepth_complete" : {
        "0" : 0.000000,
        "4" : 100.000000,
        "8" : 0.000000,
        "16" : 0.000000,
        "32" : 0.000000,
        "64" : 0.000000,
        ">=64" : 0.000000
      },
      "latency_ns" : {
        "2" : 0.000000,
        "4" : 0.000000,
        "10" : 0.000000,
        "20" : 0.000000,
        "50" : 0.000000,
        "100" : 0.000000,
        "250" : 0.000000,
        "500" : 0.000000,
        "750" : 0.000000,
        "1000" : 0.000000
      },
      "latency_us" : {
        "2" : 0.000000,
        "4" : 28.162106,
        "10" : 68.623295,
        "20" : 2.798310,
        "50" : 0.285737,
        "100" : 0.027901,
        "250" : 0.071098,
        "500" : 0.024192,
        "750" : 0.010000,
        "1000" : 0.010000
      },
      "latency_ms" : {
        "2" : 0.010000,
        "4" : 0.010000,
        "10" : 0.000000,
        "20" : 0.000000,
        "50" : 0.000000,
        "100" : 0.000000,
        "250" : 0.000000,
        "500" : 0.000000,
        "750" : 0.000000,
        "1000" : 0.000000,
        "2000" : 0.000000,
        ">=2000" : 0.000000
      },
      "latency_depth" : 1,
      "latency_target" : 0,
      "latency_percentile" : 100.000000,
      "latency_window" : 0
    }
  ],
  "disk_util" : [
    {
      "name" : "nullb0",
      "read_ios" : 135,
      "write_ios" : 1278,
      "read_merges" : 0,
      "write_merges" : 60,
      "read_ticks" : 7,
      "write_ticks" : 5158,
      "in_queue" : 5165,
      "util" : 0.413246
    }
  ]
}
