{
  "fio version" : "fio-3.32-10-g6b6f5-dirty",
  "timestamp" : 1677057215,
  "timestamp_ms" : 1677057215026,
  "time" : "Wed Feb 22 09:13:35 2023",
  "global options" : {
    "name" : "zns-fio",
    "directory" : "/mnt/f2fs",
    "size" : "80G",
    "ioengine" : "psync",
    "iodepth" : "1",
    "rw" : "write",
    "bs" : "4K",
    "runtime" : "1m",
    "ramp_time" : "30s",
    "ioscheduler" : "mq-deadline",
    "thread" : "1"
  },
  "jobs" : [
    {
      "jobname" : "hot-file",
      "groupid" : 0,
      "error" : 0,
      "eta" : 0,
      "elapsed" : 91,
      "job options" : {
        "numjobs" : "2",
        "fsync" : "128",
        "write_hint" : "short"
      },
      "read" : {
        "io_bytes" : 0,
        "io_kbytes" : 0,
        "bw_bytes" : 0,
        "bw" : 0,
        "iops" : 0.000000,
        "runtime" : 0,
        "total_ios" : 0,
        "short_ios" : 0,
        "drop_ios" : 0,
        "slat_ns" : {
          "min" : 0,
          "max" : 0,
          "mean" : 0.000000,
          "stddev" : 0.000000,
          "N" : 0
        },
        "clat_ns" : {
          "min" : 0,
          "max" : 0,
          "mean" : 0.000000,
          "stddev" : 0.000000,
          "N" : 0
        },
        "lat_ns" : {
          "min" : 0,
          "max" : 0,
          "mean" : 0.000000,
          "stddev" : 0.000000,
          "N" : 0
        },
        "bw_min" : 0,
        "bw_max" : 0,
        "bw_agg" : 0.000000,
        "bw_mean" : 0.000000,
        "bw_dev" : 0.000000,
        "bw_samples" : 0,
        "iops_min" : 0,
        "iops_max" : 0,
        "iops_mean" : 0.000000,
        "iops_stddev" : 0.000000,
        "iops_samples" : 0
      },
      "write" : {
        "io_bytes" : 45413392384,
        "io_kbytes" : 44349016,
        "bw_bytes" : 756877258,
        "bw" : 739137,
        "iops" : 184784.486925,
        "runtime" : 60001,
        "total_ios" : 11087254,
        "short_ios" : 0,
        "drop_ios" : 0,
        "slat_ns" : {
          "min" : 0,
          "max" : 0,
          "mean" : 0.000000,
          "stddev" : 0.000000,
          "N" : 0
        },
        "clat_ns" : {
          "min" : 1694,
          "max" : 3757391,
          "mean" : 4518.878769,
          "stddev" : 8135.486505,
          "N" : 11087254,
          "percentile" : {
            "1.000000" : 2480,
            "5.000000" : 2640,
            "10.000000" : 2736,
            "20.000000" : 2928,
            "30.000000" : 3344,
            "40.000000" : 3632,
            "50.000000" : 3856,
            "60.000000" : 4128,
            "70.000000" : 4576,
            "80.000000" : 5344,
            "90.000000" : 6624,
            "95.000000" : 7456,
            "99.000000" : 11328,
            "99.500000" : 15040,
            "99.900000" : 50944,
            "99.950000" : 112128,
            "99.990000" : 280576
          }
        },
        "lat_ns" : {
          "min" : 1754,
          "max" : 3757451,
          "mean" : 4614.388850,
          "stddev" : 8144.287900,
          "N" : 11087254
        },
        "bw_min" : 387776,
        "bw_max" : 991488,
        "bw_agg" : 100.000000,
        "bw_mean" : 739838.658333,
        "bw_dev" : 63080.813952,
        "bw_samples" : 240,
        "iops_min" : 96944,
        "iops_max" : 247872,
        "iops_mean" : 184959.391667,
        "iops_stddev" : 15770.208351,
        "iops_samples" : 240
      },
      "trim" : {
        "io_bytes" : 0,
        "io_kbytes" : 0,
        "bw_bytes" : 0,
        "bw" : 0,
        "iops" : 0.000000,
        "runtime" : 0,
        "total_ios" : 0,
        "short_ios" : 0,
        "drop_ios" : 0,
        "slat_ns" : {
          "min" : 0,
          "max" : 0,
          "mean" : 0.000000,
          "stddev" : 0.000000,
          "N" : 0
        },
        "clat_ns" : {
          "min" : 0,
          "max" : 0,
          "mean" : 0.000000,
          "stddev" : 0.000000,
          "N" : 0
        },
        "lat_ns" : {
          "min" : 0,
          "max" : 0,
          "mean" : 0.000000,
          "stddev" : 0.000000,
          "N" : 0
        },
        "bw_min" : 0,
        "bw_max" : 0,
        "bw_agg" : 0.000000,
        "bw_mean" : 0.000000,
        "bw_dev" : 0.000000,
        "bw_samples" : 0,
        "iops_min" : 0,
        "iops_max" : 0,
        "iops_mean" : 0.000000,
        "iops_stddev" : 0.000000,
        "iops_samples" : 0
      },
      "sync" : {
        "total_ios" : 86619,
        "lat_ns" : {
          "min" : 418366,
          "max" : 149692595,
          "mean" : 746816.529526,
          "stddev" : 856543.098794,
          "N" : 86619,
          "percentile" : {
            "1.000000" : 448512,
            "5.000000" : 468992,
            "10.000000" : 497664,
            "20.000000" : 569344,
            "30.000000" : 593920,
            "40.000000" : 643072,
            "50.000000" : 684032,
            "60.000000" : 733184,
            "70.000000" : 790528,
            "80.000000" : 880640,
            "90.000000" : 1056768,
            "95.000000" : 1171456,
            "99.000000" : 1466368,
            "99.500000" : 1646592,
            "99.900000" : 2605056,
            "99.950000" : 11862016,
            "99.990000" : 12910592
          }
        }
      },
      "job_runtime" : 120000,
      "usr_cpu" : 7.687500,
      "sys_cpu" : 69.313333,
      "ctx" : 375215,
      "majf" : 0,
      "minf" : 0,
      "iodepth_level" : {
        "1" : 100.781248,
        "2" : 0.000000,
        "4" : 0.000000,
        "8" : 0.000000,
        "16" : 0.000000,
        "32" : 0.000000,
        ">=64" : 0.000000
      },
      "iodepth_submit" : {
        "0" : 0.000000,
        "4" : 100.000000,
        "8" : 0.000000,
        "16" : 0.000000,
        "32" : 0.000000,
        "64" : 0.000000,
        ">=64" : 0.000000
      },
      "iodepth_complete" : {
        "0" : 0.000000,
        "4" : 100.000000,
        "8" : 0.000000,
        "16" : 0.000000,
        "32" : 0.000000,
        "64" : 0.000000,
        ">=64" : 0.000000
      },
      "latency_ns" : {
        "2" : 0.000000,
        "4" : 0.000000,
        "10" : 0.000000,
        "20" : 0.000000,
        "50" : 0.000000,
        "100" : 0.000000,
        "250" : 0.000000,
        "500" : 0.000000,
        "750" : 0.000000,
        "1000" : 0.000000
      },
      "latency_us" : {
        "2" : 0.010000,
        "4" : 55.990816,
        "10" : 42.413360,
        "20" : 1.293783,
        "50" : 0.197840,
        "100" : 0.029926,
        "250" : 0.057697,
        "500" : 0.010742,
        "750" : 0.010000,
        "1000" : 0.010000
      },
      "latency_ms" : {
        "2" : 0.010000,
        "4" : 0.010000,
        "10" : 0.000000,
        "20" : 0.000000,
        "50" : 0.000000,
        "100" : 0.000000,
        "250" : 0.000000,
        "500" : 0.000000,
        "750" : 0.000000,
        "1000" : 0.000000,
        "2000" : 0.000000,
        ">=2000" : 0.000000
      },
      "latency_depth" : 1,
      "latency_target" : 0,
      "latency_percentile" : 100.000000,
      "latency_window" : 0
    }
  ],
  "disk_util" : [
    {
      "name" : "nullb0",
      "read_ios" : 90,
      "write_ios" : 1239,
      "read_merges" : 0,
      "write_merges" : 61,
      "read_ticks" : 4,
      "write_ticks" : 3777,
      "in_queue" : 3781,
      "util" : 0.364396
    }
  ]
}
