{
  "fio version" : "fio-3.32-10-g6b6f5-dirty",
  "timestamp" : 1676742473,
  "timestamp_ms" : 1676742473148,
  "time" : "Sat Feb 18 17:47:53 2023",
  "global options" : {
    "name" : "zns-fio",
    "directory" : "/mnt/f2fs",
    "size" : "80G",
    "ioengine" : "psync",
    "iodepth" : "1",
    "rw" : "write",
    "bs" : "4K",
    "runtime" : "1m",
    "ramp_time" : "30s",
    "ioscheduler" : "mq-deadline",
    "thread" : "1"
  },
  "jobs" : [
    {
      "jobname" : "hot-file",
      "groupid" : 0,
      "error" : 0,
      "eta" : 0,
      "elapsed" : 91,
      "job options" : {
        "numjobs" : "8",
        "fsync" : "128",
        "write_hint" : "short"
      },
      "read" : {
        "io_bytes" : 0,
        "io_kbytes" : 0,
        "bw_bytes" : 0,
        "bw" : 0,
        "iops" : 0.000000,
        "runtime" : 0,
        "total_ios" : 0,
        "short_ios" : 0,
        "drop_ios" : 0,
        "slat_ns" : {
          "min" : 0,
          "max" : 0,
          "mean" : 0.000000,
          "stddev" : 0.000000,
          "N" : 0
        },
        "clat_ns" : {
          "min" : 0,
          "max" : 0,
          "mean" : 0.000000,
          "stddev" : 0.000000,
          "N" : 0
        },
        "lat_ns" : {
          "min" : 0,
          "max" : 0,
          "mean" : 0.000000,
          "stddev" : 0.000000,
          "N" : 0
        },
        "bw_min" : 0,
        "bw_max" : 0,
        "bw_agg" : 0.000000,
        "bw_mean" : 0.000000,
        "bw_dev" : 0.000000,
        "bw_samples" : 0,
        "iops_min" : 0,
        "iops_max" : 0,
        "iops_mean" : 0.000000,
        "iops_stddev" : 0.000000,
        "iops_samples" : 0
      },
      "write" : {
        "io_bytes" : 47636647936,
        "io_kbytes" : 46520164,
        "bw_bytes" : 793877975,
        "bw" : 775271,
        "iops" : 193817.865178,
        "runtime" : 60005,
        "total_ios" : 11630041,
        "short_ios" : 0,
        "drop_ios" : 0,
        "slat_ns" : {
          "min" : 0,
          "max" : 0,
          "mean" : 0.000000,
          "stddev" : 0.000000,
          "N" : 0
        },
        "clat_ns" : {
          "min" : 2328,
          "max" : 9937677,
          "mean" : 8585.436942,
          "stddev" : 41308.130591,
          "N" : 11630041,
          "percentile" : {
            "1.000000" : 3824,
            "5.000000" : 4384,
            "10.000000" : 4768,
            "20.000000" : 5280,
            "30.000000" : 5856,
            "40.000000" : 6496,
            "50.000000" : 7072,
            "60.000000" : 7584,
            "70.000000" : 8160,
            "80.000000" : 8896,
            "90.000000" : 10304,
            "95.000000" : 12096,
            "99.000000" : 20352,
            "99.500000" : 33536,
            "99.900000" : 220160,
            "99.950000" : 610304,
            "99.990000" : 2244608
          }
        },
        "lat_ns" : {
          "min" : 2387,
          "max" : 9937866,
          "mean" : 8741.931357,
          "stddev" : 41435.275328,
          "N" : 11630041
        },
        "bw_min" : 462185,
        "bw_max" : 905128,
        "bw_agg" : 100.000000,
        "bw_mean" : 778125.193277,
        "bw_dev" : 8413.426102,
        "bw_samples" : 952,
        "iops_min" : 115545,
        "iops_max" : 226282,
        "iops_mean" : 194530.319328,
        "iops_stddev" : 2103.347432,
        "iops_samples" : 952
      },
      "trim" : {
        "io_bytes" : 0,
        "io_kbytes" : 0,
        "bw_bytes" : 0,
        "bw" : 0,
        "iops" : 0.000000,
        "runtime" : 0,
        "total_ios" : 0,
        "short_ios" : 0,
        "drop_ios" : 0,
        "slat_ns" : {
          "min" : 0,
          "max" : 0,
          "mean" : 0.000000,
          "stddev" : 0.000000,
          "N" : 0
        },
        "clat_ns" : {
          "min" : 0,
          "max" : 0,
          "mean" : 0.000000,
          "stddev" : 0.000000,
          "N" : 0
        },
        "lat_ns" : {
          "min" : 0,
          "max" : 0,
          "mean" : 0.000000,
          "stddev" : 0.000000,
          "N" : 0
        },
        "bw_min" : 0,
        "bw_max" : 0,
        "bw_agg" : 0.000000,
        "bw_mean" : 0.000000,
        "bw_dev" : 0.000000,
        "bw_samples" : 0,
        "iops_min" : 0,
        "iops_max" : 0,
        "iops_mean" : 0.000000,
        "iops_stddev" : 0.000000,
        "iops_samples" : 0
      },
      "sync" : {
        "total_ios" : 90859,
        "lat_ns" : {
          "min" : 713889,
          "max" : 199787934,
          "mean" : 4073946.978142,
          "stddev" : 3836059.293246,
          "N" : 90859,
          "percentile" : {
            "1.000000" : 1482752,
            "5.000000" : 2146304,
            "10.000000" : 2539520,
            "20.000000" : 2998272,
            "30.000000" : 3325952,
            "40.000000" : 3588096,
            "50.000000" : 3850240,
            "60.000000" : 4112384,
            "70.000000" : 4423680,
            "80.000000" : 4816896,
            "90.000000" : 5537792,
            "95.000000" : 6389760,
            "99.000000" : 8454144,
            "99.500000" : 9371648,
            "99.900000" : 12517376,
            "99.950000" : 114819072,
            "99.990000" : 183500800
          }
        }
      },
      "job_runtime" : 480015,
      "usr_cpu" : 3.250940,
      "sys_cpu" : 72.668354,
      "ctx" : 1100437,
      "majf" : 0,
      "minf" : 0,
      "iodepth_level" : {
        "1" : 100.781244,
        "2" : 0.000000,
        "4" : 0.000000,
        "8" : 0.000000,
        "16" : 0.000000,
        "32" : 0.000000,
        ">=64" : 0.000000
      },
      "iodepth_submit" : {
        "0" : 0.000000,
        "4" : 100.000000,
        "8" : 0.000000,
        "16" : 0.000000,
        "32" : 0.000000,
        "64" : 0.000000,
        ">=64" : 0.000000
      },
      "iodepth_complete" : {
        "0" : 0.000000,
        "4" : 100.000000,
        "8" : 0.000000,
        "16" : 0.000000,
        "32" : 0.000000,
        "64" : 0.000000,
        ">=64" : 0.000000
      },
      "latency_ns" : {
        "2" : 0.000000,
        "4" : 0.000000,
        "10" : 0.000000,
        "20" : 0.000000,
        "50" : 0.000000,
        "100" : 0.000000,
        "250" : 0.000000,
        "500" : 0.000000,
        "750" : 0.000000,
        "1000" : 0.000000
      },
      "latency_us" : {
        "2" : 0.000000,
        "4" : 1.713451,
        "10" : 86.798335,
        "20" : 10.464426,
        "50" : 0.681640,
        "100" : 0.164453,
        "250" : 0.086440,
        "500" : 0.034299,
        "750" : 0.015864,
        "1000" : 0.010000
      },
      "latency_ms" : {
        "2" : 0.019088,
        "4" : 0.012545,
        "10" : 0.010000,
        "20" : 0.000000,
        "50" : 0.000000,
        "100" : 0.000000,
        "250" : 0.000000,
        "500" : 0.000000,
        "750" : 0.000000,
        "1000" : 0.000000,
        "2000" : 0.000000,
        ">=2000" : 0.000000
      },
      "latency_depth" : 1,
      "latency_target" : 0,
      "latency_percentile" : 100.000000,
      "latency_window" : 0
    }
  ],
  "disk_util" : [
    {
      "name" : "nullb0",
      "read_ios" : 0,
      "write_ios" : 1130,
      "read_merges" : 0,
      "write_merges" : 37,
      "read_ticks" : 0,
      "write_ticks" : 4446,
      "in_queue" : 4446,
      "util" : 0.548202
    }
  ]
}
