{
  "fio version" : "fio-3.32-10-g6b6f5-dirty",
  "timestamp" : 1677058748,
  "timestamp_ms" : 1677058748018,
  "time" : "Wed Feb 22 09:39:08 2023",
  "global options" : {
    "name" : "zns-fio",
    "directory" : "/mnt/f2fs",
    "size" : "80G",
    "ioengine" : "psync",
    "iodepth" : "1",
    "rw" : "write",
    "bs" : "4K",
    "runtime" : "1m",
    "ramp_time" : "30s",
    "ioscheduler" : "mq-deadline",
    "thread" : "1"
  },
  "jobs" : [
    {
      "jobname" : "hot-file",
      "groupid" : 0,
      "error" : 0,
      "eta" : 0,
      "elapsed" : 91,
      "job options" : {
        "numjobs" : "8",
        "fsync" : "128",
        "write_hint" : "short"
      },
      "read" : {
        "io_bytes" : 0,
        "io_kbytes" : 0,
        "bw_bytes" : 0,
        "bw" : 0,
        "iops" : 0.000000,
        "runtime" : 0,
        "total_ios" : 0,
        "short_ios" : 0,
        "drop_ios" : 0,
        "slat_ns" : {
          "min" : 0,
          "max" : 0,
          "mean" : 0.000000,
          "stddev" : 0.000000,
          "N" : 0
        },
        "clat_ns" : {
          "min" : 0,
          "max" : 0,
          "mean" : 0.000000,
          "stddev" : 0.000000,
          "N" : 0
        },
        "lat_ns" : {
          "min" : 0,
          "max" : 0,
          "mean" : 0.000000,
          "stddev" : 0.000000,
          "N" : 0
        },
        "bw_min" : 0,
        "bw_max" : 0,
        "bw_agg" : 0.000000,
        "bw_mean" : 0.000000,
        "bw_dev" : 0.000000,
        "bw_samples" : 0,
        "iops_min" : 0,
        "iops_max" : 0,
        "iops_mean" : 0.000000,
        "iops_stddev" : 0.000000,
        "iops_samples" : 0
      },
      "write" : {
        "io_bytes" : 56718028800,
        "io_kbytes" : 55388700,
        "bw_bytes" : 945284725,
        "bw" : 923129,
        "iops" : 230782.403627,
        "runtime" : 60001,
        "total_ios" : 13847175,
        "short_ios" : 0,
        "drop_ios" : 0,
        "slat_ns" : {
          "min" : 0,
          "max" : 0,
          "mean" : 0.000000,
          "stddev" : 0.000000,
          "N" : 0
        },
        "clat_ns" : {
          "min" : 2677,
          "max" : 11349982,
          "mean" : 8858.292655,
          "stddev" : 40285.398368,
          "N" : 13847175,
          "percentile" : {
            "1.000000" : 3888,
            "5.000000" : 4512,
            "10.000000" : 4896,
            "20.000000" : 5472,
            "30.000000" : 6048,
            "40.000000" : 6688,
            "50.000000" : 7264,
            "60.000000" : 7904,
            "70.000000" : 8512,
            "80.000000" : 9152,
            "90.000000" : 10688,
            "95.000000" : 12608,
            "99.000000" : 21632,
            "99.500000" : 35072,
            "99.900000" : 222208,
            "99.950000" : 618496,
            "99.990000" : 2146304
          }
        },
        "lat_ns" : {
          "min" : 2741,
          "max" : 11350176,
          "mean" : 9025.921325,
          "stddev" : 40500.742365,
          "N" : 13847175
        },
        "bw_min" : 572508,
        "bw_max" : 1064232,
        "bw_agg" : 100.000000,
        "bw_mean" : 924310.831933,
        "bw_dev" : 9355.369174,
        "bw_samples" : 952,
        "iops_min" : 143127,
        "iops_max" : 266058,
        "iops_mean" : 231076.310924,
        "iops_stddev" : 2338.853190,
        "iops_samples" : 952
      },
      "trim" : {
        "io_bytes" : 0,
        "io_kbytes" : 0,
        "bw_bytes" : 0,
        "bw" : 0,
        "iops" : 0.000000,
        "runtime" : 0,
        "total_ios" : 0,
        "short_ios" : 0,
        "drop_ios" : 0,
        "slat_ns" : {
          "min" : 0,
          "max" : 0,
          "mean" : 0.000000,
          "stddev" : 0.000000,
          "N" : 0
        },
        "clat_ns" : {
          "min" : 0,
          "max" : 0,
          "mean" : 0.000000,
          "stddev" : 0.000000,
          "N" : 0
        },
        "lat_ns" : {
          "min" : 0,
          "max" : 0,
          "mean" : 0.000000,
          "stddev" : 0.000000,
          "N" : 0
        },
        "bw_min" : 0,
        "bw_max" : 0,
        "bw_agg" : 0.000000,
        "bw_mean" : 0.000000,
        "bw_dev" : 0.000000,
        "bw_samples" : 0,
        "iops_min" : 0,
        "iops_max" : 0,
        "iops_mean" : 0.000000,
        "iops_stddev" : 0.000000,
        "iops_samples" : 0
      },
      "sync" : {
        "total_ios" : 108180,
        "lat_ns" : {
          "min" : 690459,
          "max" : 197708208,
          "mean" : 3194883.106323,
          "stddev" : 3528765.776498,
          "N" : 108180,
          "percentile" : {
            "1.000000" : 1122304,
            "5.000000" : 1564672,
            "10.000000" : 1859584,
            "20.000000" : 2211840,
            "30.000000" : 2473984,
            "40.000000" : 2736128,
            "50.000000" : 2965504,
            "60.000000" : 3194880,
            "70.000000" : 3489792,
            "80.000000" : 3883008,
            "90.000000" : 4554752,
            "95.000000" : 5341184,
            "99.000000" : 6979584,
            "99.500000" : 7700480,
            "99.900000" : 9895936,
            "99.950000" : 91750400,
            "99.990000" : 181403648
          }
        }
      },
      "job_runtime" : 480000,
      "usr_cpu" : 4.094792,
      "sys_cpu" : 68.449375,
      "ctx" : 1370552,
      "majf" : 0,
      "minf" : 0,
      "iodepth_level" : {
        "1" : 100.781242,
        "2" : 0.000000,
        "4" : 0.000000,
        "8" : 0.000000,
        "16" : 0.000000,
        "32" : 0.000000,
        ">=64" : 0.000000
      },
      "iodepth_submit" : {
        "0" : 0.000000,
        "4" : 100.000000,
        "8" : 0.000000,
        "16" : 0.000000,
        "32" : 0.000000,
        "64" : 0.000000,
        ">=64" : 0.000000
      },
      "iodepth_complete" : {
        "0" : 0.000000,
        "4" : 100.000000,
        "8" : 0.000000,
        "16" : 0.000000,
        "32" : 0.000000,
        "64" : 0.000000,
        ">=64" : 0.000000
      },
      "latency_ns" : {
        "2" : 0.000000,
        "4" : 0.000000,
        "10" : 0.000000,
        "20" : 0.000000,
        "50" : 0.000000,
        "100" : 0.000000,
        "250" : 0.000000,
        "500" : 0.000000,
        "750" : 0.000000,
        "1000" : 0.000000
      },
      "latency_us" : {
        "2" : 0.000000,
        "4" : 1.529467,
        "10" : 84.927662,
        "20" : 12.405910,
        "50" : 0.776953,
        "100" : 0.172093,
        "250" : 0.095225,
        "500" : 0.033790,
        "750" : 0.017202,
        "1000" : 0.010000
      },
      "latency_ms" : {
        "2" : 0.020192,
        "4" : 0.011107,
        "10" : 0.010000,
        "20" : 0.010000,
        "50" : 0.000000,
        "100" : 0.000000,
        "250" : 0.000000,
        "500" : 0.000000,
        "750" : 0.000000,
        "1000" : 0.000000,
        "2000" : 0.000000,
        ">=2000" : 0.000000
      },
      "latency_depth" : 1,
      "latency_target" : 0,
      "latency_percentile" : 100.000000,
      "latency_window" : 0
    }
  ],
  "disk_util" : [
    {
      "name" : "nullb0",
      "read_ios" : 4,
      "write_ios" : 1357,
      "read_merges" : 0,
      "write_merges" : 46,
      "read_ticks" : 1,
      "write_ticks" : 4226,
      "in_queue" : 4227,
      "util" : 0.503481
    }
  ]
}
