{
  "fio version" : "fio-3.32-10-g6b6f5-dirty",
  "timestamp" : 1677058436,
  "timestamp_ms" : 1677058436061,
  "time" : "Wed Feb 22 09:33:56 2023",
  "global options" : {
    "name" : "zns-fio",
    "directory" : "/mnt/f2fs",
    "size" : "80G",
    "ioengine" : "psync",
    "iodepth" : "1",
    "rw" : "write",
    "bs" : "4K",
    "runtime" : "1m",
    "ramp_time" : "30s",
    "ioscheduler" : "mq-deadline",
    "thread" : "1"
  },
  "jobs" : [
    {
      "jobname" : "hot-file",
      "groupid" : 0,
      "error" : 0,
      "eta" : 0,
      "elapsed" : 91,
      "job options" : {
        "numjobs" : "5",
        "fsync" : "128",
        "write_hint" : "short"
      },
      "read" : {
        "io_bytes" : 0,
        "io_kbytes" : 0,
        "bw_bytes" : 0,
        "bw" : 0,
        "iops" : 0.000000,
        "runtime" : 0,
        "total_ios" : 0,
        "short_ios" : 0,
        "drop_ios" : 0,
        "slat_ns" : {
          "min" : 0,
          "max" : 0,
          "mean" : 0.000000,
          "stddev" : 0.000000,
          "N" : 0
        },
        "clat_ns" : {
          "min" : 0,
          "max" : 0,
          "mean" : 0.000000,
          "stddev" : 0.000000,
          "N" : 0
        },
        "lat_ns" : {
          "min" : 0,
          "max" : 0,
          "mean" : 0.000000,
          "stddev" : 0.000000,
          "N" : 0
        },
        "bw_min" : 0,
        "bw_max" : 0,
        "bw_agg" : 0.000000,
        "bw_mean" : 0.000000,
        "bw_dev" : 0.000000,
        "bw_samples" : 0,
        "iops_min" : 0,
        "iops_max" : 0,
        "iops_mean" : 0.000000,
        "iops_stddev" : 0.000000,
        "iops_samples" : 0
      },
      "write" : {
        "io_bytes" : 46567157760,
        "io_kbytes" : 45475740,
        "bw_bytes" : 776093426,
        "bw" : 757903,
        "iops" : 189475.934136,
        "runtime" : 60002,
        "total_ios" : 11368935,
        "short_ios" : 0,
        "drop_ios" : 0,
        "slat_ns" : {
          "min" : 0,
          "max" : 0,
          "mean" : 0.000000,
          "stddev" : 0.000000,
          "N" : 0
        },
        "clat_ns" : {
          "min" : 2485,
          "max" : 10941744,
          "mean" : 8231.365461,
          "stddev" : 29185.111725,
          "N" : 11368935,
          "percentile" : {
            "1.000000" : 3856,
            "5.000000" : 4384,
            "10.000000" : 4768,
            "20.000000" : 5344,
            "30.000000" : 5856,
            "40.000000" : 6496,
            "50.000000" : 7072,
            "60.000000" : 7648,
            "70.000000" : 8256,
            "80.000000" : 8896,
            "90.000000" : 10176,
            "95.000000" : 11968,
            "99.000000" : 19584,
            "99.500000" : 31104,
            "99.900000" : 154624,
            "99.950000" : 325632,
            "99.990000" : 1630208
          }
        },
        "lat_ns" : {
          "min" : 2547,
          "max" : 10941948,
          "mean" : 8388.862491,
          "stddev" : 29280.663061,
          "N" : 11368935
        },
        "bw_min" : 537986,
        "bw_max" : 881504,
        "bw_agg" : 100.000000,
        "bw_mean" : 758541.159664,
        "bw_dev" : 11940.436325,
        "bw_samples" : 595,
        "iops_min" : 134494,
        "iops_max" : 220376,
        "iops_mean" : 189634.361345,
        "iops_stddev" : 2985.138865,
        "iops_samples" : 595
      },
      "trim" : {
        "io_bytes" : 0,
        "io_kbytes" : 0,
        "bw_bytes" : 0,
        "bw" : 0,
        "iops" : 0.000000,
        "runtime" : 0,
        "total_ios" : 0,
        "short_ios" : 0,
        "drop_ios" : 0,
        "slat_ns" : {
          "min" : 0,
          "max" : 0,
          "mean" : 0.000000,
          "stddev" : 0.000000,
          "N" : 0
        },
        "clat_ns" : {
          "min" : 0,
          "max" : 0,
          "mean" : 0.000000,
          "stddev" : 0.000000,
          "N" : 0
        },
        "lat_ns" : {
          "min" : 0,
          "max" : 0,
          "mean" : 0.000000,
          "stddev" : 0.000000,
          "N" : 0
        },
        "bw_min" : 0,
        "bw_max" : 0,
        "bw_agg" : 0.000000,
        "bw_mean" : 0.000000,
        "bw_dev" : 0.000000,
        "bw_samples" : 0,
        "iops_min" : 0,
        "iops_max" : 0,
        "iops_mean" : 0.000000,
        "iops_stddev" : 0.000000,
        "iops_samples" : 0
      },
      "sync" : {
        "total_ios" : 88818,
        "lat_ns" : {
          "min" : 568101,
          "max" : 128341367,
          "mean" : 2221820.053491,
          "stddev" : 2370379.613275,
          "N" : 88818,
          "percentile" : {
            "1.000000" : 806912,
            "5.000000" : 1044480,
            "10.000000" : 1220608,
            "20.000000" : 1482752,
            "30.000000" : 1695744,
            "40.000000" : 1875968,
            "50.000000" : 2056192,
            "60.000000" : 2244608,
            "70.000000" : 2441216,
            "80.000000" : 2736128,
            "90.000000" : 3194880,
            "95.000000" : 3751936,
            "99.000000" : 5210112,
            "99.500000" : 5799936,
            "99.900000" : 7241728,
            "99.950000" : 35389440,
            "99.990000" : 117964800
          }
        }
      },
      "job_runtime" : 300002,
      "usr_cpu" : 5.973294,
      "sys_cpu" : 68.873208,
      "ctx" : 942418,
      "majf" : 0,
      "minf" : 0,
      "iodepth_level" : {
        "1" : 100.781234,
        "2" : 0.000000,
        "4" : 0.000000,
        "8" : 0.000000,
        "16" : 0.000000,
        "32" : 0.000000,
        ">=64" : 0.000000
      },
      "iodepth_submit" : {
        "0" : 0.000000,
        "4" : 100.000000,
        "8" : 0.000000,
        "16" : 0.000000,
        "32" : 0.000000,
        "64" : 0.000000,
        ">=64" : 0.000000
      },
      "iodepth_complete" : {
        "0" : 0.000000,
        "4" : 100.000000,
        "8" : 0.000000,
        "16" : 0.000000,
        "32" : 0.000000,
        "64" : 0.000000,
        ">=64" : 0.000000
      },
      "latency_ns" : {
        "2" : 0.000000,
        "4" : 0.000000,
        "10" : 0.000000,
        "20" : 0.000000,
        "50" : 0.000000,
        "100" : 0.000000,
        "250" : 0.000000,
        "500" : 0.000000,
        "750" : 0.000000,
        "1000" : 0.000000
      },
      "latency_us" : {
        "2" : 0.000000,
        "4" : 1.845951,
        "10" : 87.216903,
        "20" : 9.980372,
        "50" : 0.675824,
        "100" : 0.131701,
        "250" : 0.081081,
        "500" : 0.029792,
        "750" : 0.011180,
        "1000" : 0.010000
      },
      "latency_ms" : {
        "2" : 0.014812,
        "4" : 0.010000,
        "10" : 0.010000,
        "20" : 0.010000,
        "50" : 0.000000,
        "100" : 0.000000,
        "250" : 0.000000,
        "500" : 0.000000,
        "750" : 0.000000,
        "1000" : 0.000000,
        "2000" : 0.000000,
        ">=2000" : 0.000000
      },
      "latency_depth" : 1,
      "latency_target" : 0,
      "latency_percentile" : 100.000000,
      "latency_window" : 0
    }
  ],
  "disk_util" : [
    {
      "name" : "nullb0",
      "read_ios" : 0,
      "write_ios" : 1050,
      "read_merges" : 0,
      "write_merges" : 48,
      "read_ticks" : 0,
      "write_ticks" : 2136,
      "in_queue" : 2135,
      "util" : 0.307504
    }
  ]
}
