{
  "fio version" : "fio-3.32-10-g6b6f5-dirty",
  "timestamp" : 1676722383,
  "timestamp_ms" : 1676722383823,
  "time" : "Sat Feb 18 12:13:03 2023",
  "global options" : {
    "name" : "zns-fio",
    "directory" : "/mnt/f2fs",
    "size" : "80G",
    "ioengine" : "psync",
    "rw" : "write",
    "bs" : "4K",
    "runtime" : "1m",
    "ramp_time" : "30s",
    "ioscheduler" : "mq-deadline",
    "thread" : "1",
    "file_service_type" : "random:32"
  },
  "jobs" : [
    {
      "jobname" : "hot-file",
      "groupid" : 0,
      "error" : 0,
      "eta" : 0,
      "elapsed" : 91,
      "job options" : {
        "nrfiles" : "5",
        "write_hint" : "short"
      },
      "read" : {
        "io_bytes" : 0,
        "io_kbytes" : 0,
        "bw_bytes" : 0,
        "bw" : 0,
        "iops" : 0.000000,
        "runtime" : 0,
        "total_ios" : 0,
        "short_ios" : 0,
        "drop_ios" : 0,
        "slat_ns" : {
          "min" : 0,
          "max" : 0,
          "mean" : 0.000000,
          "stddev" : 0.000000,
          "N" : 0
        },
        "clat_ns" : {
          "min" : 0,
          "max" : 0,
          "mean" : 0.000000,
          "stddev" : 0.000000,
          "N" : 0
        },
        "lat_ns" : {
          "min" : 0,
          "max" : 0,
          "mean" : 0.000000,
          "stddev" : 0.000000,
          "N" : 0
        },
        "bw_min" : 0,
        "bw_max" : 0,
        "bw_agg" : 0.000000,
        "bw_mean" : 0.000000,
        "bw_dev" : 0.000000,
        "bw_samples" : 0,
        "iops_min" : 0,
        "iops_max" : 0,
        "iops_mean" : 0.000000,
        "iops_stddev" : 0.000000,
        "iops_samples" : 0
      },
      "write" : {
        "io_bytes" : 53946388480,
        "io_kbytes" : 52682020,
        "bw_bytes" : 899091489,
        "bw" : 878019,
        "iops" : 219504.758254,
        "runtime" : 60001,
        "total_ios" : 13170505,
        "short_ios" : 0,
        "drop_ios" : 0,
        "slat_ns" : {
          "min" : 0,
          "max" : 0,
          "mean" : 0.000000,
          "stddev" : 0.000000,
          "N" : 0
        },
        "clat_ns" : {
          "min" : 2098,
          "max" : 65438265,
          "mean" : 3828.993689,
          "stddev" : 30821.109583,
          "N" : 13170505,
          "percentile" : {
            "1.000000" : 2352,
            "5.000000" : 2480,
            "10.000000" : 2608,
            "20.000000" : 2736,
            "30.000000" : 2832,
            "40.000000" : 2960,
            "50.000000" : 3216,
            "60.000000" : 3472,
            "70.000000" : 3728,
            "80.000000" : 4128,
            "90.000000" : 5024,
            "95.000000" : 6368,
            "99.000000" : 10048,
            "99.500000" : 14144,
            "99.900000" : 47360,
            "99.950000" : 124416,
            "99.990000" : 309248
          }
        },
        "lat_ns" : {
          "min" : 2157,
          "max" : 65438327,
          "mean" : 3895.414903,
          "stddev" : 30821.766218,
          "N" : 13170505
        },
        "bw_min" : 256,
        "bw_max" : 1402693,
        "bw_agg" : 100.000000,
        "bw_mean" : 917036.200000,
        "bw_dev" : 244221.977182,
        "bw_samples" : 115,
        "iops_min" : 64,
        "iops_max" : 350673,
        "iops_mean" : 229259.104348,
        "iops_stddev" : 61055.503512,
        "iops_samples" : 115
      },
      "trim" : {
        "io_bytes" : 0,
        "io_kbytes" : 0,
        "bw_bytes" : 0,
        "bw" : 0,
        "iops" : 0.000000,
        "runtime" : 0,
        "total_ios" : 0,
        "short_ios" : 0,
        "drop_ios" : 0,
        "slat_ns" : {
          "min" : 0,
          "max" : 0,
          "mean" : 0.000000,
          "stddev" : 0.000000,
          "N" : 0
        },
        "clat_ns" : {
          "min" : 0,
          "max" : 0,
          "mean" : 0.000000,
          "stddev" : 0.000000,
          "N" : 0
        },
        "lat_ns" : {
          "min" : 0,
          "max" : 0,
          "mean" : 0.000000,
          "stddev" : 0.000000,
          "N" : 0
        },
        "bw_min" : 0,
        "bw_max" : 0,
        "bw_agg" : 0.000000,
        "bw_mean" : 0.000000,
        "bw_dev" : 0.000000,
        "bw_samples" : 0,
        "iops_min" : 0,
        "iops_max" : 0,
        "iops_mean" : 0.000000,
        "iops_stddev" : 0.000000,
        "iops_samples" : 0
      },
      "sync" : {
        "total_ios" : 0,
        "lat_ns" : {
          "min" : 0,
          "max" : 0,
          "mean" : 0.000000,
          "stddev" : 0.000000,
          "N" : 0
        }
      },
      "job_runtime" : 60000,
      "usr_cpu" : 13.291667,
      "sys_cpu" : 82.093333,
      "ctx" : 45130,
      "majf" : 0,
      "minf" : 0,
      "iodepth_level" : {
        "1" : 100.000000,
        "2" : 0.000000,
        "4" : 0.000000,
        "8" : 0.000000,
        "16" : 0.000000,
        "32" : 0.000000,
        ">=64" : 0.000000
      },
      "iodepth_submit" : {
        "0" : 0.000000,
        "4" : 100.000000,
        "8" : 0.000000,
        "16" : 0.000000,
        "32" : 0.000000,
        "64" : 0.000000,
        ">=64" : 0.000000
      },
      "iodepth_complete" : {
        "0" : 0.000000,
        "4" : 100.000000,
        "8" : 0.000000,
        "16" : 0.000000,
        "32" : 0.000000,
        "64" : 0.000000,
        ">=64" : 0.000000
      },
      "latency_ns" : {
        "2" : 0.000000,
        "4" : 0.000000,
        "10" : 0.000000,
        "20" : 0.000000,
        "50" : 0.000000,
        "100" : 0.000000,
        "250" : 0.000000,
        "500" : 0.000000,
        "750" : 0.000000,
        "1000" : 0.000000
      },
      "latency_us" : {
        "2" : 0.000000,
        "4" : 77.663992,
        "10" : 21.335188,
        "20" : 0.799658,
        "50" : 0.103709,
        "100" : 0.020326,
        "250" : 0.057652,
        "500" : 0.017683,
        "750" : 0.010000,
        "1000" : 0.010000
      },
      "latency_ms" : {
        "2" : 0.010000,
        "4" : 0.010000,
        "10" : 0.010000,
        "20" : 0.000000,
        "50" : 0.010000,
        "100" : 0.010000,
        "250" : 0.000000,
        "500" : 0.000000,
        "750" : 0.000000,
        "1000" : 0.000000,
        "2000" : 0.000000,
        ">=2000" : 0.000000
      },
      "latency_depth" : 1,
      "latency_target" : 0,
      "latency_percentile" : 100.000000,
      "latency_window" : 0
    }
  ],
  "disk_util" : [
    {
      "name" : "nullb0",
      "read_ios" : 70,
      "write_ios" : 1605,
      "read_merges" : 0,
      "write_merges" : 1,
      "read_ticks" : 6,
      "write_ticks" : 1489,
      "in_queue" : 1495,
      "util" : 0.408766
    }
  ]
}
