{
  "fio version" : "fio-3.32-10-g6b6f5-dirty",
  "timestamp" : 1676742162,
  "timestamp_ms" : 1676742162458,
  "time" : "Sat Feb 18 17:42:42 2023",
  "global options" : {
    "name" : "zns-fio",
    "directory" : "/mnt/f2fs",
    "size" : "80G",
    "ioengine" : "psync",
    "iodepth" : "1",
    "rw" : "write",
    "bs" : "4K",
    "runtime" : "1m",
    "ramp_time" : "30s",
    "ioscheduler" : "mq-deadline",
    "thread" : "1"
  },
  "jobs" : [
    {
      "jobname" : "hot-file",
      "groupid" : 0,
      "error" : 0,
      "eta" : 0,
      "elapsed" : 91,
      "job options" : {
        "numjobs" : "5",
        "fsync" : "128",
        "write_hint" : "short"
      },
      "read" : {
        "io_bytes" : 0,
        "io_kbytes" : 0,
        "bw_bytes" : 0,
        "bw" : 0,
        "iops" : 0.000000,
        "runtime" : 0,
        "total_ios" : 0,
        "short_ios" : 0,
        "drop_ios" : 0,
        "slat_ns" : {
          "min" : 0,
          "max" : 0,
          "mean" : 0.000000,
          "stddev" : 0.000000,
          "N" : 0
        },
        "clat_ns" : {
          "min" : 0,
          "max" : 0,
          "mean" : 0.000000,
          "stddev" : 0.000000,
          "N" : 0
        },
        "lat_ns" : {
          "min" : 0,
          "max" : 0,
          "mean" : 0.000000,
          "stddev" : 0.000000,
          "N" : 0
        },
        "bw_min" : 0,
        "bw_max" : 0,
        "bw_agg" : 0.000000,
        "bw_mean" : 0.000000,
        "bw_dev" : 0.000000,
        "bw_samples" : 0,
        "iops_min" : 0,
        "iops_max" : 0,
        "iops_mean" : 0.000000,
        "iops_stddev" : 0.000000,
        "iops_samples" : 0
      },
      "write" : {
        "io_bytes" : 43774377984,
        "io_kbytes" : 42748416,
        "bw_bytes" : 729536489,
        "bw" : 712437,
        "iops" : 178109.494525,
        "runtime" : 60003,
        "total_ios" : 10687104,
        "short_ios" : 0,
        "drop_ios" : 0,
        "slat_ns" : {
          "min" : 0,
          "max" : 0,
          "mean" : 0.000000,
          "stddev" : 0.000000,
          "N" : 0
        },
        "clat_ns" : {
          "min" : 2303,
          "max" : 11040254,
          "mean" : 8142.284406,
          "stddev" : 32391.623762,
          "N" : 10687104,
          "percentile" : {
            "1.000000" : 3696,
            "5.000000" : 4320,
            "10.000000" : 4704,
            "20.000000" : 5216,
            "30.000000" : 5728,
            "40.000000" : 6304,
            "50.000000" : 6944,
            "60.000000" : 7520,
            "70.000000" : 8096,
            "80.000000" : 8768,
            "90.000000" : 10048,
            "95.000000" : 11712,
            "99.000000" : 19328,
            "99.500000" : 30592,
            "99.900000" : 154624,
            "99.950000" : 329728,
            "99.990000" : 1875968
          }
        },
        "lat_ns" : {
          "min" : 2369,
          "max" : 11040390,
          "mean" : 8307.175906,
          "stddev" : 32533.899752,
          "N" : 10687104
        },
        "bw_min" : 521632,
        "bw_max" : 823581,
        "bw_agg" : 100.000000,
        "bw_mean" : 712983.205952,
        "bw_dev" : 11150.947799,
        "bw_samples" : 598,
        "iops_min" : 130408,
        "iops_max" : 205894,
        "iops_mean" : 178244.777101,
        "iops_stddev" : 2787.718162,
        "iops_samples" : 598
      },
      "trim" : {
        "io_bytes" : 0,
        "io_kbytes" : 0,
        "bw_bytes" : 0,
        "bw" : 0,
        "iops" : 0.000000,
        "runtime" : 0,
        "total_ios" : 0,
        "short_ios" : 0,
        "drop_ios" : 0,
        "slat_ns" : {
          "min" : 0,
          "max" : 0,
          "mean" : 0.000000,
          "stddev" : 0.000000,
          "N" : 0
        },
        "clat_ns" : {
          "min" : 0,
          "max" : 0,
          "mean" : 0.000000,
          "stddev" : 0.000000,
          "N" : 0
        },
        "lat_ns" : {
          "min" : 0,
          "max" : 0,
          "mean" : 0.000000,
          "stddev" : 0.000000,
          "N" : 0
        },
        "bw_min" : 0,
        "bw_max" : 0,
        "bw_agg" : 0.000000,
        "bw_mean" : 0.000000,
        "bw_dev" : 0.000000,
        "bw_samples" : 0,
        "iops_min" : 0,
        "iops_max" : 0,
        "iops_mean" : 0.000000,
        "iops_stddev" : 0.000000,
        "iops_samples" : 0
      },
      "sync" : {
        "total_ios" : 83493,
        "lat_ns" : {
          "min" : 565985,
          "max" : 128244513,
          "mean" : 2447980.014648,
          "stddev" : 2335573.118131,
          "N" : 83493,
          "percentile" : {
            "1.000000" : 880640,
            "5.000000" : 1171456,
            "10.000000" : 1384448,
            "20.000000" : 1679360,
            "30.000000" : 1892352,
            "40.000000" : 2088960,
            "50.000000" : 2277376,
            "60.000000" : 2473984,
            "70.000000" : 2703360,
            "80.000000" : 2998272,
            "90.000000" : 3489792,
            "95.000000" : 4079616,
            "99.000000" : 5668864,
            "99.500000" : 6193152,
            "99.900000" : 7700480,
            "99.950000" : 12255232,
            "99.990000" : 116916224
          }
        }
      },
      "job_runtime" : 300005,
      "usr_cpu" : 5.197913,
      "sys_cpu" : 71.250146,
      "ctx" : 892926,
      "majf" : 0,
      "minf" : 0,
      "iodepth_level" : {
        "1" : 100.781250,
        "2" : 0.000000,
        "4" : 0.000000,
        "8" : 0.000000,
        "16" : 0.000000,
        "32" : 0.000000,
        ">=64" : 0.000000
      },
      "iodepth_submit" : {
        "0" : 0.000000,
        "4" : 100.000000,
        "8" : 0.000000,
        "16" : 0.000000,
        "32" : 0.000000,
        "64" : 0.000000,
        ">=64" : 0.000000
      },
      "iodepth_complete" : {
        "0" : 0.000000,
        "4" : 100.000000,
        "8" : 0.000000,
        "16" : 0.000000,
        "32" : 0.000000,
        "64" : 0.000000,
        ">=64" : 0.000000
      },
      "latency_ns" : {
        "2" : 0.000000,
        "4" : 0.000000,
        "10" : 0.000000,
        "20" : 0.000000,
        "50" : 0.000000,
        "100" : 0.000000,
        "250" : 0.000000,
        "500" : 0.000000,
        "750" : 0.000000,
        "1000" : 0.000000
      },
      "latency_us" : {
        "2" : 0.000000,
        "4" : 2.414854,
        "10" : 87.585280,
        "20" : 9.059947,
        "50" : 0.660637,
        "100" : 0.129053,
        "250" : 0.080377,
        "500" : 0.030017,
        "750" : 0.010000,
        "1000" : 0.010000
      },
      "latency_ms" : {
        "2" : 0.015074,
        "4" : 0.010000,
        "10" : 0.010000,
        "20" : 0.010000,
        "50" : 0.000000,
        "100" : 0.000000,
        "250" : 0.000000,
        "500" : 0.000000,
        "750" : 0.000000,
        "1000" : 0.000000,
        "2000" : 0.000000,
        ">=2000" : 0.000000
      },
      "latency_depth" : 1,
      "latency_target" : 0,
      "latency_percentile" : 100.000000,
      "latency_window" : 0
    }
  ],
  "disk_util" : [
    {
      "name" : "nullb0",
      "read_ios" : 0,
      "write_ios" : 983,
      "read_merges" : 0,
      "write_merges" : 44,
      "read_ticks" : 0,
      "write_ticks" : 2911,
      "in_queue" : 2911,
      "util" : 0.377715
    }
  ]
}
