{
  "fio version" : "fio-3.32-10-g6b6f5-dirty",
  "timestamp" : 1677058333,
  "timestamp_ms" : 1677058333984,
  "time" : "Wed Feb 22 09:32:13 2023",
  "global options" : {
    "name" : "zns-fio",
    "directory" : "/mnt/f2fs",
    "size" : "80G",
    "ioengine" : "psync",
    "iodepth" : "1",
    "rw" : "write",
    "bs" : "4K",
    "runtime" : "1m",
    "ramp_time" : "30s",
    "ioscheduler" : "mq-deadline",
    "thread" : "1"
  },
  "jobs" : [
    {
      "jobname" : "hot-file",
      "groupid" : 0,
      "error" : 0,
      "eta" : 0,
      "elapsed" : 91,
      "job options" : {
        "numjobs" : "4",
        "fsync" : "128",
        "write_hint" : "short"
      },
      "read" : {
        "io_bytes" : 0,
        "io_kbytes" : 0,
        "bw_bytes" : 0,
        "bw" : 0,
        "iops" : 0.000000,
        "runtime" : 0,
        "total_ios" : 0,
        "short_ios" : 0,
        "drop_ios" : 0,
        "slat_ns" : {
          "min" : 0,
          "max" : 0,
          "mean" : 0.000000,
          "stddev" : 0.000000,
          "N" : 0
        },
        "clat_ns" : {
          "min" : 0,
          "max" : 0,
          "mean" : 0.000000,
          "stddev" : 0.000000,
          "N" : 0
        },
        "lat_ns" : {
          "min" : 0,
          "max" : 0,
          "mean" : 0.000000,
          "stddev" : 0.000000,
          "N" : 0
        },
        "bw_min" : 0,
        "bw_max" : 0,
        "bw_agg" : 0.000000,
        "bw_mean" : 0.000000,
        "bw_dev" : 0.000000,
        "bw_samples" : 0,
        "iops_min" : 0,
        "iops_max" : 0,
        "iops_mean" : 0.000000,
        "iops_stddev" : 0.000000,
        "iops_samples" : 0
      },
      "write" : {
        "io_bytes" : 39560290304,
        "io_kbytes" : 38633096,
        "bw_bytes" : 659316194,
        "bw" : 643863,
        "iops" : 160965.867804,
        "runtime" : 60002,
        "total_ios" : 9658274,
        "short_ios" : 0,
        "drop_ios" : 0,
        "slat_ns" : {
          "min" : 0,
          "max" : 0,
          "mean" : 0.000000,
          "stddev" : 0.000000,
          "N" : 0
        },
        "clat_ns" : {
          "min" : 2421,
          "max" : 5972968,
          "mean" : 8134.565377,
          "stddev" : 24404.753856,
          "N" : 9658274,
          "percentile" : {
            "1.000000" : 3792,
            "5.000000" : 4256,
            "10.000000" : 4704,
            "20.000000" : 5408,
            "30.000000" : 6048,
            "40.000000" : 6688,
            "50.000000" : 7136,
            "60.000000" : 7648,
            "70.000000" : 8256,
            "80.000000" : 8896,
            "90.000000" : 10304,
            "95.000000" : 12096,
            "99.000000" : 19328,
            "99.500000" : 30080,
            "99.900000" : 134144,
            "99.950000" : 264192,
            "99.990000" : 1335296
          }
        },
        "lat_ns" : {
          "min" : 2493,
          "max" : 5973168,
          "mean" : 8325.363640,
          "stddev" : 24507.255333,
          "N" : 9658274
        },
        "bw_min" : 477159,
        "bw_max" : 768432,
        "bw_agg" : 100.000000,
        "bw_mean" : 645185.100840,
        "bw_dev" : 13908.590667,
        "bw_samples" : 476,
        "iops_min" : 119288,
        "iops_max" : 192107,
        "iops_mean" : 161295.588235,
        "iops_stddev" : 3477.162390,
        "iops_samples" : 476
      },
      "trim" : {
        "io_bytes" : 0,
        "io_kbytes" : 0,
        "bw_bytes" : 0,
        "bw" : 0,
        "iops" : 0.000000,
        "runtime" : 0,
        "total_ios" : 0,
        "short_ios" : 0,
        "drop_ios" : 0,
        "slat_ns" : {
          "min" : 0,
          "max" : 0,
          "mean" : 0.000000,
          "stddev" : 0.000000,
          "N" : 0
        },
        "clat_ns" : {
          "min" : 0,
          "max" : 0,
          "mean" : 0.000000,
          "stddev" : 0.000000,
          "N" : 0
        },
        "lat_ns" : {
          "min" : 0,
          "max" : 0,
          "mean" : 0.000000,
          "stddev" : 0.000000,
          "N" : 0
        },
        "bw_min" : 0,
        "bw_max" : 0,
        "bw_agg" : 0.000000,
        "bw_mean" : 0.000000,
        "bw_dev" : 0.000000,
        "bw_samples" : 0,
        "iops_min" : 0,
        "iops_max" : 0,
        "iops_mean" : 0.000000,
        "iops_stddev" : 0.000000,
        "iops_samples" : 0
      },
      "sync" : {
        "total_ios" : 75455,
        "lat_ns" : {
          "min" : 517870,
          "max" : 105951072,
          "mean" : 2026998.249765,
          "stddev" : 2118818.076944,
          "N" : 75455,
          "percentile" : {
            "1.000000" : 716800,
            "5.000000" : 921600,
            "10.000000" : 1089536,
            "20.000000" : 1318912,
            "30.000000" : 1499136,
            "40.000000" : 1679360,
            "50.000000" : 1859584,
            "60.000000" : 2039808,
            "70.000000" : 2244608,
            "80.000000" : 2506752,
            "90.000000" : 2965504,
            "95.000000" : 3489792,
            "99.000000" : 4947968,
            "99.500000" : 5472256,
            "99.900000" : 7110656,
            "99.950000" : 67633152,
            "99.990000" : 103284736
          }
        }
      },
      "job_runtime" : 240001,
      "usr_cpu" : 6.244141,
      "sys_cpu" : 69.346378,
      "ctx" : 690813,
      "majf" : 0,
      "minf" : 0,
      "iodepth_level" : {
        "1" : 100.781247,
        "2" : 0.000000,
        "4" : 0.000000,
        "8" : 0.000000,
        "16" : 0.000000,
        "32" : 0.000000,
        ">=64" : 0.000000
      },
      "iodepth_submit" : {
        "0" : 0.000000,
        "4" : 100.000000,
        "8" : 0.000000,
        "16" : 0.000000,
        "32" : 0.000000,
        "64" : 0.000000,
        ">=64" : 0.000000
      },
      "iodepth_complete" : {
        "0" : 0.000000,
        "4" : 100.000000,
        "8" : 0.000000,
        "16" : 0.000000,
        "32" : 0.000000,
        "64" : 0.000000,
        ">=64" : 0.000000
      },
      "latency_ns" : {
        "2" : 0.000000,
        "4" : 0.000000,
        "10" : 0.000000,
        "20" : 0.000000,
        "50" : 0.000000,
        "100" : 0.000000,
        "250" : 0.000000,
        "500" : 0.000000,
        "750" : 0.000000,
        "1000" : 0.000000
      },
      "latency_us" : {
        "2" : 0.000000,
        "4" : 2.436947,
        "10" : 85.864824,
        "20" : 10.750896,
        "50" : 0.701533,
        "100" : 0.114399,
        "250" : 0.078161,
        "500" : 0.024787,
        "750" : 0.010000,
        "1000" : 0.010000
      },
      "latency_ms" : {
        "2" : 0.011928,
        "4" : 0.010000,
        "10" : 0.010000,
        "20" : 0.000000,
        "50" : 0.000000,
        "100" : 0.000000,
        "250" : 0.000000,
        "500" : 0.000000,
        "750" : 0.000000,
        "1000" : 0.000000,
        "2000" : 0.000000,
        ">=2000" : 0.000000
      },
      "latency_depth" : 1,
      "latency_target" : 0,
      "latency_percentile" : 100.000000,
      "latency_window" : 0
    }
  ],
  "disk_util" : [
    {
      "name" : "nullb0",
      "read_ios" : 174,
      "write_ios" : 733,
      "read_merges" : 0,
      "write_merges" : 41,
      "read_ticks" : 8,
      "write_ticks" : 1024,
      "in_queue" : 1033,
      "util" : 0.155973
    }
  ]
}
