{
  "fio version" : "fio-3.32-10-g6b6f5-dirty",
  "timestamp" : 1676742060,
  "timestamp_ms" : 1676742060783,
  "time" : "Sat Feb 18 17:41:00 2023",
  "global options" : {
    "name" : "zns-fio",
    "directory" : "/mnt/f2fs",
    "size" : "80G",
    "ioengine" : "psync",
    "iodepth" : "1",
    "rw" : "write",
    "bs" : "4K",
    "runtime" : "1m",
    "ramp_time" : "30s",
    "ioscheduler" : "mq-deadline",
    "thread" : "1"
  },
  "jobs" : [
    {
      "jobname" : "hot-file",
      "groupid" : 0,
      "error" : 0,
      "eta" : 0,
      "elapsed" : 91,
      "job options" : {
        "numjobs" : "4",
        "fsync" : "128",
        "write_hint" : "short"
      },
      "read" : {
        "io_bytes" : 0,
        "io_kbytes" : 0,
        "bw_bytes" : 0,
        "bw" : 0,
        "iops" : 0.000000,
        "runtime" : 0,
        "total_ios" : 0,
        "short_ios" : 0,
        "drop_ios" : 0,
        "slat_ns" : {
          "min" : 0,
          "max" : 0,
          "mean" : 0.000000,
          "stddev" : 0.000000,
          "N" : 0
        },
        "clat_ns" : {
          "min" : 0,
          "max" : 0,
          "mean" : 0.000000,
          "stddev" : 0.000000,
          "N" : 0
        },
        "lat_ns" : {
          "min" : 0,
          "max" : 0,
          "mean" : 0.000000,
          "stddev" : 0.000000,
          "N" : 0
        },
        "bw_min" : 0,
        "bw_max" : 0,
        "bw_agg" : 0.000000,
        "bw_mean" : 0.000000,
        "bw_dev" : 0.000000,
        "bw_samples" : 0,
        "iops_min" : 0,
        "iops_max" : 0,
        "iops_mean" : 0.000000,
        "iops_stddev" : 0.000000,
        "iops_samples" : 0
      },
      "write" : {
        "io_bytes" : 37954781184,
        "io_kbytes" : 37065216,
        "bw_bytes" : 632558601,
        "bw" : 617733,
        "iops" : 154433.252225,
        "runtime" : 60002,
        "total_ios" : 9266304,
        "short_ios" : 0,
        "drop_ios" : 0,
        "slat_ns" : {
          "min" : 0,
          "max" : 0,
          "mean" : 0.000000,
          "stddev" : 0.000000,
          "N" : 0
        },
        "clat_ns" : {
          "min" : 2353,
          "max" : 6724036,
          "mean" : 8268.167662,
          "stddev" : 28129.934628,
          "N" : 9266304,
          "percentile" : {
            "1.000000" : 3792,
            "5.000000" : 4256,
            "10.000000" : 4704,
            "20.000000" : 5472,
            "30.000000" : 6112,
            "40.000000" : 6752,
            "50.000000" : 7200,
            "60.000000" : 7712,
            "70.000000" : 8256,
            "80.000000" : 9024,
            "90.000000" : 10432,
            "95.000000" : 12224,
            "99.000000" : 19840,
            "99.500000" : 30848,
            "99.900000" : 132096,
            "99.950000" : 259072,
            "99.990000" : 1564672
          }
        },
        "lat_ns" : {
          "min" : 2430,
          "max" : 6724184,
          "mean" : 8426.674878,
          "stddev" : 28220.015042,
          "N" : 9266304
        },
        "bw_min" : 474544,
        "bw_max" : 765648,
        "bw_agg" : 100.000000,
        "bw_mean" : 618462.958543,
        "bw_dev" : 13226.696482,
        "bw_samples" : 478,
        "iops_min" : 118633,
        "iops_max" : 191411,
        "iops_mean" : 154614.848529,
        "iops_stddev" : 3306.686192,
        "iops_samples" : 478
      },
      "trim" : {
        "io_bytes" : 0,
        "io_kbytes" : 0,
        "bw_bytes" : 0,
        "bw" : 0,
        "iops" : 0.000000,
        "runtime" : 0,
        "total_ios" : 0,
        "short_ios" : 0,
        "drop_ios" : 0,
        "slat_ns" : {
          "min" : 0,
          "max" : 0,
          "mean" : 0.000000,
          "stddev" : 0.000000,
          "N" : 0
        },
        "clat_ns" : {
          "min" : 0,
          "max" : 0,
          "mean" : 0.000000,
          "stddev" : 0.000000,
          "N" : 0
        },
        "lat_ns" : {
          "min" : 0,
          "max" : 0,
          "mean" : 0.000000,
          "stddev" : 0.000000,
          "N" : 0
        },
        "bw_min" : 0,
        "bw_max" : 0,
        "bw_agg" : 0.000000,
        "bw_mean" : 0.000000,
        "bw_dev" : 0.000000,
        "bw_samples" : 0,
        "iops_min" : 0,
        "iops_max" : 0,
        "iops_mean" : 0.000000,
        "iops_stddev" : 0.000000,
        "iops_samples" : 0
      },
      "sync" : {
        "total_ios" : 72393,
        "lat_ns" : {
          "min" : 533308,
          "max" : 104741627,
          "mean" : 2142494.454547,
          "stddev" : 2049069.351590,
          "N" : 72393,
          "percentile" : {
            "1.000000" : 765952,
            "5.000000" : 1003520,
            "10.000000" : 1187840,
            "20.000000" : 1417216,
            "30.000000" : 1597440,
            "40.000000" : 1777664,
            "50.000000" : 1957888,
            "60.000000" : 2146304,
            "70.000000" : 2375680,
            "80.000000" : 2670592,
            "90.000000" : 3129344,
            "95.000000" : 3653632,
            "99.000000" : 5144576,
            "99.500000" : 5668864,
            "99.900000" : 7241728,
            "99.950000" : 47972352,
            "99.990000" : 102236160
          }
        }
      },
      "job_runtime" : 240002,
      "usr_cpu" : 6.175782,
      "sys_cpu" : 70.213998,
      "ctx" : 664459,
      "majf" : 0,
      "minf" : 0,
      "iodepth_level" : {
        "1" : 100.781250,
        "2" : 0.000000,
        "4" : 0.000000,
        "8" : 0.000000,
        "16" : 0.000000,
        "32" : 0.000000,
        ">=64" : 0.000000
      },
      "iodepth_submit" : {
        "0" : 0.000000,
        "4" : 100.000000,
        "8" : 0.000000,
        "16" : 0.000000,
        "32" : 0.000000,
        "64" : 0.000000,
        ">=64" : 0.000000
      },
      "iodepth_complete" : {
        "0" : 0.000000,
        "4" : 100.000000,
        "8" : 0.000000,
        "16" : 0.000000,
        "32" : 0.000000,
        "64" : 0.000000,
        ">=64" : 0.000000
      },
      "latency_ns" : {
        "2" : 0.000000,
        "4" : 0.000000,
        "10" : 0.000000,
        "20" : 0.000000,
        "50" : 0.000000,
        "100" : 0.000000,
        "250" : 0.000000,
        "500" : 0.000000,
        "750" : 0.000000,
        "1000" : 0.000000
      },
      "latency_us" : {
        "2" : 0.000000,
        "4" : 2.490691,
        "10" : 85.400101,
        "20" : 11.116913,
        "50" : 0.733518,
        "100" : 0.128671,
        "250" : 0.078748,
        "500" : 0.018454,
        "750" : 0.010000,
        "1000" : 0.010000
      },
      "latency_ms" : {
        "2" : 0.012972,
        "4" : 0.010000,
        "10" : 0.010000,
        "20" : 0.000000,
        "50" : 0.000000,
        "100" : 0.000000,
        "250" : 0.000000,
        "500" : 0.000000,
        "750" : 0.000000,
        "1000" : 0.000000,
        "2000" : 0.000000,
        ">=2000" : 0.000000
      },
      "latency_depth" : 1,
      "latency_target" : 0,
      "latency_percentile" : 100.000000,
      "latency_window" : 0
    }
  ],
  "disk_util" : [
    {
      "name" : "nullb0",
      "read_ios" : 174,
      "write_ios" : 715,
      "read_merges" : 0,
      "write_merges" : 29,
      "read_ticks" : 5,
      "write_ticks" : 1329,
      "in_queue" : 1335,
      "util" : 0.186658
    }
  ]
}
