{
  "fio version" : "fio-3.32-10-g6b6f5-dirty",
  "timestamp" : 1677058853,
  "timestamp_ms" : 1677058853722,
  "time" : "Wed Feb 22 09:40:53 2023",
  "global options" : {
    "name" : "zns-fio",
    "directory" : "/mnt/f2fs",
    "size" : "80G",
    "ioengine" : "psync",
    "iodepth" : "1",
    "rw" : "write",
    "bs" : "4K",
    "runtime" : "1m",
    "ramp_time" : "30s",
    "ioscheduler" : "mq-deadline",
    "thread" : "1"
  },
  "jobs" : [
    {
      "jobname" : "hot-file",
      "groupid" : 0,
      "error" : 0,
      "eta" : 0,
      "elapsed" : 91,
      "job options" : {
        "numjobs" : "9",
        "fsync" : "128",
        "write_hint" : "short"
      },
      "read" : {
        "io_bytes" : 0,
        "io_kbytes" : 0,
        "bw_bytes" : 0,
        "bw" : 0,
        "iops" : 0.000000,
        "runtime" : 0,
        "total_ios" : 0,
        "short_ios" : 0,
        "drop_ios" : 0,
        "slat_ns" : {
          "min" : 0,
          "max" : 0,
          "mean" : 0.000000,
          "stddev" : 0.000000,
          "N" : 0
        },
        "clat_ns" : {
          "min" : 0,
          "max" : 0,
          "mean" : 0.000000,
          "stddev" : 0.000000,
          "N" : 0
        },
        "lat_ns" : {
          "min" : 0,
          "max" : 0,
          "mean" : 0.000000,
          "stddev" : 0.000000,
          "N" : 0
        },
        "bw_min" : 0,
        "bw_max" : 0,
        "bw_agg" : 0.000000,
        "bw_mean" : 0.000000,
        "bw_dev" : 0.000000,
        "bw_samples" : 0,
        "iops_min" : 0,
        "iops_max" : 0,
        "iops_mean" : 0.000000,
        "iops_stddev" : 0.000000,
        "iops_samples" : 0
      },
      "write" : {
        "io_bytes" : 56946884608,
        "io_kbytes" : 55612192,
        "bw_bytes" : 949067290,
        "bw" : 926823,
        "iops" : 231705.881373,
        "runtime" : 60003,
        "total_ios" : 13903048,
        "short_ios" : 0,
        "drop_ios" : 0,
        "slat_ns" : {
          "min" : 0,
          "max" : 0,
          "mean" : 0.000000,
          "stddev" : 0.000000,
          "N" : 0
        },
        "clat_ns" : {
          "min" : 2482,
          "max" : 12958427,
          "mean" : 8920.038950,
          "stddev" : 41338.605505,
          "N" : 13903048,
          "percentile" : {
            "1.000000" : 3952,
            "5.000000" : 4576,
            "10.000000" : 4960,
            "20.000000" : 5536,
            "30.000000" : 6176,
            "40.000000" : 6752,
            "50.000000" : 7328,
            "60.000000" : 7904,
            "70.000000" : 8512,
            "80.000000" : 9152,
            "90.000000" : 10816,
            "95.000000" : 12608,
            "99.000000" : 21376,
            "99.500000" : 35072,
            "99.900000" : 240640,
            "99.950000" : 626688,
            "99.990000" : 2179072
          }
        },
        "lat_ns" : {
          "min" : 2549,
          "max" : 12958587,
          "mean" : 9089.836029,
          "stddev" : 41502.701587,
          "N" : 13903048
        },
        "bw_min" : 517112,
        "bw_max" : 1046287,
        "bw_agg" : 100.000000,
        "bw_mean" : 927165.462185,
        "bw_dev" : 8404.122206,
        "bw_samples" : 1071,
        "iops_min" : 129278,
        "iops_max" : 261569,
        "iops_mean" : 231789.470588,
        "iops_stddev" : 2100.991729,
        "iops_samples" : 1071
      },
      "trim" : {
        "io_bytes" : 0,
        "io_kbytes" : 0,
        "bw_bytes" : 0,
        "bw" : 0,
        "iops" : 0.000000,
        "runtime" : 0,
        "total_ios" : 0,
        "short_ios" : 0,
        "drop_ios" : 0,
        "slat_ns" : {
          "min" : 0,
          "max" : 0,
          "mean" : 0.000000,
          "stddev" : 0.000000,
          "N" : 0
        },
        "clat_ns" : {
          "min" : 0,
          "max" : 0,
          "mean" : 0.000000,
          "stddev" : 0.000000,
          "N" : 0
        },
        "lat_ns" : {
          "min" : 0,
          "max" : 0,
          "mean" : 0.000000,
          "stddev" : 0.000000,
          "N" : 0
        },
        "bw_min" : 0,
        "bw_max" : 0,
        "bw_agg" : 0.000000,
        "bw_mean" : 0.000000,
        "bw_dev" : 0.000000,
        "bw_samples" : 0,
        "iops_min" : 0,
        "iops_max" : 0,
        "iops_mean" : 0.000000,
        "iops_stddev" : 0.000000,
        "iops_samples" : 0
      },
      "sync" : {
        "total_ios" : 108617,
        "lat_ns" : {
          "min" : 706072,
          "max" : 237982327,
          "mean" : 3720288.067623,
          "stddev" : 4040623.474121,
          "N" : 108617,
          "percentile" : {
            "1.000000" : 1318912,
            "5.000000" : 1875968,
            "10.000000" : 2211840,
            "20.000000" : 2637824,
            "30.000000" : 2932736,
            "40.000000" : 3194880,
            "50.000000" : 3457024,
            "60.000000" : 3719168,
            "70.000000" : 4046848,
            "80.000000" : 4423680,
            "90.000000" : 5210112,
            "95.000000" : 6127616,
            "99.000000" : 8028160,
            "99.500000" : 8978432,
            "99.900000" : 11730944,
            "99.950000" : 117964800,
            "99.990000" : 204472320
          }
        }
      },
      "job_runtime" : 540005,
      "usr_cpu" : 3.277562,
      "sys_cpu" : 69.202322,
      "ctx" : 1408820,
      "majf" : 0,
      "minf" : 0,
      "iodepth_level" : {
        "1" : 100.781246,
        "2" : 0.000000,
        "4" : 0.000000,
        "8" : 0.000000,
        "16" : 0.000000,
        "32" : 0.000000,
        ">=64" : 0.000000
      },
      "iodepth_submit" : {
        "0" : 0.000000,
        "4" : 100.000000,
        "8" : 0.000000,
        "16" : 0.000000,
        "32" : 0.000000,
        "64" : 0.000000,
        ">=64" : 0.000000
      },
      "iodepth_complete" : {
        "0" : 0.000000,
        "4" : 100.000000,
        "8" : 0.000000,
        "16" : 0.000000,
        "32" : 0.000000,
        "64" : 0.000000,
        ">=64" : 0.000000
      },
      "latency_ns" : {
        "2" : 0.000000,
        "4" : 0.000000,
        "10" : 0.000000,
        "20" : 0.000000,
        "50" : 0.000000,
        "100" : 0.000000,
        "250" : 0.000000,
        "500" : 0.000000,
        "750" : 0.000000,
        "1000" : 0.000000
      },
      "latency_us" : {
        "2" : 0.000000,
        "4" : 1.194832,
        "10" : 85.113027,
        "20" : 12.560821,
        "50" : 0.769213,
        "100" : 0.167791,
        "250" : 0.096856,
        "500" : 0.038963,
        "750" : 0.017615,
        "1000" : 0.010000
      },
      "latency_ms" : {
        "2" : 0.019082,
        "4" : 0.010818,
        "10" : 0.010000,
        "20" : 0.010000,
        "50" : 0.000000,
        "100" : 0.000000,
        "250" : 0.000000,
        "500" : 0.000000,
        "750" : 0.000000,
        "1000" : 0.000000,
        "2000" : 0.000000,
        ">=2000" : 0.000000
      },
      "latency_depth" : 1,
      "latency_target" : 0,
      "latency_percentile" : 100.000000,
      "latency_window" : 0
    }
  ],
  "disk_util" : [
    {
      "name" : "nullb0",
      "read_ios" : 8,
      "write_ios" : 1367,
      "read_merges" : 0,
      "write_merges" : 48,
      "read_ticks" : 1,
      "write_ticks" : 2755,
      "in_queue" : 2756,
      "util" : 0.409905
    }
  ]
}
