{
  "fio version" : "fio-3.32-10-g6b6f5-dirty",
  "timestamp" : 1677058642,
  "timestamp_ms" : 1677058642644,
  "time" : "Wed Feb 22 09:37:22 2023",
  "global options" : {
    "name" : "zns-fio",
    "directory" : "/mnt/f2fs",
    "size" : "80G",
    "ioengine" : "psync",
    "iodepth" : "1",
    "rw" : "write",
    "bs" : "4K",
    "runtime" : "1m",
    "ramp_time" : "30s",
    "ioscheduler" : "mq-deadline",
    "thread" : "1"
  },
  "jobs" : [
    {
      "jobname" : "hot-file",
      "groupid" : 0,
      "error" : 0,
      "eta" : 0,
      "elapsed" : 91,
      "job options" : {
        "numjobs" : "7",
        "fsync" : "128",
        "write_hint" : "short"
      },
      "read" : {
        "io_bytes" : 0,
        "io_kbytes" : 0,
        "bw_bytes" : 0,
        "bw" : 0,
        "iops" : 0.000000,
        "runtime" : 0,
        "total_ios" : 0,
        "short_ios" : 0,
        "drop_ios" : 0,
        "slat_ns" : {
          "min" : 0,
          "max" : 0,
          "mean" : 0.000000,
          "stddev" : 0.000000,
          "N" : 0
        },
        "clat_ns" : {
          "min" : 0,
          "max" : 0,
          "mean" : 0.000000,
          "stddev" : 0.000000,
          "N" : 0
        },
        "lat_ns" : {
          "min" : 0,
          "max" : 0,
          "mean" : 0.000000,
          "stddev" : 0.000000,
          "N" : 0
        },
        "bw_min" : 0,
        "bw_max" : 0,
        "bw_agg" : 0.000000,
        "bw_mean" : 0.000000,
        "bw_dev" : 0.000000,
        "bw_samples" : 0,
        "iops_min" : 0,
        "iops_max" : 0,
        "iops_mean" : 0.000000,
        "iops_stddev" : 0.000000,
        "iops_samples" : 0
      },
      "write" : {
        "io_bytes" : 52893569024,
        "io_kbytes" : 51653876,
        "bw_bytes" : 881500717,
        "bw" : 860840,
        "iops" : 215210.135991,
        "runtime" : 60004,
        "total_ios" : 12913469,
        "short_ios" : 0,
        "drop_ios" : 0,
        "slat_ns" : {
          "min" : 0,
          "max" : 0,
          "mean" : 0.000000,
          "stddev" : 0.000000,
          "N" : 0
        },
        "clat_ns" : {
          "min" : 2591,
          "max" : 12130315,
          "mean" : 8630.474027,
          "stddev" : 37484.812407,
          "N" : 12913469,
          "percentile" : {
            "1.000000" : 3792,
            "5.000000" : 4384,
            "10.000000" : 4768,
            "20.000000" : 5408,
            "30.000000" : 5984,
            "40.000000" : 6624,
            "50.000000" : 7136,
            "60.000000" : 7712,
            "70.000000" : 8256,
            "80.000000" : 9024,
            "90.000000" : 10432,
            "95.000000" : 12224,
            "99.000000" : 21120,
            "99.500000" : 35072,
            "99.900000" : 218112,
            "99.950000" : 602112,
            "99.990000" : 2023424
          }
        },
        "lat_ns" : {
          "min" : 2654,
          "max" : 12130489,
          "mean" : 8792.471170,
          "stddev" : 37589.389494,
          "N" : 12913469
        },
        "bw_min" : 605388,
        "bw_max" : 961934,
        "bw_agg" : 100.000000,
        "bw_mean" : 861516.747899,
        "bw_dev" : 9062.434072,
        "bw_samples" : 833,
        "iops_min" : 151348,
        "iops_max" : 240483,
        "iops_mean" : 215377.966387,
        "iops_stddev" : 2265.620950,
        "iops_samples" : 833
      },
      "trim" : {
        "io_bytes" : 0,
        "io_kbytes" : 0,
        "bw_bytes" : 0,
        "bw" : 0,
        "iops" : 0.000000,
        "runtime" : 0,
        "total_ios" : 0,
        "short_ios" : 0,
        "drop_ios" : 0,
        "slat_ns" : {
          "min" : 0,
          "max" : 0,
          "mean" : 0.000000,
          "stddev" : 0.000000,
          "N" : 0
        },
        "clat_ns" : {
          "min" : 0,
          "max" : 0,
          "mean" : 0.000000,
          "stddev" : 0.000000,
          "N" : 0
        },
        "lat_ns" : {
          "min" : 0,
          "max" : 0,
          "mean" : 0.000000,
          "stddev" : 0.000000,
          "N" : 0
        },
        "bw_min" : 0,
        "bw_max" : 0,
        "bw_agg" : 0.000000,
        "bw_mean" : 0.000000,
        "bw_dev" : 0.000000,
        "bw_samples" : 0,
        "iops_min" : 0,
        "iops_max" : 0,
        "iops_mean" : 0.000000,
        "iops_stddev" : 0.000000,
        "iops_samples" : 0
      },
      "sync" : {
        "total_ios" : 100886,
        "lat_ns" : {
          "min" : 629841,
          "max" : 172774419,
          "mean" : 2949692.346520,
          "stddev" : 3229535.157068,
          "N" : 100886,
          "percentile" : {
            "1.000000" : 1036288,
            "5.000000" : 1449984,
            "10.000000" : 1695744,
            "20.000000" : 2039808,
            "30.000000" : 2277376,
            "40.000000" : 2506752,
            "50.000000" : 2703360,
            "60.000000" : 2932736,
            "70.000000" : 3194880,
            "80.000000" : 3555328,
            "90.000000" : 4227072,
            "95.000000" : 4947968,
            "99.000000" : 6586368,
            "99.500000" : 7176192,
            "99.900000" : 9633792,
            "99.950000" : 80216064,
            "99.990000" : 158334976
          }
        }
      },
      "job_runtime" : 420003,
      "usr_cpu" : 4.235922,
      "sys_cpu" : 68.302607,
      "ctx" : 1216102,
      "majf" : 0,
      "minf" : 0,
      "iodepth_level" : {
        "1" : 100.781246,
        "2" : 0.000000,
        "4" : 0.000000,
        "8" : 0.000000,
        "16" : 0.000000,
        "32" : 0.000000,
        ">=64" : 0.000000
      },
      "iodepth_submit" : {
        "0" : 0.000000,
        "4" : 100.000000,
        "8" : 0.000000,
        "16" : 0.000000,
        "32" : 0.000000,
        "64" : 0.000000,
        ">=64" : 0.000000
      },
      "iodepth_complete" : {
        "0" : 0.000000,
        "4" : 100.000000,
        "8" : 0.000000,
        "16" : 0.000000,
        "32" : 0.000000,
        "64" : 0.000000,
        ">=64" : 0.000000
      },
      "latency_ns" : {
        "2" : 0.000000,
        "4" : 0.000000,
        "10" : 0.000000,
        "20" : 0.000000,
        "50" : 0.000000,
        "100" : 0.000000,
        "250" : 0.000000,
        "500" : 0.000000,
        "750" : 0.000000,
        "1000" : 0.000000
      },
      "latency_us" : {
        "2" : 0.000000,
        "4" : 2.026373,
        "10" : 86.008523,
        "20" : 10.863402,
        "50" : 0.749024,
        "100" : 0.168522,
        "250" : 0.093770,
        "500" : 0.033794,
        "750" : 0.017222,
        "1000" : 0.010000
      },
      "latency_ms" : {
        "2" : 0.019367,
        "4" : 0.010000,
        "10" : 0.010000,
        "20" : 0.010000,
        "50" : 0.000000,
        "100" : 0.000000,
        "250" : 0.000000,
        "500" : 0.000000,
        "750" : 0.000000,
        "1000" : 0.000000,
        "2000" : 0.000000,
        ">=2000" : 0.000000
      },
      "latency_depth" : 1,
      "latency_target" : 0,
      "latency_percentile" : 100.000000,
      "latency_window" : 0
    }
  ],
  "disk_util" : [
    {
      "name" : "nullb0",
      "read_ios" : 1,
      "write_ios" : 1192,
      "read_merges" : 0,
      "write_merges" : 47,
      "read_ticks" : 0,
      "write_ticks" : 5378,
      "in_queue" : 5378,
      "util" : 0.588176
    }
  ]
}
