{
  "fio version" : "fio-3.32-10-g6b6f5-dirty",
  "timestamp" : 1676741761,
  "timestamp_ms" : 1676741761267,
  "time" : "Sat Feb 18 17:36:01 2023",
  "global options" : {
    "name" : "zns-fio",
    "directory" : "/mnt/f2fs",
    "size" : "80G",
    "ioengine" : "psync",
    "iodepth" : "1",
    "rw" : "write",
    "bs" : "4K",
    "runtime" : "1m",
    "ramp_time" : "30s",
    "ioscheduler" : "mq-deadline",
    "thread" : "1"
  },
  "jobs" : [
    {
      "jobname" : "hot-file",
      "groupid" : 0,
      "error" : 0,
      "eta" : 0,
      "elapsed" : 91,
      "job options" : {
        "numjobs" : "1",
        "fsync" : "128",
        "write_hint" : "short"
      },
      "read" : {
        "io_bytes" : 0,
        "io_kbytes" : 0,
        "bw_bytes" : 0,
        "bw" : 0,
        "iops" : 0.000000,
        "runtime" : 0,
        "total_ios" : 0,
        "short_ios" : 0,
        "drop_ios" : 0,
        "slat_ns" : {
          "min" : 0,
          "max" : 0,
          "mean" : 0.000000,
          "stddev" : 0.000000,
          "N" : 0
        },
        "clat_ns" : {
          "min" : 0,
          "max" : 0,
          "mean" : 0.000000,
          "stddev" : 0.000000,
          "N" : 0
        },
        "lat_ns" : {
          "min" : 0,
          "max" : 0,
          "mean" : 0.000000,
          "stddev" : 0.000000,
          "N" : 0
        },
        "bw_min" : 0,
        "bw_max" : 0,
        "bw_agg" : 0.000000,
        "bw_mean" : 0.000000,
        "bw_dev" : 0.000000,
        "bw_samples" : 0,
        "iops_min" : 0,
        "iops_max" : 0,
        "iops_mean" : 0.000000,
        "iops_stddev" : 0.000000,
        "iops_samples" : 0
      },
      "write" : {
        "io_bytes" : 31485067264,
        "io_kbytes" : 30747136,
        "bw_bytes" : 524742375,
        "bw" : 512443,
        "iops" : 128110.931484,
        "runtime" : 60001,
        "total_ios" : 7686784,
        "short_ios" : 0,
        "drop_ios" : 0,
        "slat_ns" : {
          "min" : 0,
          "max" : 0,
          "mean" : 0.000000,
          "stddev" : 0.000000,
          "N" : 0
        },
        "clat_ns" : {
          "min" : 1724,
          "max" : 6540290,
          "mean" : 3529.899794,
          "stddev" : 9897.785510,
          "N" : 7686784,
          "percentile" : {
            "1.000000" : 2448,
            "5.000000" : 2480,
            "10.000000" : 2480,
            "20.000000" : 2544,
            "30.000000" : 2576,
            "40.000000" : 2608,
            "50.000000" : 2704,
            "60.000000" : 3152,
            "70.000000" : 3440,
            "80.000000" : 3792,
            "90.000000" : 4896,
            "95.000000" : 6496,
            "99.000000" : 9536,
            "99.500000" : 11584,
            "99.900000" : 29312,
            "99.950000" : 93696,
            "99.990000" : 264192
          }
        },
        "lat_ns" : {
          "min" : 1778,
          "max" : 6540423,
          "mean" : 3592.138457,
          "stddev" : 9900.002761,
          "N" : 7686784
        },
        "bw_min" : 25256,
        "bw_max" : 621664,
        "bw_agg" : 100.000000,
        "bw_mean" : 513270.436975,
        "bw_dev" : 81076.326106,
        "bw_samples" : 119,
        "iops_min" : 6314,
        "iops_max" : 155418,
        "iops_mean" : 128317.478992,
        "iops_stddev" : 20269.054379,
        "iops_samples" : 119
      },
      "trim" : {
        "io_bytes" : 0,
        "io_kbytes" : 0,
        "bw_bytes" : 0,
        "bw" : 0,
        "iops" : 0.000000,
        "runtime" : 0,
        "total_ios" : 0,
        "short_ios" : 0,
        "drop_ios" : 0,
        "slat_ns" : {
          "min" : 0,
          "max" : 0,
          "mean" : 0.000000,
          "stddev" : 0.000000,
          "N" : 0
        },
        "clat_ns" : {
          "min" : 0,
          "max" : 0,
          "mean" : 0.000000,
          "stddev" : 0.000000,
          "N" : 0
        },
        "lat_ns" : {
          "min" : 0,
          "max" : 0,
          "mean" : 0.000000,
          "stddev" : 0.000000,
          "N" : 0
        },
        "bw_min" : 0,
        "bw_max" : 0,
        "bw_agg" : 0.000000,
        "bw_mean" : 0.000000,
        "bw_dev" : 0.000000,
        "bw_samples" : 0,
        "iops_min" : 0,
        "iops_max" : 0,
        "iops_mean" : 0.000000,
        "iops_stddev" : 0.000000,
        "iops_samples" : 0
      },
      "sync" : {
        "total_ios" : 60053,
        "lat_ns" : {
          "min" : 410244,
          "max" : 467751548,
          "mean" : 500554.675870,
          "stddev" : 1935746.177406,
          "N" : 60053,
          "percentile" : {
            "1.000000" : 415744,
            "5.000000" : 423936,
            "10.000000" : 423936,
            "20.000000" : 428032,
            "30.000000" : 432128,
            "40.000000" : 436224,
            "50.000000" : 440320,
            "60.000000" : 444416,
            "70.000000" : 460800,
            "80.000000" : 536576,
            "90.000000" : 585728,
            "95.000000" : 733184,
            "99.000000" : 946176,
            "99.500000" : 1056768,
            "99.900000" : 1269760,
            "99.950000" : 10289152,
            "99.990000" : 12255232
          }
        }
      },
      "job_runtime" : 60000,
      "usr_cpu" : 8.361667,
      "sys_cpu" : 65.990000,
      "ctx" : 254857,
      "majf" : 0,
      "minf" : 0,
      "iodepth_level" : {
        "1" : 100.781250,
        "2" : 0.000000,
        "4" : 0.000000,
        "8" : 0.000000,
        "16" : 0.000000,
        "32" : 0.000000,
        ">=64" : 0.000000
      },
      "iodepth_submit" : {
        "0" : 0.000000,
        "4" : 100.000000,
        "8" : 0.000000,
        "16" : 0.000000,
        "32" : 0.000000,
        "64" : 0.000000,
        ">=64" : 0.000000
      },
      "iodepth_complete" : {
        "0" : 0.000000,
        "4" : 100.000000,
        "8" : 0.000000,
        "16" : 0.000000,
        "32" : 0.000000,
        "64" : 0.000000,
        ">=64" : 0.000000
      },
      "latency_ns" : {
        "2" : 0.000000,
        "4" : 0.000000,
        "10" : 0.000000,
        "20" : 0.000000,
        "50" : 0.000000,
        "100" : 0.000000,
        "250" : 0.000000,
        "500" : 0.000000,
        "750" : 0.000000,
        "1000" : 0.000000
      },
      "latency_us" : {
        "2" : 0.013048,
        "4" : 82.316428,
        "10" : 16.875900,
        "20" : 0.645406,
        "50" : 0.087722,
        "100" : 0.021205,
        "250" : 0.028490,
        "500" : 0.010000,
        "750" : 0.010000,
        "1000" : 0.010000
      },
      "latency_ms" : {
        "2" : 0.010000,
        "4" : 0.010000,
        "10" : 0.010000,
        "20" : 0.000000,
        "50" : 0.000000,
        "100" : 0.000000,
        "250" : 0.000000,
        "500" : 0.000000,
        "750" : 0.000000,
        "1000" : 0.000000,
        "2000" : 0.000000,
        ">=2000" : 0.000000
      },
      "latency_depth" : 1,
      "latency_target" : 0,
      "latency_percentile" : 100.000000,
      "latency_window" : 0
    }
  ],
  "disk_util" : [
    {
      "name" : "nullb0",
      "read_ios" : 38,
      "write_ios" : 680,
      "read_merges" : 0,
      "write_merges" : 33,
      "read_ticks" : 4,
      "write_ticks" : 20775,
      "in_queue" : 20778,
      "util" : 0.608720
    }
  ]
}
