{
  "fio version" : "fio-3.32-10-g6b6f5-dirty",
  "timestamp" : 1677058033,
  "timestamp_ms" : 1677058033576,
  "time" : "Wed Feb 22 09:27:13 2023",
  "global options" : {
    "name" : "zns-fio",
    "directory" : "/mnt/f2fs",
    "size" : "80G",
    "ioengine" : "psync",
    "iodepth" : "1",
    "rw" : "write",
    "bs" : "4K",
    "runtime" : "1m",
    "ramp_time" : "30s",
    "ioscheduler" : "mq-deadline",
    "thread" : "1"
  },
  "jobs" : [
    {
      "jobname" : "hot-file",
      "groupid" : 0,
      "error" : 0,
      "eta" : 0,
      "elapsed" : 91,
      "job options" : {
        "numjobs" : "1",
        "fsync" : "128",
        "write_hint" : "short"
      },
      "read" : {
        "io_bytes" : 0,
        "io_kbytes" : 0,
        "bw_bytes" : 0,
        "bw" : 0,
        "iops" : 0.000000,
        "runtime" : 0,
        "total_ios" : 0,
        "short_ios" : 0,
        "drop_ios" : 0,
        "slat_ns" : {
          "min" : 0,
          "max" : 0,
          "mean" : 0.000000,
          "stddev" : 0.000000,
          "N" : 0
        },
        "clat_ns" : {
          "min" : 0,
          "max" : 0,
          "mean" : 0.000000,
          "stddev" : 0.000000,
          "N" : 0
        },
        "lat_ns" : {
          "min" : 0,
          "max" : 0,
          "mean" : 0.000000,
          "stddev" : 0.000000,
          "N" : 0
        },
        "bw_min" : 0,
        "bw_max" : 0,
        "bw_agg" : 0.000000,
        "bw_mean" : 0.000000,
        "bw_dev" : 0.000000,
        "bw_samples" : 0,
        "iops_min" : 0,
        "iops_max" : 0,
        "iops_mean" : 0.000000,
        "iops_stddev" : 0.000000,
        "iops_samples" : 0
      },
      "write" : {
        "io_bytes" : 31941201920,
        "io_kbytes" : 31192580,
        "bw_bytes" : 532344492,
        "bw" : 519867,
        "iops" : 129966.917218,
        "runtime" : 60001,
        "total_ios" : 7798145,
        "short_ios" : 0,
        "drop_ios" : 0,
        "slat_ns" : {
          "min" : 0,
          "max" : 0,
          "mean" : 0.000000,
          "stddev" : 0.000000,
          "N" : 0
        },
        "clat_ns" : {
          "min" : 1721,
          "max" : 4286414,
          "mean" : 3419.571939,
          "stddev" : 6882.379303,
          "N" : 7798145,
          "percentile" : {
            "1.000000" : 2416,
            "5.000000" : 2448,
            "10.000000" : 2480,
            "20.000000" : 2512,
            "30.000000" : 2544,
            "40.000000" : 2576,
            "50.000000" : 2640,
            "60.000000" : 2992,
            "70.000000" : 3472,
            "80.000000" : 3728,
            "90.000000" : 4832,
            "95.000000" : 6560,
            "99.000000" : 9280,
            "99.500000" : 11456,
            "99.900000" : 28032,
            "99.950000" : 44800,
            "99.990000" : 107008
          }
        },
        "lat_ns" : {
          "min" : 1792,
          "max" : 4286515,
          "mean" : 3497.164859,
          "stddev" : 6886.138082,
          "N" : 7798145
        },
        "bw_min" : 247278,
        "bw_max" : 626184,
        "bw_agg" : 100.000000,
        "bw_mean" : 520443.008333,
        "bw_dev" : 68638.636260,
        "bw_samples" : 120,
        "iops_min" : 61819,
        "iops_max" : 156546,
        "iops_mean" : 130110.675000,
        "iops_stddev" : 17159.672162,
        "iops_samples" : 120
      },
      "trim" : {
        "io_bytes" : 0,
        "io_kbytes" : 0,
        "bw_bytes" : 0,
        "bw" : 0,
        "iops" : 0.000000,
        "runtime" : 0,
        "total_ios" : 0,
        "short_ios" : 0,
        "drop_ios" : 0,
        "slat_ns" : {
          "min" : 0,
          "max" : 0,
          "mean" : 0.000000,
          "stddev" : 0.000000,
          "N" : 0
        },
        "clat_ns" : {
          "min" : 0,
          "max" : 0,
          "mean" : 0.000000,
          "stddev" : 0.000000,
          "N" : 0
        },
        "lat_ns" : {
          "min" : 0,
          "max" : 0,
          "mean" : 0.000000,
          "stddev" : 0.000000,
          "N" : 0
        },
        "bw_min" : 0,
        "bw_max" : 0,
        "bw_agg" : 0.000000,
        "bw_mean" : 0.000000,
        "bw_dev" : 0.000000,
        "bw_samples" : 0,
        "iops_min" : 0,
        "iops_max" : 0,
        "iops_mean" : 0.000000,
        "iops_stddev" : 0.000000,
        "iops_samples" : 0
      },
      "sync" : {
        "total_ios" : 60923,
        "lat_ns" : {
          "min" : 410850,
          "max" : 432243978,
          "mean" : 498779.459465,
          "stddev" : 1835274.623399,
          "N" : 60923,
          "percentile" : {
            "1.000000" : 419840,
            "5.000000" : 423936,
            "10.000000" : 428032,
            "20.000000" : 428032,
            "30.000000" : 432128,
            "40.000000" : 436224,
            "50.000000" : 440320,
            "60.000000" : 448512,
            "70.000000" : 464896,
            "80.000000" : 536576,
            "90.000000" : 577536,
            "95.000000" : 716800,
            "99.000000" : 921600,
            "99.500000" : 978944,
            "99.900000" : 1318912,
            "99.950000" : 3358720,
            "99.990000" : 12386304
          }
        }
      },
      "job_runtime" : 60000,
      "usr_cpu" : 8.545000,
      "sys_cpu" : 65.991667,
      "ctx" : 257672,
      "majf" : 0,
      "minf" : 0,
      "iodepth_level" : {
        "1" : 100.781250,
        "2" : 0.000000,
        "4" : 0.000000,
        "8" : 0.000000,
        "16" : 0.000000,
        "32" : 0.000000,
        ">=64" : 0.000000
      },
      "iodepth_submit" : {
        "0" : 0.000000,
        "4" : 100.000000,
        "8" : 0.000000,
        "16" : 0.000000,
        "32" : 0.000000,
        "64" : 0.000000,
        ">=64" : 0.000000
      },
      "iodepth_complete" : {
        "0" : 0.000000,
        "4" : 100.000000,
        "8" : 0.000000,
        "16" : 0.000000,
        "32" : 0.000000,
        "64" : 0.000000,
        ">=64" : 0.000000
      },
      "latency_ns" : {
        "2" : 0.000000,
        "4" : 0.000000,
        "10" : 0.000000,
        "20" : 0.000000,
        "50" : 0.000000,
        "100" : 0.000000,
        "250" : 0.000000,
        "500" : 0.000000,
        "750" : 0.000000,
        "1000" : 0.000000
      },
      "latency_us" : {
        "2" : 0.011580,
        "4" : 83.781643,
        "10" : 15.478104,
        "20" : 0.586716,
        "50" : 0.104320,
        "100" : 0.021428,
        "250" : 0.013914,
        "500" : 0.010000,
        "750" : 0.010000,
        "1000" : 0.010000
      },
      "latency_ms" : {
        "2" : 0.010000,
        "4" : 0.010000,
        "10" : 0.010000,
        "20" : 0.000000,
        "50" : 0.000000,
        "100" : 0.000000,
        "250" : 0.000000,
        "500" : 0.000000,
        "750" : 0.000000,
        "1000" : 0.000000,
        "2000" : 0.000000,
        ">=2000" : 0.000000
      },
      "latency_depth" : 1,
      "latency_target" : 0,
      "latency_percentile" : 100.000000,
      "latency_window" : 0
    }
  ],
  "disk_util" : [
    {
      "name" : "nullb0",
      "read_ios" : 38,
      "write_ios" : 597,
      "read_merges" : 0,
      "write_merges" : 29,
      "read_ticks" : 1,
      "write_ticks" : 17544,
      "in_queue" : 17544,
      "util" : 0.586654
    }
  ]
}
