{
  "fio version" : "fio-3.32-10-g6b6f5-dirty",
  "timestamp" : 1677058539,
  "timestamp_ms" : 1677058539155,
  "time" : "Wed Feb 22 09:35:39 2023",
  "global options" : {
    "name" : "zns-fio",
    "directory" : "/mnt/f2fs",
    "size" : "80G",
    "ioengine" : "psync",
    "iodepth" : "1",
    "rw" : "write",
    "bs" : "4K",
    "runtime" : "1m",
    "ramp_time" : "30s",
    "ioscheduler" : "mq-deadline",
    "thread" : "1"
  },
  "jobs" : [
    {
      "jobname" : "hot-file",
      "groupid" : 0,
      "error" : 0,
      "eta" : 0,
      "elapsed" : 91,
      "job options" : {
        "numjobs" : "6",
        "fsync" : "128",
        "write_hint" : "short"
      },
      "read" : {
        "io_bytes" : 0,
        "io_kbytes" : 0,
        "bw_bytes" : 0,
        "bw" : 0,
        "iops" : 0.000000,
        "runtime" : 0,
        "total_ios" : 0,
        "short_ios" : 0,
        "drop_ios" : 0,
        "slat_ns" : {
          "min" : 0,
          "max" : 0,
          "mean" : 0.000000,
          "stddev" : 0.000000,
          "N" : 0
        },
        "clat_ns" : {
          "min" : 0,
          "max" : 0,
          "mean" : 0.000000,
          "stddev" : 0.000000,
          "N" : 0
        },
        "lat_ns" : {
          "min" : 0,
          "max" : 0,
          "mean" : 0.000000,
          "stddev" : 0.000000,
          "N" : 0
        },
        "bw_min" : 0,
        "bw_max" : 0,
        "bw_agg" : 0.000000,
        "bw_mean" : 0.000000,
        "bw_dev" : 0.000000,
        "bw_samples" : 0,
        "iops_min" : 0,
        "iops_max" : 0,
        "iops_mean" : 0.000000,
        "iops_stddev" : 0.000000,
        "iops_samples" : 0
      },
      "write" : {
        "io_bytes" : 50816200704,
        "io_kbytes" : 49625196,
        "bw_bytes" : 846894333,
        "bw" : 827045,
        "iops" : 206761.311934,
        "runtime" : 60003,
        "total_ios" : 12406299,
        "short_ios" : 0,
        "drop_ios" : 0,
        "slat_ns" : {
          "min" : 0,
          "max" : 0,
          "mean" : 0.000000,
          "stddev" : 0.000000,
          "N" : 0
        },
        "clat_ns" : {
          "min" : 2432,
          "max" : 7413086,
          "mean" : 8377.425018,
          "stddev" : 32462.593755,
          "N" : 12406299,
          "percentile" : {
            "1.000000" : 3728,
            "5.000000" : 4320,
            "10.000000" : 4704,
            "20.000000" : 5280,
            "30.000000" : 5856,
            "40.000000" : 6496,
            "50.000000" : 7008,
            "60.000000" : 7584,
            "70.000000" : 8160,
            "80.000000" : 8896,
            "90.000000" : 10304,
            "95.000000" : 12096,
            "99.000000" : 20608,
            "99.500000" : 33024,
            "99.900000" : 183296,
            "99.950000" : 489472,
            "99.990000" : 1810432
          }
        },
        "lat_ns" : {
          "min" : 2492,
          "max" : 7413189,
          "mean" : 8541.212385,
          "stddev" : 32552.583594,
          "N" : 12406299
        },
        "bw_min" : 601987,
        "bw_max" : 957840,
        "bw_agg" : 100.000000,
        "bw_mean" : 827856.100840,
        "bw_dev" : 10265.154303,
        "bw_samples" : 714,
        "iops_min" : 150495,
        "iops_max" : 239457,
        "iops_mean" : 206962.932773,
        "iops_stddev" : 2566.289334,
        "iops_samples" : 714
      },
      "trim" : {
        "io_bytes" : 0,
        "io_kbytes" : 0,
        "bw_bytes" : 0,
        "bw" : 0,
        "iops" : 0.000000,
        "runtime" : 0,
        "total_ios" : 0,
        "short_ios" : 0,
        "drop_ios" : 0,
        "slat_ns" : {
          "min" : 0,
          "max" : 0,
          "mean" : 0.000000,
          "stddev" : 0.000000,
          "N" : 0
        },
        "clat_ns" : {
          "min" : 0,
          "max" : 0,
          "mean" : 0.000000,
          "stddev" : 0.000000,
          "N" : 0
        },
        "lat_ns" : {
          "min" : 0,
          "max" : 0,
          "mean" : 0.000000,
          "stddev" : 0.000000,
          "N" : 0
        },
        "bw_min" : 0,
        "bw_max" : 0,
        "bw_agg" : 0.000000,
        "bw_mean" : 0.000000,
        "bw_dev" : 0.000000,
        "bw_samples" : 0,
        "iops_min" : 0,
        "iops_max" : 0,
        "iops_mean" : 0.000000,
        "iops_stddev" : 0.000000,
        "iops_samples" : 0
      },
      "sync" : {
        "total_ios" : 96923,
        "lat_ns" : {
          "min" : 609466,
          "max" : 151655208,
          "mean" : 2535375.394169,
          "stddev" : 2867552.428701,
          "N" : 96923,
          "percentile" : {
            "1.000000" : 913408,
            "5.000000" : 1236992,
            "10.000000" : 1449984,
            "20.000000" : 1728512,
            "30.000000" : 1941504,
            "40.000000" : 2146304,
            "50.000000" : 2342912,
            "60.000000" : 2539520,
            "70.000000" : 2768896,
            "80.000000" : 3063808,
            "90.000000" : 3620864,
            "95.000000" : 4227072,
            "99.000000" : 5799936,
            "99.500000" : 6324224,
            "99.900000" : 8028160,
            "99.950000" : 69730304,
            "99.990000" : 139460608
          }
        }
      },
      "job_runtime" : 360005,
      "usr_cpu" : 4.962987,
      "sys_cpu" : 68.697101,
      "ctx" : 1104750,
      "majf" : 0,
      "minf" : 0,
      "iodepth_level" : {
        "1" : 100.781240,
        "2" : 0.000000,
        "4" : 0.000000,
        "8" : 0.000000,
        "16" : 0.000000,
        "32" : 0.000000,
        ">=64" : 0.000000
      },
      "iodepth_submit" : {
        "0" : 0.000000,
        "4" : 100.000000,
        "8" : 0.000000,
        "16" : 0.000000,
        "32" : 0.000000,
        "64" : 0.000000,
        ">=64" : 0.000000
      },
      "iodepth_complete" : {
        "0" : 0.000000,
        "4" : 100.000000,
        "8" : 0.000000,
        "16" : 0.000000,
        "32" : 0.000000,
        "64" : 0.000000,
        ">=64" : 0.000000
      },
      "latency_ns" : {
        "2" : 0.000000,
        "4" : 0.000000,
        "10" : 0.000000,
        "20" : 0.000000,
        "50" : 0.000000,
        "100" : 0.000000,
        "250" : 0.000000,
        "500" : 0.000000,
        "750" : 0.000000,
        "1000" : 0.000000
      },
      "latency_us" : {
        "2" : 0.000000,
        "4" : 2.534180,
        "10" : 85.840765,
        "20" : 10.579174,
        "50" : 0.724511,
        "100" : 0.151326,
        "250" : 0.089189,
        "500" : 0.031121,
        "750" : 0.015589,
        "1000" : 0.010000
      },
      "latency_ms" : {
        "2" : 0.018063,
        "4" : 0.010000,
        "10" : 0.010000,
        "20" : 0.000000,
        "50" : 0.000000,
        "100" : 0.000000,
        "250" : 0.000000,
        "500" : 0.000000,
        "750" : 0.000000,
        "1000" : 0.000000,
        "2000" : 0.000000,
        ">=2000" : 0.000000
      },
      "latency_depth" : 1,
      "latency_target" : 0,
      "latency_percentile" : 100.000000,
      "latency_window" : 0
    }
  ],
  "disk_util" : [
    {
      "name" : "nullb0",
      "read_ios" : 0,
      "write_ios" : 1154,
      "read_merges" : 0,
      "write_merges" : 50,
      "read_ticks" : 0,
      "write_ticks" : 4387,
      "in_queue" : 4386,
      "util" : 0.516940
    }
  ]
}
