{
  "fio version" : "fio-3.32-10-g6b6f5-dirty",
  "timestamp" : 1677058232,
  "timestamp_ms" : 1677058232934,
  "time" : "Wed Feb 22 09:30:32 2023",
  "global options" : {
    "name" : "zns-fio",
    "directory" : "/mnt/f2fs",
    "size" : "80G",
    "ioengine" : "psync",
    "iodepth" : "1",
    "rw" : "write",
    "bs" : "4K",
    "runtime" : "1m",
    "ramp_time" : "30s",
    "ioscheduler" : "mq-deadline",
    "thread" : "1"
  },
  "jobs" : [
    {
      "jobname" : "hot-file",
      "groupid" : 0,
      "error" : 0,
      "eta" : 0,
      "elapsed" : 91,
      "job options" : {
        "numjobs" : "3",
        "fsync" : "128",
        "write_hint" : "short"
      },
      "read" : {
        "io_bytes" : 0,
        "io_kbytes" : 0,
        "bw_bytes" : 0,
        "bw" : 0,
        "iops" : 0.000000,
        "runtime" : 0,
        "total_ios" : 0,
        "short_ios" : 0,
        "drop_ios" : 0,
        "slat_ns" : {
          "min" : 0,
          "max" : 0,
          "mean" : 0.000000,
          "stddev" : 0.000000,
          "N" : 0
        },
        "clat_ns" : {
          "min" : 0,
          "max" : 0,
          "mean" : 0.000000,
          "stddev" : 0.000000,
          "N" : 0
        },
        "lat_ns" : {
          "min" : 0,
          "max" : 0,
          "mean" : 0.000000,
          "stddev" : 0.000000,
          "N" : 0
        },
        "bw_min" : 0,
        "bw_max" : 0,
        "bw_agg" : 0.000000,
        "bw_mean" : 0.000000,
        "bw_dev" : 0.000000,
        "bw_samples" : 0,
        "iops_min" : 0,
        "iops_max" : 0,
        "iops_mean" : 0.000000,
        "iops_stddev" : 0.000000,
        "iops_samples" : 0
      },
      "write" : {
        "io_bytes" : 33619968000,
        "io_kbytes" : 32832000,
        "bw_bytes" : 560314122,
        "bw" : 547181,
        "iops" : 136795.440152,
        "runtime" : 60002,
        "total_ios" : 8208000,
        "short_ios" : 0,
        "drop_ios" : 0,
        "slat_ns" : {
          "min" : 0,
          "max" : 0,
          "mean" : 0.000000,
          "stddev" : 0.000000,
          "N" : 0
        },
        "clat_ns" : {
          "min" : 1936,
          "max" : 12733427,
          "mean" : 8014.224311,
          "stddev" : 28206.099110,
          "N" : 8208000,
          "percentile" : {
            "1.000000" : 3472,
            "5.000000" : 4192,
            "10.000000" : 4640,
            "20.000000" : 5280,
            "30.000000" : 5856,
            "40.000000" : 6560,
            "50.000000" : 7200,
            "60.000000" : 7712,
            "70.000000" : 8256,
            "80.000000" : 8896,
            "90.000000" : 10176,
            "95.000000" : 11968,
            "99.000000" : 18560,
            "99.500000" : 28544,
            "99.900000" : 102912,
            "99.950000" : 173056,
            "99.990000" : 1597440
          }
        },
        "lat_ns" : {
          "min" : 2000,
          "max" : 12733547,
          "mean" : 8179.202737,
          "stddev" : 28260.581304,
          "N" : 8208000
        },
        "bw_min" : 231676,
        "bw_max" : 672932,
        "bw_agg" : 100.000000,
        "bw_mean" : 548437.201681,
        "bw_dev" : 20423.623981,
        "bw_samples" : 357,
        "iops_min" : 57918,
        "iops_max" : 168233,
        "iops_mean" : 137108.764706,
        "iops_stddev" : 5105.862995,
        "iops_samples" : 357
      },
      "trim" : {
        "io_bytes" : 0,
        "io_kbytes" : 0,
        "bw_bytes" : 0,
        "bw" : 0,
        "iops" : 0.000000,
        "runtime" : 0,
        "total_ios" : 0,
        "short_ios" : 0,
        "drop_ios" : 0,
        "slat_ns" : {
          "min" : 0,
          "max" : 0,
          "mean" : 0.000000,
          "stddev" : 0.000000,
          "N" : 0
        },
        "clat_ns" : {
          "min" : 0,
          "max" : 0,
          "mean" : 0.000000,
          "stddev" : 0.000000,
          "N" : 0
        },
        "lat_ns" : {
          "min" : 0,
          "max" : 0,
          "mean" : 0.000000,
          "stddev" : 0.000000,
          "N" : 0
        },
        "bw_min" : 0,
        "bw_max" : 0,
        "bw_agg" : 0.000000,
        "bw_mean" : 0.000000,
        "bw_dev" : 0.000000,
        "bw_samples" : 0,
        "iops_min" : 0,
        "iops_max" : 0,
        "iops_mean" : 0.000000,
        "iops_stddev" : 0.000000,
        "iops_samples" : 0
      },
      "sync" : {
        "total_ios" : 64125,
        "lat_ns" : {
          "min" : 476122,
          "max" : 272250773,
          "mean" : 1662052.897404,
          "stddev" : 2698660.908036,
          "N" : 64125,
          "percentile" : {
            "1.000000" : 626688,
            "5.000000" : 749568,
            "10.000000" : 856064,
            "20.000000" : 1056768,
            "30.000000" : 1204224,
            "40.000000" : 1335296,
            "50.000000" : 1482752,
            "60.000000" : 1646592,
            "70.000000" : 1826816,
            "80.000000" : 2056192,
            "90.000000" : 2441216,
            "95.000000" : 2899968,
            "99.000000" : 4145152,
            "99.500000" : 4685824,
            "99.900000" : 6127616,
            "99.950000" : 57409536,
            "99.990000" : 81264640
          }
        }
      },
      "job_runtime" : 180003,
      "usr_cpu" : 8.066532,
      "sys_cpu" : 69.380510,
      "ctx" : 509423,
      "majf" : 0,
      "minf" : 0,
      "iodepth_level" : {
        "1" : 100.781250,
        "2" : 0.000000,
        "4" : 0.000000,
        "8" : 0.000000,
        "16" : 0.000000,
        "32" : 0.000000,
        ">=64" : 0.000000
      },
      "iodepth_submit" : {
        "0" : 0.000000,
        "4" : 100.000000,
        "8" : 0.000000,
        "16" : 0.000000,
        "32" : 0.000000,
        "64" : 0.000000,
        ">=64" : 0.000000
      },
      "iodepth_complete" : {
        "0" : 0.000000,
        "4" : 100.000000,
        "8" : 0.000000,
        "16" : 0.000000,
        "32" : 0.000000,
        "64" : 0.000000,
        ">=64" : 0.000000
      },
      "latency_ns" : {
        "2" : 0.000000,
        "4" : 0.000000,
        "10" : 0.000000,
        "20" : 0.000000,
        "50" : 0.000000,
        "100" : 0.000000,
        "250" : 0.000000,
        "500" : 0.000000,
        "750" : 0.000000,
        "1000" : 0.000000
      },
      "latency_us" : {
        "2" : 0.010000,
        "4" : 3.387780,
        "10" : 85.949086,
        "20" : 9.788962,
        "50" : 0.676547,
        "100" : 0.095456,
        "250" : 0.063986,
        "500" : 0.013743,
        "750" : 0.010000,
        "1000" : 0.010000
      },
      "latency_ms" : {
        "2" : 0.010000,
        "4" : 0.010000,
        "10" : 0.010000,
        "20" : 0.010000,
        "50" : 0.000000,
        "100" : 0.000000,
        "250" : 0.000000,
        "500" : 0.000000,
        "750" : 0.000000,
        "1000" : 0.000000,
        "2000" : 0.000000,
        ">=2000" : 0.000000
      },
      "latency_depth" : 1,
      "latency_target" : 0,
      "latency_percentile" : 100.000000,
      "latency_window" : 0
    }
  ],
  "disk_util" : [
    {
      "name" : "nullb0",
      "read_ios" : 128,
      "write_ios" : 627,
      "read_merges" : 0,
      "write_merges" : 27,
      "read_ticks" : 4,
      "write_ticks" : 6464,
      "in_queue" : 6469,
      "util" : 0.454520
    }
  ]
}
