{
  "fio version" : "fio-3.32-10-g6b6f5-dirty",
  "timestamp" : 1677058132,
  "timestamp_ms" : 1677058132992,
  "time" : "Wed Feb 22 09:28:52 2023",
  "global options" : {
    "name" : "zns-fio",
    "directory" : "/mnt/f2fs",
    "size" : "80G",
    "ioengine" : "psync",
    "iodepth" : "1",
    "rw" : "write",
    "bs" : "4K",
    "runtime" : "1m",
    "ramp_time" : "30s",
    "ioscheduler" : "mq-deadline",
    "thread" : "1"
  },
  "jobs" : [
    {
      "jobname" : "hot-file",
      "groupid" : 0,
      "error" : 0,
      "eta" : 0,
      "elapsed" : 91,
      "job options" : {
        "numjobs" : "2",
        "fsync" : "128",
        "write_hint" : "short"
      },
      "read" : {
        "io_bytes" : 0,
        "io_kbytes" : 0,
        "bw_bytes" : 0,
        "bw" : 0,
        "iops" : 0.000000,
        "runtime" : 0,
        "total_ios" : 0,
        "short_ios" : 0,
        "drop_ios" : 0,
        "slat_ns" : {
          "min" : 0,
          "max" : 0,
          "mean" : 0.000000,
          "stddev" : 0.000000,
          "N" : 0
        },
        "clat_ns" : {
          "min" : 0,
          "max" : 0,
          "mean" : 0.000000,
          "stddev" : 0.000000,
          "N" : 0
        },
        "lat_ns" : {
          "min" : 0,
          "max" : 0,
          "mean" : 0.000000,
          "stddev" : 0.000000,
          "N" : 0
        },
        "bw_min" : 0,
        "bw_max" : 0,
        "bw_agg" : 0.000000,
        "bw_mean" : 0.000000,
        "bw_dev" : 0.000000,
        "bw_samples" : 0,
        "iops_min" : 0,
        "iops_max" : 0,
        "iops_mean" : 0.000000,
        "iops_stddev" : 0.000000,
        "iops_samples" : 0
      },
      "write" : {
        "io_bytes" : 26289549312,
        "io_kbytes" : 25673388,
        "bw_bytes" : 438151852,
        "bw" : 427882,
        "iops" : 106970.667156,
        "runtime" : 60001,
        "total_ios" : 6418347,
        "short_ios" : 0,
        "drop_ios" : 0,
        "slat_ns" : {
          "min" : 0,
          "max" : 0,
          "mean" : 0.000000,
          "stddev" : 0.000000,
          "N" : 0
        },
        "clat_ns" : {
          "min" : 2456,
          "max" : 5208335,
          "mean" : 7362.513848,
          "stddev" : 24421.346110,
          "N" : 6418347,
          "percentile" : {
            "1.000000" : 3632,
            "5.000000" : 3888,
            "10.000000" : 4128,
            "20.000000" : 4832,
            "30.000000" : 5536,
            "40.000000" : 6240,
            "50.000000" : 6880,
            "60.000000" : 7264,
            "70.000000" : 7776,
            "80.000000" : 8384,
            "90.000000" : 9408,
            "95.000000" : 10944,
            "99.000000" : 16512,
            "99.500000" : 24704,
            "99.900000" : 57600,
            "99.950000" : 123392,
            "99.990000" : 1073152
          }
        },
        "lat_ns" : {
          "min" : 2515,
          "max" : 5208506,
          "mean" : 7511.353175,
          "stddev" : 24447.628174,
          "N" : 6418347
        },
        "bw_min" : 297704,
        "bw_max" : 602246,
        "bw_agg" : 99.998442,
        "bw_mean" : 427876.630252,
        "bw_dev" : 26260.101480,
        "bw_samples" : 238,
        "iops_min" : 74426,
        "iops_max" : 150563,
        "iops_mean" : 106968.831933,
        "iops_stddev" : 6565.093287,
        "iops_samples" : 238
      },
      "trim" : {
        "io_bytes" : 0,
        "io_kbytes" : 0,
        "bw_bytes" : 0,
        "bw" : 0,
        "iops" : 0.000000,
        "runtime" : 0,
        "total_ios" : 0,
        "short_ios" : 0,
        "drop_ios" : 0,
        "slat_ns" : {
          "min" : 0,
          "max" : 0,
          "mean" : 0.000000,
          "stddev" : 0.000000,
          "N" : 0
        },
        "clat_ns" : {
          "min" : 0,
          "max" : 0,
          "mean" : 0.000000,
          "stddev" : 0.000000,
          "N" : 0
        },
        "lat_ns" : {
          "min" : 0,
          "max" : 0,
          "mean" : 0.000000,
          "stddev" : 0.000000,
          "N" : 0
        },
        "bw_min" : 0,
        "bw_max" : 0,
        "bw_agg" : 0.000000,
        "bw_mean" : 0.000000,
        "bw_dev" : 0.000000,
        "bw_samples" : 0,
        "iops_min" : 0,
        "iops_max" : 0,
        "iops_mean" : 0.000000,
        "iops_stddev" : 0.000000,
        "iops_samples" : 0
      },
      "sync" : {
        "total_ios" : 50142,
        "lat_ns" : {
          "min" : 486219,
          "max" : 129418256,
          "mean" : 1344180.599836,
          "stddev" : 1309694.186483,
          "N" : 50142,
          "percentile" : {
            "1.000000" : 602112,
            "5.000000" : 634880,
            "10.000000" : 708608,
            "20.000000" : 847872,
            "30.000000" : 1003520,
            "40.000000" : 1089536,
            "50.000000" : 1171456,
            "60.000000" : 1302528,
            "70.000000" : 1433600,
            "80.000000" : 1646592,
            "90.000000" : 2056192,
            "95.000000" : 2572288,
            "99.000000" : 3686400,
            "99.500000" : 4079616,
            "99.900000" : 5079040,
            "99.950000" : 8585216,
            "99.990000" : 46399488
          }
        }
      },
      "job_runtime" : 120000,
      "usr_cpu" : 8.278333,
      "sys_cpu" : 69.331667,
      "ctx" : 299807,
      "majf" : 0,
      "minf" : 0,
      "iodepth_level" : {
        "1" : 100.781229,
        "2" : 0.000000,
        "4" : 0.000000,
        "8" : 0.000000,
        "16" : 0.000000,
        "32" : 0.000000,
        ">=64" : 0.000000
      },
      "iodepth_submit" : {
        "0" : 0.000000,
        "4" : 100.000000,
        "8" : 0.000000,
        "16" : 0.000000,
        "32" : 0.000000,
        "64" : 0.000000,
        ">=64" : 0.000000
      },
      "iodepth_complete" : {
        "0" : 0.000000,
        "4" : 100.000000,
        "8" : 0.000000,
        "16" : 0.000000,
        "32" : 0.000000,
        "64" : 0.000000,
        ">=64" : 0.000000
      },
      "latency_ns" : {
        "2" : 0.000000,
        "4" : 0.000000,
        "10" : 0.000000,
        "20" : 0.000000,
        "50" : 0.000000,
        "100" : 0.000000,
        "250" : 0.000000,
        "500" : 0.000000,
        "750" : 0.000000,
        "1000" : 0.000000
      },
      "latency_us" : {
        "2" : 0.000000,
        "4" : 6.914272,
        "10" : 85.564835,
        "20" : 6.827116,
        "50" : 0.556124,
        "100" : 0.074848,
        "250" : 0.044326,
        "500" : 0.010000,
        "750" : 0.010000,
        "1000" : 0.010000
      },
      "latency_ms" : {
        "2" : 0.010000,
        "4" : 0.010000,
        "10" : 0.010000,
        "20" : 0.000000,
        "50" : 0.000000,
        "100" : 0.000000,
        "250" : 0.000000,
        "500" : 0.000000,
        "750" : 0.000000,
        "1000" : 0.000000,
        "2000" : 0.000000,
        ">=2000" : 0.000000
      },
      "latency_depth" : 1,
      "latency_target" : 0,
      "latency_percentile" : 100.000000,
      "latency_window" : 0
    }
  ],
  "disk_util" : [
    {
      "name" : "nullb0",
      "read_ios" : 83,
      "write_ios" : 496,
      "read_merges" : 0,
      "write_merges" : 22,
      "read_ticks" : 3,
      "write_ticks" : 2818,
      "in_queue" : 2820,
      "util" : 0.276280
    }
  ]
}
