{
  "fio version" : "fio-3.32-10-g6b6f5-dirty",
  "timestamp" : 1676291006,
  "timestamp_ms" : 1676291006809,
  "time" : "Mon Feb 13 12:23:26 2023",
  "global options" : {
    "name" : "zns-fio-three-file",
    "directory" : "/mnt/f2fs",
    "ioengine" : "psync",
    "rw" : "write",
    "bs" : "4K",
    "runtime" : "30s",
    "numjobs" : "1",
    "ramp_time" : "10s",
    "ioscheduler" : "mq-deadline"
  },
  "jobs" : [
    {
      "jobname" : "file-1",
      "groupid" : 0,
      "error" : 0,
      "eta" : 0,
      "elapsed" : 41,
      "job options" : {
        "write_hint" : "short",
        "size" : "10G",
        "filename" : "file_8"
      },
      "read" : {
        "io_bytes" : 0,
        "io_kbytes" : 0,
        "bw_bytes" : 0,
        "bw" : 0,
        "iops" : 0.000000,
        "runtime" : 0,
        "total_ios" : 0,
        "short_ios" : 0,
        "drop_ios" : 0,
        "slat_ns" : {
          "min" : 0,
          "max" : 0,
          "mean" : 0.000000,
          "stddev" : 0.000000,
          "N" : 0
        },
        "clat_ns" : {
          "min" : 0,
          "max" : 0,
          "mean" : 0.000000,
          "stddev" : 0.000000,
          "N" : 0
        },
        "lat_ns" : {
          "min" : 0,
          "max" : 0,
          "mean" : 0.000000,
          "stddev" : 0.000000,
          "N" : 0
        },
        "bw_min" : 0,
        "bw_max" : 0,
        "bw_agg" : 0.000000,
        "bw_mean" : 0.000000,
        "bw_dev" : 0.000000,
        "bw_samples" : 0,
        "iops_min" : 0,
        "iops_max" : 0,
        "iops_mean" : 0.000000,
        "iops_stddev" : 0.000000,
        "iops_samples" : 0
      },
      "write" : {
        "io_bytes" : 31453483008,
        "io_kbytes" : 30716292,
        "bw_bytes" : 1047332279,
        "bw" : 1022785,
        "iops" : 255696.357219,
        "runtime" : 30032,
        "total_ios" : 7679073,
        "short_ios" : 0,
        "drop_ios" : 0,
        "slat_ns" : {
          "min" : 0,
          "max" : 0,
          "mean" : 0.000000,
          "stddev" : 0.000000,
          "N" : 0
        },
        "clat_ns" : {
          "min" : 2404,
          "max" : 57910782,
          "mean" : 30243.916452,
          "stddev" : 821565.028346,
          "N" : 7679073,
          "percentile" : {
            "1.000000" : 4512,
            "5.000000" : 6176,
            "10.000000" : 6688,
            "20.000000" : 7136,
            "30.000000" : 7520,
            "40.000000" : 7776,
            "50.000000" : 8096,
            "60.000000" : 8512,
            "70.000000" : 9152,
            "80.000000" : 10560,
            "90.000000" : 12480,
            "95.000000" : 14272,
            "99.000000" : 23168,
            "99.500000" : 33536,
            "99.900000" : 220160,
            "99.950000" : 22937600,
            "99.990000" : 40108032
          }
        },
        "lat_ns" : {
          "min" : 2470,
          "max" : 57910976,
          "mean" : 30449.471739,
          "stddev" : 821571.468062,
          "N" : 7679073
        },
        "bw_min" : 574357,
        "bw_max" : 1372890,
        "bw_agg" : 100.000000,
        "bw_mean" : 1022982.474576,
        "bw_dev" : 22901.068321,
        "bw_samples" : 472,
        "iops_min" : 143589,
        "iops_max" : 343221,
        "iops_mean" : 255744.593220,
        "iops_stddev" : 5725.244258,
        "iops_samples" : 472
      },
      "trim" : {
        "io_bytes" : 0,
        "io_kbytes" : 0,
        "bw_bytes" : 0,
        "bw" : 0,
        "iops" : 0.000000,
        "runtime" : 0,
        "total_ios" : 0,
        "short_ios" : 0,
        "drop_ios" : 0,
        "slat_ns" : {
          "min" : 0,
          "max" : 0,
          "mean" : 0.000000,
          "stddev" : 0.000000,
          "N" : 0
        },
        "clat_ns" : {
          "min" : 0,
          "max" : 0,
          "mean" : 0.000000,
          "stddev" : 0.000000,
          "N" : 0
        },
        "lat_ns" : {
          "min" : 0,
          "max" : 0,
          "mean" : 0.000000,
          "stddev" : 0.000000,
          "N" : 0
        },
        "bw_min" : 0,
        "bw_max" : 0,
        "bw_agg" : 0.000000,
        "bw_mean" : 0.000000,
        "bw_dev" : 0.000000,
        "bw_samples" : 0,
        "iops_min" : 0,
        "iops_max" : 0,
        "iops_mean" : 0.000000,
        "iops_stddev" : 0.000000,
        "iops_samples" : 0
      },
      "sync" : {
        "total_ios" : 0,
        "lat_ns" : {
          "min" : 0,
          "max" : 0,
          "mean" : 0.000000,
          "stddev" : 0.000000,
          "N" : 0
        }
      },
      "job_runtime" : 240074,
      "usr_cpu" : 5.496639,
      "sys_cpu" : 27.696877,
      "ctx" : 20741,
      "majf" : 0,
      "minf" : 292,
      "iodepth_level" : {
        "1" : 100.000000,
        "2" : 0.000000,
        "4" : 0.000000,
        "8" : 0.000000,
        "16" : 0.000000,
        "32" : 0.000000,
        ">=64" : 0.000000
      },
      "iodepth_submit" : {
        "0" : 0.000000,
        "4" : 100.000000,
        "8" : 0.000000,
        "16" : 0.000000,
        "32" : 0.000000,
        "64" : 0.000000,
        ">=64" : 0.000000
      },
      "iodepth_complete" : {
        "0" : 0.000000,
        "4" : 100.000000,
        "8" : 0.000000,
        "16" : 0.000000,
        "32" : 0.000000,
        "64" : 0.000000,
        ">=64" : 0.000000
      },
      "latency_ns" : {
        "2" : 0.000000,
        "4" : 0.000000,
        "10" : 0.000000,
        "20" : 0.000000,
        "50" : 0.000000,
        "100" : 0.000000,
        "250" : 0.000000,
        "500" : 0.000000,
        "750" : 0.000000,
        "1000" : 0.000000
      },
      "latency_us" : {
        "2" : 0.000000,
        "4" : 0.323203,
        "10" : 76.390575,
        "20" : 21.847832,
        "50" : 1.154462,
        "100" : 0.130511,
        "250" : 0.062455,
        "500" : 0.010000,
        "750" : 0.010000,
        "1000" : 0.010000
      },
      "latency_ms" : {
        "2" : 0.010000,
        "4" : 0.010000,
        "10" : 0.010000,
        "20" : 0.010000,
        "50" : 0.066453,
        "100" : 0.010000,
        "250" : 0.000000,
        "500" : 0.000000,
        "750" : 0.000000,
        "1000" : 0.000000,
        "2000" : 0.000000,
        ">=2000" : 0.000000
      },
      "latency_depth" : 1,
      "latency_target" : 0,
      "latency_percentile" : 100.000000,
      "latency_window" : 0
    }
  ],
  "disk_util" : [
    {
      "name" : "nullb0",
      "read_ios" : 7376,
      "write_ios" : 67233,
      "read_merges" : 0,
      "write_merges" : 0,
      "read_ticks" : 1626,
      "write_ticks" : 688446,
      "in_queue" : 690072,
      "util" : 64.248653
    }
  ]
}
