{
  "fio version" : "fio-3.32-10-g6b6f5-dirty",
  "timestamp" : 1676290872,
  "timestamp_ms" : 1676290872621,
  "time" : "Mon Feb 13 12:21:12 2023",
  "global options" : {
    "name" : "zns-fio-three-file",
    "directory" : "/mnt/f2fs",
    "ioengine" : "psync",
    "rw" : "write",
    "bs" : "4K",
    "runtime" : "30s",
    "numjobs" : "1",
    "ramp_time" : "10s",
    "ioscheduler" : "mq-deadline"
  },
  "jobs" : [
    {
      "jobname" : "file-1",
      "groupid" : 0,
      "error" : 0,
      "eta" : 0,
      "elapsed" : 41,
      "job options" : {
        "write_hint" : "short",
        "size" : "10G",
        "filename" : "file_5"
      },
      "read" : {
        "io_bytes" : 0,
        "io_kbytes" : 0,
        "bw_bytes" : 0,
        "bw" : 0,
        "iops" : 0.000000,
        "runtime" : 0,
        "total_ios" : 0,
        "short_ios" : 0,
        "drop_ios" : 0,
        "slat_ns" : {
          "min" : 0,
          "max" : 0,
          "mean" : 0.000000,
          "stddev" : 0.000000,
          "N" : 0
        },
        "clat_ns" : {
          "min" : 0,
          "max" : 0,
          "mean" : 0.000000,
          "stddev" : 0.000000,
          "N" : 0
        },
        "lat_ns" : {
          "min" : 0,
          "max" : 0,
          "mean" : 0.000000,
          "stddev" : 0.000000,
          "N" : 0
        },
        "bw_min" : 0,
        "bw_max" : 0,
        "bw_agg" : 0.000000,
        "bw_mean" : 0.000000,
        "bw_dev" : 0.000000,
        "bw_samples" : 0,
        "iops_min" : 0,
        "iops_max" : 0,
        "iops_mean" : 0.000000,
        "iops_stddev" : 0.000000,
        "iops_samples" : 0
      },
      "write" : {
        "io_bytes" : 33655017472,
        "io_kbytes" : 32866228,
        "bw_bytes" : 1120937166,
        "bw" : 1094665,
        "iops" : 273666.300293,
        "runtime" : 30024,
        "total_ios" : 8216557,
        "short_ios" : 0,
        "drop_ios" : 0,
        "slat_ns" : {
          "min" : 0,
          "max" : 0,
          "mean" : 0.000000,
          "stddev" : 0.000000,
          "N" : 0
        },
        "clat_ns" : {
          "min" : 2372,
          "max" : 44252732,
          "mean" : 17292.210085,
          "stddev" : 472302.385337,
          "N" : 8216557,
          "percentile" : {
            "1.000000" : 4512,
            "5.000000" : 5600,
            "10.000000" : 6176,
            "20.000000" : 6688,
            "30.000000" : 7008,
            "40.000000" : 7328,
            "50.000000" : 7648,
            "60.000000" : 8032,
            "70.000000" : 8512,
            "80.000000" : 9664,
            "90.000000" : 11456,
            "95.000000" : 13120,
            "99.000000" : 20096,
            "99.500000" : 28032,
            "99.900000" : 99840,
            "99.950000" : 230400,
            "99.990000" : 26607616
          }
        },
        "lat_ns" : {
          "min" : 2428,
          "max" : 44252920,
          "mean" : 17473.455925,
          "stddev" : 472311.977756,
          "N" : 8216557
        },
        "bw_min" : 593267,
        "bw_max" : 1441788,
        "bw_agg" : 99.996053,
        "bw_mean" : 1094622.355932,
        "bw_dev" : 38060.713786,
        "bw_samples" : 295,
        "iops_min" : 148314,
        "iops_max" : 360447,
        "iops_mean" : 273654.881356,
        "iops_stddev" : 9515.226768,
        "iops_samples" : 295
      },
      "trim" : {
        "io_bytes" : 0,
        "io_kbytes" : 0,
        "bw_bytes" : 0,
        "bw" : 0,
        "iops" : 0.000000,
        "runtime" : 0,
        "total_ios" : 0,
        "short_ios" : 0,
        "drop_ios" : 0,
        "slat_ns" : {
          "min" : 0,
          "max" : 0,
          "mean" : 0.000000,
          "stddev" : 0.000000,
          "N" : 0
        },
        "clat_ns" : {
          "min" : 0,
          "max" : 0,
          "mean" : 0.000000,
          "stddev" : 0.000000,
          "N" : 0
        },
        "lat_ns" : {
          "min" : 0,
          "max" : 0,
          "mean" : 0.000000,
          "stddev" : 0.000000,
          "N" : 0
        },
        "bw_min" : 0,
        "bw_max" : 0,
        "bw_agg" : 0.000000,
        "bw_mean" : 0.000000,
        "bw_dev" : 0.000000,
        "bw_samples" : 0,
        "iops_min" : 0,
        "iops_max" : 0,
        "iops_mean" : 0.000000,
        "iops_stddev" : 0.000000,
        "iops_samples" : 0
      },
      "sync" : {
        "total_ios" : 0,
        "lat_ns" : {
          "min" : 0,
          "max" : 0,
          "mean" : 0.000000,
          "stddev" : 0.000000,
          "N" : 0
        }
      },
      "job_runtime" : 150031,
      "usr_cpu" : 9.316075,
      "sys_cpu" : 42.768495,
      "ctx" : 21190,
      "majf" : 0,
      "minf" : 181,
      "iodepth_level" : {
        "1" : 100.000000,
        "2" : 0.000000,
        "4" : 0.000000,
        "8" : 0.000000,
        "16" : 0.000000,
        "32" : 0.000000,
        ">=64" : 0.000000
      },
      "iodepth_submit" : {
        "0" : 0.000000,
        "4" : 100.000000,
        "8" : 0.000000,
        "16" : 0.000000,
        "32" : 0.000000,
        "64" : 0.000000,
        ">=64" : 0.000000
      },
      "iodepth_complete" : {
        "0" : 0.000000,
        "4" : 100.000000,
        "8" : 0.000000,
        "16" : 0.000000,
        "32" : 0.000000,
        "64" : 0.000000,
        ">=64" : 0.000000
      },
      "latency_ns" : {
        "2" : 0.000000,
        "4" : 0.000000,
        "10" : 0.000000,
        "20" : 0.000000,
        "50" : 0.000000,
        "100" : 0.000000,
        "250" : 0.000000,
        "500" : 0.000000,
        "750" : 0.000000,
        "1000" : 0.000000
      },
      "latency_us" : {
        "2" : 0.000000,
        "4" : 0.377530,
        "10" : 81.937057,
        "20" : 16.666032,
        "50" : 0.798814,
        "100" : 0.120561,
        "250" : 0.052285,
        "500" : 0.010000,
        "750" : 0.010000,
        "1000" : 0.010000
      },
      "latency_ms" : {
        "2" : 0.010000,
        "4" : 0.010000,
        "10" : 0.010000,
        "20" : 0.010000,
        "50" : 0.033116,
        "100" : 0.000000,
        "250" : 0.000000,
        "500" : 0.000000,
        "750" : 0.000000,
        "1000" : 0.000000,
        "2000" : 0.000000,
        ">=2000" : 0.000000
      },
      "latency_depth" : 1,
      "latency_target" : 0,
      "latency_percentile" : 100.000000,
      "latency_window" : 0
    }
  ],
  "disk_util" : [
    {
      "name" : "nullb0",
      "read_ios" : 7665,
      "write_ios" : 70141,
      "read_merges" : 0,
      "write_merges" : 0,
      "read_ticks" : 716,
      "write_ticks" : 703925,
      "in_queue" : 704641,
      "util" : 66.392291
    }
  ]
}
