{
  "fio version" : "fio-3.32-10-g6b6f5-dirty",
  "timestamp" : 1676290827,
  "timestamp_ms" : 1676290827969,
  "time" : "Mon Feb 13 12:20:27 2023",
  "global options" : {
    "name" : "zns-fio-three-file",
    "directory" : "/mnt/f2fs",
    "ioengine" : "psync",
    "rw" : "write",
    "bs" : "4K",
    "runtime" : "30s",
    "numjobs" : "1",
    "ramp_time" : "10s",
    "ioscheduler" : "mq-deadline"
  },
  "jobs" : [
    {
      "jobname" : "file-1",
      "groupid" : 0,
      "error" : 0,
      "eta" : 0,
      "elapsed" : 41,
      "job options" : {
        "write_hint" : "short",
        "size" : "10G",
        "filename" : "file_4"
      },
      "read" : {
        "io_bytes" : 0,
        "io_kbytes" : 0,
        "bw_bytes" : 0,
        "bw" : 0,
        "iops" : 0.000000,
        "runtime" : 0,
        "total_ios" : 0,
        "short_ios" : 0,
        "drop_ios" : 0,
        "slat_ns" : {
          "min" : 0,
          "max" : 0,
          "mean" : 0.000000,
          "stddev" : 0.000000,
          "N" : 0
        },
        "clat_ns" : {
          "min" : 0,
          "max" : 0,
          "mean" : 0.000000,
          "stddev" : 0.000000,
          "N" : 0
        },
        "lat_ns" : {
          "min" : 0,
          "max" : 0,
          "mean" : 0.000000,
          "stddev" : 0.000000,
          "N" : 0
        },
        "bw_min" : 0,
        "bw_max" : 0,
        "bw_agg" : 0.000000,
        "bw_mean" : 0.000000,
        "bw_dev" : 0.000000,
        "bw_samples" : 0,
        "iops_min" : 0,
        "iops_max" : 0,
        "iops_mean" : 0.000000,
        "iops_stddev" : 0.000000,
        "iops_samples" : 0
      },
      "write" : {
        "io_bytes" : 34261209088,
        "io_kbytes" : 33458212,
        "bw_bytes" : 1146550066,
        "bw" : 1119677,
        "iops" : 279919.449836,
        "runtime" : 29882,
        "total_ios" : 8364553,
        "short_ios" : 0,
        "drop_ios" : 0,
        "slat_ns" : {
          "min" : 0,
          "max" : 0,
          "mean" : 0.000000,
          "stddev" : 0.000000,
          "N" : 0
        },
        "clat_ns" : {
          "min" : 2307,
          "max" : 39234024,
          "mean" : 13343.927551,
          "stddev" : 370029.308636,
          "N" : 8364553,
          "percentile" : {
            "1.000000" : 3920,
            "5.000000" : 4704,
            "10.000000" : 5088,
            "20.000000" : 5728,
            "30.000000" : 6176,
            "40.000000" : 6496,
            "50.000000" : 6816,
            "60.000000" : 7200,
            "70.000000" : 7712,
            "80.000000" : 8512,
            "90.000000" : 10304,
            "95.000000" : 11968,
            "99.000000" : 18560,
            "99.500000" : 25216,
            "99.900000" : 81408,
            "99.950000" : 189440,
            "99.990000" : 23724032
          }
        },
        "lat_ns" : {
          "min" : 2380,
          "max" : 39234124,
          "mean" : 13521.930041,
          "stddev" : 370035.299565,
          "N" : 8364553
        },
        "bw_min" : 653152,
        "bw_max" : 1445120,
        "bw_agg" : 100.000000,
        "bw_mean" : 1125389.338983,
        "bw_dev" : 49805.708767,
        "bw_samples" : 236,
        "iops_min" : 163288,
        "iops_max" : 361280,
        "iops_mean" : 281347.457627,
        "iops_stddev" : 12451.459619,
        "iops_samples" : 236
      },
      "trim" : {
        "io_bytes" : 0,
        "io_kbytes" : 0,
        "bw_bytes" : 0,
        "bw" : 0,
        "iops" : 0.000000,
        "runtime" : 0,
        "total_ios" : 0,
        "short_ios" : 0,
        "drop_ios" : 0,
        "slat_ns" : {
          "min" : 0,
          "max" : 0,
          "mean" : 0.000000,
          "stddev" : 0.000000,
          "N" : 0
        },
        "clat_ns" : {
          "min" : 0,
          "max" : 0,
          "mean" : 0.000000,
          "stddev" : 0.000000,
          "N" : 0
        },
        "lat_ns" : {
          "min" : 0,
          "max" : 0,
          "mean" : 0.000000,
          "stddev" : 0.000000,
          "N" : 0
        },
        "bw_min" : 0,
        "bw_max" : 0,
        "bw_agg" : 0.000000,
        "bw_mean" : 0.000000,
        "bw_dev" : 0.000000,
        "bw_samples" : 0,
        "iops_min" : 0,
        "iops_max" : 0,
        "iops_mean" : 0.000000,
        "iops_stddev" : 0.000000,
        "iops_samples" : 0
      },
      "sync" : {
        "total_ios" : 0,
        "lat_ns" : {
          "min" : 0,
          "max" : 0,
          "mean" : 0.000000,
          "stddev" : 0.000000,
          "N" : 0
        }
      },
      "job_runtime" : 119021,
      "usr_cpu" : 10.197360,
      "sys_cpu" : 49.443376,
      "ctx" : 20678,
      "majf" : 0,
      "minf" : 149,
      "iodepth_level" : {
        "1" : 100.000000,
        "2" : 0.000000,
        "4" : 0.000000,
        "8" : 0.000000,
        "16" : 0.000000,
        "32" : 0.000000,
        ">=64" : 0.000000
      },
      "iodepth_submit" : {
        "0" : 0.000000,
        "4" : 100.000000,
        "8" : 0.000000,
        "16" : 0.000000,
        "32" : 0.000000,
        "64" : 0.000000,
        ">=64" : 0.000000
      },
      "iodepth_complete" : {
        "0" : 0.000000,
        "4" : 100.000000,
        "8" : 0.000000,
        "16" : 0.000000,
        "32" : 0.000000,
        "64" : 0.000000,
        ">=64" : 0.000000
      },
      "latency_ns" : {
        "2" : 0.000000,
        "4" : 0.000000,
        "10" : 0.000000,
        "20" : 0.000000,
        "50" : 0.000000,
        "100" : 0.000000,
        "250" : 0.000000,
        "500" : 0.000000,
        "750" : 0.000000,
        "1000" : 0.000000
      },
      "latency_us" : {
        "2" : 0.000000,
        "4" : 1.198211,
        "10" : 87.395310,
        "20" : 10.591014,
        "50" : 0.626979,
        "100" : 0.105600,
        "250" : 0.046398,
        "500" : 0.010000,
        "750" : 0.010000,
        "1000" : 0.010000
      },
      "latency_ms" : {
        "2" : 0.010000,
        "4" : 0.010000,
        "10" : 0.010000,
        "20" : 0.010000,
        "50" : 0.019726,
        "100" : 0.000000,
        "250" : 0.000000,
        "500" : 0.000000,
        "750" : 0.000000,
        "1000" : 0.000000,
        "2000" : 0.000000,
        ">=2000" : 0.000000
      },
      "latency_depth" : 1,
      "latency_target" : 0,
      "latency_percentile" : 100.000000,
      "latency_window" : 0
    }
  ],
  "disk_util" : [
    {
      "name" : "nullb0",
      "read_ios" : 7719,
      "write_ios" : 71106,
      "read_merges" : 0,
      "write_merges" : 0,
      "read_ticks" : 680,
      "write_ticks" : 771179,
      "in_queue" : 771860,
      "util" : 68.564543
    }
  ]
}
