{
  "fio version" : "fio-3.32-10-g6b6f5-dirty",
  "timestamp" : 1676291051,
  "timestamp_ms" : 1676291051622,
  "time" : "Mon Feb 13 12:24:11 2023",
  "global options" : {
    "name" : "zns-fio-three-file",
    "directory" : "/mnt/f2fs",
    "ioengine" : "psync",
    "rw" : "write",
    "bs" : "4K",
    "runtime" : "30s",
    "numjobs" : "1",
    "ramp_time" : "10s",
    "ioscheduler" : "mq-deadline"
  },
  "jobs" : [
    {
      "jobname" : "file-1",
      "groupid" : 0,
      "error" : 0,
      "eta" : 0,
      "elapsed" : 41,
      "job options" : {
        "write_hint" : "short",
        "size" : "10G",
        "filename" : "file_9"
      },
      "read" : {
        "io_bytes" : 0,
        "io_kbytes" : 0,
        "bw_bytes" : 0,
        "bw" : 0,
        "iops" : 0.000000,
        "runtime" : 0,
        "total_ios" : 0,
        "short_ios" : 0,
        "drop_ios" : 0,
        "slat_ns" : {
          "min" : 0,
          "max" : 0,
          "mean" : 0.000000,
          "stddev" : 0.000000,
          "N" : 0
        },
        "clat_ns" : {
          "min" : 0,
          "max" : 0,
          "mean" : 0.000000,
          "stddev" : 0.000000,
          "N" : 0
        },
        "lat_ns" : {
          "min" : 0,
          "max" : 0,
          "mean" : 0.000000,
          "stddev" : 0.000000,
          "N" : 0
        },
        "bw_min" : 0,
        "bw_max" : 0,
        "bw_agg" : 0.000000,
        "bw_mean" : 0.000000,
        "bw_dev" : 0.000000,
        "bw_samples" : 0,
        "iops_min" : 0,
        "iops_max" : 0,
        "iops_mean" : 0.000000,
        "iops_stddev" : 0.000000,
        "iops_samples" : 0
      },
      "write" : {
        "io_bytes" : 33485348864,
        "io_kbytes" : 32700536,
        "bw_bytes" : 1115286066,
        "bw" : 1089146,
        "iops" : 272286.637357,
        "runtime" : 30024,
        "total_ios" : 8175134,
        "short_ios" : 0,
        "drop_ios" : 0,
        "slat_ns" : {
          "min" : 0,
          "max" : 0,
          "mean" : 0.000000,
          "stddev" : 0.000000,
          "N" : 0
        },
        "clat_ns" : {
          "min" : 2398,
          "max" : 75971521,
          "mean" : 32007.744250,
          "stddev" : 867162.639928,
          "N" : 8175134,
          "percentile" : {
            "1.000000" : 4448,
            "5.000000" : 6048,
            "10.000000" : 6432,
            "20.000000" : 6880,
            "30.000000" : 7200,
            "40.000000" : 7520,
            "50.000000" : 7904,
            "60.000000" : 8256,
            "70.000000" : 9024,
            "80.000000" : 10432,
            "90.000000" : 12224,
            "95.000000" : 14016,
            "99.000000" : 22912,
            "99.500000" : 33536,
            "99.900000" : 230400,
            "99.950000" : 25034752,
            "99.990000" : 41680896
          }
        },
        "lat_ns" : {
          "min" : 2452,
          "max" : 75971855,
          "mean" : 32207.753461,
          "stddev" : 867166.898334,
          "N" : 8175134
        },
        "bw_min" : 558332,
        "bw_max" : 1444025,
        "bw_agg" : 100.000000,
        "bw_mean" : 1091539.932203,
        "bw_dev" : 25314.572240,
        "bw_samples" : 531,
        "iops_min" : 139582,
        "iops_max" : 361008,
        "iops_mean" : 272883.796610,
        "iops_stddev" : 6328.678497,
        "iops_samples" : 531
      },
      "trim" : {
        "io_bytes" : 0,
        "io_kbytes" : 0,
        "bw_bytes" : 0,
        "bw" : 0,
        "iops" : 0.000000,
        "runtime" : 0,
        "total_ios" : 0,
        "short_ios" : 0,
        "drop_ios" : 0,
        "slat_ns" : {
          "min" : 0,
          "max" : 0,
          "mean" : 0.000000,
          "stddev" : 0.000000,
          "N" : 0
        },
        "clat_ns" : {
          "min" : 0,
          "max" : 0,
          "mean" : 0.000000,
          "stddev" : 0.000000,
          "N" : 0
        },
        "lat_ns" : {
          "min" : 0,
          "max" : 0,
          "mean" : 0.000000,
          "stddev" : 0.000000,
          "N" : 0
        },
        "bw_min" : 0,
        "bw_max" : 0,
        "bw_agg" : 0.000000,
        "bw_mean" : 0.000000,
        "bw_dev" : 0.000000,
        "bw_samples" : 0,
        "iops_min" : 0,
        "iops_max" : 0,
        "iops_mean" : 0.000000,
        "iops_stddev" : 0.000000,
        "iops_samples" : 0
      },
      "sync" : {
        "total_ios" : 0,
        "lat_ns" : {
          "min" : 0,
          "max" : 0,
          "mean" : 0.000000,
          "stddev" : 0.000000,
          "N" : 0
        }
      },
      "job_runtime" : 270100,
      "usr_cpu" : 5.302851,
      "sys_cpu" : 25.405776,
      "ctx" : 22478,
      "majf" : 0,
      "minf" : 338,
      "iodepth_level" : {
        "1" : 100.000000,
        "2" : 0.000000,
        "4" : 0.000000,
        "8" : 0.000000,
        "16" : 0.000000,
        "32" : 0.000000,
        ">=64" : 0.000000
      },
      "iodepth_submit" : {
        "0" : 0.000000,
        "4" : 100.000000,
        "8" : 0.000000,
        "16" : 0.000000,
        "32" : 0.000000,
        "64" : 0.000000,
        ">=64" : 0.000000
      },
      "iodepth_complete" : {
        "0" : 0.000000,
        "4" : 100.000000,
        "8" : 0.000000,
        "16" : 0.000000,
        "32" : 0.000000,
        "64" : 0.000000,
        ">=64" : 0.000000
      },
      "latency_ns" : {
        "2" : 0.000000,
        "4" : 0.000000,
        "10" : 0.000000,
        "20" : 0.000000,
        "50" : 0.000000,
        "100" : 0.000000,
        "250" : 0.000000,
        "500" : 0.000000,
        "750" : 0.000000,
        "1000" : 0.000000
      },
      "latency_us" : {
        "2" : 0.000000,
        "4" : 0.433510,
        "10" : 77.099054,
        "20" : 21.092107,
        "50" : 1.077940,
        "100" : 0.135912,
        "250" : 0.064929,
        "500" : 0.010000,
        "750" : 0.010000,
        "1000" : 0.010000
      },
      "latency_ms" : {
        "2" : 0.010000,
        "4" : 0.010000,
        "10" : 0.010000,
        "20" : 0.010000,
        "50" : 0.072488,
        "100" : 0.010000,
        "250" : 0.000000,
        "500" : 0.000000,
        "750" : 0.000000,
        "1000" : 0.000000,
        "2000" : 0.000000,
        ">=2000" : 0.000000
      },
      "latency_depth" : 1,
      "latency_target" : 0,
      "latency_percentile" : 100.000000,
      "latency_window" : 0
    }
  ],
  "disk_util" : [
    {
      "name" : "nullb0",
      "read_ios" : 7744,
      "write_ios" : 66380,
      "read_merges" : 0,
      "write_merges" : 0,
      "read_ticks" : 1325,
      "write_ticks" : 698392,
      "in_queue" : 699718,
      "util" : 65.868534
    }
  ]
}
