{
  "fio version" : "fio-3.32-10-g6b6f5-dirty",
  "timestamp" : 1676290961,
  "timestamp_ms" : 1676290961726,
  "time" : "Mon Feb 13 12:22:41 2023",
  "global options" : {
    "name" : "zns-fio-three-file",
    "directory" : "/mnt/f2fs",
    "ioengine" : "psync",
    "rw" : "write",
    "bs" : "4K",
    "runtime" : "30s",
    "numjobs" : "1",
    "ramp_time" : "10s",
    "ioscheduler" : "mq-deadline"
  },
  "jobs" : [
    {
      "jobname" : "file-1",
      "groupid" : 0,
      "error" : 0,
      "eta" : 0,
      "elapsed" : 41,
      "job options" : {
        "write_hint" : "short",
        "size" : "10G",
        "filename" : "file_7"
      },
      "read" : {
        "io_bytes" : 0,
        "io_kbytes" : 0,
        "bw_bytes" : 0,
        "bw" : 0,
        "iops" : 0.000000,
        "runtime" : 0,
        "total_ios" : 0,
        "short_ios" : 0,
        "drop_ios" : 0,
        "slat_ns" : {
          "min" : 0,
          "max" : 0,
          "mean" : 0.000000,
          "stddev" : 0.000000,
          "N" : 0
        },
        "clat_ns" : {
          "min" : 0,
          "max" : 0,
          "mean" : 0.000000,
          "stddev" : 0.000000,
          "N" : 0
        },
        "lat_ns" : {
          "min" : 0,
          "max" : 0,
          "mean" : 0.000000,
          "stddev" : 0.000000,
          "N" : 0
        },
        "bw_min" : 0,
        "bw_max" : 0,
        "bw_agg" : 0.000000,
        "bw_mean" : 0.000000,
        "bw_dev" : 0.000000,
        "bw_samples" : 0,
        "iops_min" : 0,
        "iops_max" : 0,
        "iops_mean" : 0.000000,
        "iops_stddev" : 0.000000,
        "iops_samples" : 0
      },
      "write" : {
        "io_bytes" : 34585763840,
        "io_kbytes" : 33775160,
        "bw_bytes" : 1151592043,
        "bw" : 1124601,
        "iops" : 281150.401225,
        "runtime" : 30033,
        "total_ios" : 8443790,
        "short_ios" : 0,
        "drop_ios" : 0,
        "slat_ns" : {
          "min" : 0,
          "max" : 0,
          "mean" : 0.000000,
          "stddev" : 0.000000,
          "N" : 0
        },
        "clat_ns" : {
          "min" : 2406,
          "max" : 44584916,
          "mean" : 23826.455253,
          "stddev" : 663743.292085,
          "N" : 8443790,
          "percentile" : {
            "1.000000" : 4512,
            "5.000000" : 5856,
            "10.000000" : 6496,
            "20.000000" : 6816,
            "30.000000" : 7136,
            "40.000000" : 7520,
            "50.000000" : 7840,
            "60.000000" : 8256,
            "70.000000" : 8768,
            "80.000000" : 10048,
            "90.000000" : 11840,
            "95.000000" : 13632,
            "99.000000" : 21632,
            "99.500000" : 31360,
            "99.900000" : 181248,
            "99.950000" : 20316160,
            "99.990000" : 35389440
          }
        },
        "lat_ns" : {
          "min" : 2461,
          "max" : 44585096,
          "mean" : 24026.375269,
          "stddev" : 663748.414155,
          "N" : 8443790
        },
        "bw_min" : 669764,
        "bw_max" : 1550076,
        "bw_agg" : 100.000000,
        "bw_mean" : 1127523.254237,
        "bw_dev" : 27954.756305,
        "bw_samples" : 413,
        "iops_min" : 167440,
        "iops_max" : 387519,
        "iops_mean" : 281880.237288,
        "iops_stddev" : 6988.699352,
        "iops_samples" : 413
      },
      "trim" : {
        "io_bytes" : 0,
        "io_kbytes" : 0,
        "bw_bytes" : 0,
        "bw" : 0,
        "iops" : 0.000000,
        "runtime" : 0,
        "total_ios" : 0,
        "short_ios" : 0,
        "drop_ios" : 0,
        "slat_ns" : {
          "min" : 0,
          "max" : 0,
          "mean" : 0.000000,
          "stddev" : 0.000000,
          "N" : 0
        },
        "clat_ns" : {
          "min" : 0,
          "max" : 0,
          "mean" : 0.000000,
          "stddev" : 0.000000,
          "N" : 0
        },
        "lat_ns" : {
          "min" : 0,
          "max" : 0,
          "mean" : 0.000000,
          "stddev" : 0.000000,
          "N" : 0
        },
        "bw_min" : 0,
        "bw_max" : 0,
        "bw_agg" : 0.000000,
        "bw_mean" : 0.000000,
        "bw_dev" : 0.000000,
        "bw_samples" : 0,
        "iops_min" : 0,
        "iops_max" : 0,
        "iops_mean" : 0.000000,
        "iops_stddev" : 0.000000,
        "iops_samples" : 0
      },
      "sync" : {
        "total_ios" : 0,
        "lat_ns" : {
          "min" : 0,
          "max" : 0,
          "mean" : 0.000000,
          "stddev" : 0.000000,
          "N" : 0
        }
      },
      "job_runtime" : 210053,
      "usr_cpu" : 7.092496,
      "sys_cpu" : 33.075462,
      "ctx" : 22559,
      "majf" : 0,
      "minf" : 256,
      "iodepth_level" : {
        "1" : 100.000000,
        "2" : 0.000000,
        "4" : 0.000000,
        "8" : 0.000000,
        "16" : 0.000000,
        "32" : 0.000000,
        ">=64" : 0.000000
      },
      "iodepth_submit" : {
        "0" : 0.000000,
        "4" : 100.000000,
        "8" : 0.000000,
        "16" : 0.000000,
        "32" : 0.000000,
        "64" : 0.000000,
        ">=64" : 0.000000
      },
      "iodepth_complete" : {
        "0" : 0.000000,
        "4" : 100.000000,
        "8" : 0.000000,
        "16" : 0.000000,
        "32" : 0.000000,
        "64" : 0.000000,
        ">=64" : 0.000000
      },
      "latency_ns" : {
        "2" : 0.000000,
        "4" : 0.000000,
        "10" : 0.000000,
        "20" : 0.000000,
        "50" : 0.000000,
        "100" : 0.000000,
        "250" : 0.000000,
        "500" : 0.000000,
        "750" : 0.000000,
        "1000" : 0.000000
      },
      "latency_us" : {
        "2" : 0.000000,
        "4" : 0.403587,
        "10" : 78.903668,
        "20" : 19.470380,
        "50" : 0.970749,
        "100" : 0.122433,
        "250" : 0.057143,
        "500" : 0.010000,
        "750" : 0.010000,
        "1000" : 0.010000
      },
      "latency_ms" : {
        "2" : 0.010000,
        "4" : 0.010000,
        "10" : 0.010000,
        "20" : 0.010000,
        "50" : 0.051091,
        "100" : 0.000000,
        "250" : 0.000000,
        "500" : 0.000000,
        "750" : 0.000000,
        "1000" : 0.000000,
        "2000" : 0.000000,
        ">=2000" : 0.000000
      },
      "latency_depth" : 1,
      "latency_target" : 0,
      "latency_percentile" : 100.000000,
      "latency_window" : 0
    }
  ],
  "disk_util" : [
    {
      "name" : "nullb0",
      "read_ios" : 8101,
      "write_ios" : 68226,
      "read_merges" : 0,
      "write_merges" : 0,
      "read_ticks" : 1120,
      "write_ticks" : 689111,
      "in_queue" : 690231,
      "util" : 66.856344
    }
  ]
}
