{
  "fio version" : "fio-3.32-10-g6b6f5-dirty",
  "timestamp" : 1676290783,
  "timestamp_ms" : 1676290783508,
  "time" : "Mon Feb 13 12:19:43 2023",
  "global options" : {
    "name" : "zns-fio-three-file",
    "directory" : "/mnt/f2fs",
    "ioengine" : "psync",
    "rw" : "write",
    "bs" : "4K",
    "runtime" : "30s",
    "numjobs" : "1",
    "ramp_time" : "10s",
    "ioscheduler" : "mq-deadline"
  },
  "jobs" : [
    {
      "jobname" : "file-1",
      "groupid" : 0,
      "error" : 0,
      "eta" : 0,
      "elapsed" : 37,
      "job options" : {
        "write_hint" : "short",
        "size" : "10G",
        "filename" : "file_3"
      },
      "read" : {
        "io_bytes" : 0,
        "io_kbytes" : 0,
        "bw_bytes" : 0,
        "bw" : 0,
        "iops" : 0.000000,
        "runtime" : 0,
        "total_ios" : 0,
        "short_ios" : 0,
        "drop_ios" : 0,
        "slat_ns" : {
          "min" : 0,
          "max" : 0,
          "mean" : 0.000000,
          "stddev" : 0.000000,
          "N" : 0
        },
        "clat_ns" : {
          "min" : 0,
          "max" : 0,
          "mean" : 0.000000,
          "stddev" : 0.000000,
          "N" : 0
        },
        "lat_ns" : {
          "min" : 0,
          "max" : 0,
          "mean" : 0.000000,
          "stddev" : 0.000000,
          "N" : 0
        },
        "bw_min" : 0,
        "bw_max" : 0,
        "bw_agg" : 0.000000,
        "bw_mean" : 0.000000,
        "bw_dev" : 0.000000,
        "bw_samples" : 0,
        "iops_min" : 0,
        "iops_max" : 0,
        "iops_mean" : 0.000000,
        "iops_stddev" : 0.000000,
        "iops_samples" : 0
      },
      "write" : {
        "io_bytes" : 23638814720,
        "io_kbytes" : 23084780,
        "bw_bytes" : 905077522,
        "bw" : 883864,
        "iops" : 220966.191898,
        "runtime" : 26118,
        "total_ios" : 5771195,
        "short_ios" : 0,
        "drop_ios" : 0,
        "slat_ns" : {
          "min" : 0,
          "max" : 0,
          "mean" : 0.000000,
          "stddev" : 0.000000,
          "N" : 0
        },
        "clat_ns" : {
          "min" : 2258,
          "max" : 39287610,
          "mean" : 12727.245255,
          "stddev" : 293121.718910,
          "N" : 5771195,
          "percentile" : {
            "1.000000" : 4048,
            "5.000000" : 4832,
            "10.000000" : 5344,
            "20.000000" : 6048,
            "30.000000" : 6624,
            "40.000000" : 7008,
            "50.000000" : 7392,
            "60.000000" : 7840,
            "70.000000" : 8512,
            "80.000000" : 9664,
            "90.000000" : 11456,
            "95.000000" : 13376,
            "99.000000" : 20096,
            "99.500000" : 25984,
            "99.900000" : 78336,
            "99.950000" : 187392,
            "99.990000" : 19267584
          }
        },
        "lat_ns" : {
          "min" : 2330,
          "max" : 39287766,
          "mean" : 12892.828318,
          "stddev" : 293125.201512,
          "N" : 5771195
        },
        "bw_min" : 589281,
        "bw_max" : 1355616,
        "bw_agg" : 100.000000,
        "bw_mean" : 888007.356712,
        "bw_dev" : 50396.784844,
        "bw_samples" : 155,
        "iops_min" : 147320,
        "iops_max" : 338904,
        "iops_mean" : 222001.598039,
        "iops_stddev" : 12599.216351,
        "iops_samples" : 155
      },
      "trim" : {
        "io_bytes" : 0,
        "io_kbytes" : 0,
        "bw_bytes" : 0,
        "bw" : 0,
        "iops" : 0.000000,
        "runtime" : 0,
        "total_ios" : 0,
        "short_ios" : 0,
        "drop_ios" : 0,
        "slat_ns" : {
          "min" : 0,
          "max" : 0,
          "mean" : 0.000000,
          "stddev" : 0.000000,
          "N" : 0
        },
        "clat_ns" : {
          "min" : 0,
          "max" : 0,
          "mean" : 0.000000,
          "stddev" : 0.000000,
          "N" : 0
        },
        "lat_ns" : {
          "min" : 0,
          "max" : 0,
          "mean" : 0.000000,
          "stddev" : 0.000000,
          "N" : 0
        },
        "bw_min" : 0,
        "bw_max" : 0,
        "bw_agg" : 0.000000,
        "bw_mean" : 0.000000,
        "bw_dev" : 0.000000,
        "bw_samples" : 0,
        "iops_min" : 0,
        "iops_max" : 0,
        "iops_mean" : 0.000000,
        "iops_stddev" : 0.000000,
        "iops_samples" : 0
      },
      "sync" : {
        "total_ios" : 0,
        "lat_ns" : {
          "min" : 0,
          "max" : 0,
          "mean" : 0.000000,
          "stddev" : 0.000000,
          "N" : 0
        }
      },
      "job_runtime" : 78101,
      "usr_cpu" : 10.221380,
      "sys_cpu" : 57.182366,
      "ctx" : 15486,
      "majf" : 0,
      "minf" : 112,
      "iodepth_level" : {
        "1" : 100.000000,
        "2" : 0.000000,
        "4" : 0.000000,
        "8" : 0.000000,
        "16" : 0.000000,
        "32" : 0.000000,
        ">=64" : 0.000000
      },
      "iodepth_submit" : {
        "0" : 0.000000,
        "4" : 100.000000,
        "8" : 0.000000,
        "16" : 0.000000,
        "32" : 0.000000,
        "64" : 0.000000,
        ">=64" : 0.000000
      },
      "iodepth_complete" : {
        "0" : 0.000000,
        "4" : 100.000000,
        "8" : 0.000000,
        "16" : 0.000000,
        "32" : 0.000000,
        "64" : 0.000000,
        ">=64" : 0.000000
      },
      "latency_ns" : {
        "2" : 0.000000,
        "4" : 0.000000,
        "10" : 0.000000,
        "20" : 0.000000,
        "50" : 0.000000,
        "100" : 0.000000,
        "250" : 0.000000,
        "500" : 0.000000,
        "750" : 0.000000,
        "1000" : 0.000000
      },
      "latency_us" : {
        "2" : 0.000000,
        "4" : 0.862005,
        "10" : 81.505633,
        "20" : 16.632535,
        "50" : 0.820263,
        "100" : 0.096566,
        "250" : 0.050059,
        "500" : 0.010000,
        "750" : 0.010000,
        "1000" : 0.010000
      },
      "latency_ms" : {
        "2" : 0.010000,
        "4" : 0.010000,
        "10" : 0.010000,
        "20" : 0.014122,
        "50" : 0.010000,
        "100" : 0.000000,
        "250" : 0.000000,
        "500" : 0.000000,
        "750" : 0.000000,
        "1000" : 0.000000,
        "2000" : 0.000000,
        ">=2000" : 0.000000
      },
      "latency_depth" : 1,
      "latency_target" : 0,
      "latency_percentile" : 100.000000,
      "latency_window" : 0
    }
  ],
  "disk_util" : [
    {
      "name" : "nullb0",
      "read_ios" : 5123,
      "write_ios" : 71819,
      "read_merges" : 0,
      "write_merges" : 0,
      "read_ticks" : 661,
      "write_ticks" : 845578,
      "in_queue" : 846238,
      "util" : 63.217403
    }
  ]
}
