{
  "fio version" : "fio-3.32-10-g6b6f5-dirty",
  "timestamp" : 1676290742,
  "timestamp_ms" : 1676290742797,
  "time" : "Mon Feb 13 12:19:02 2023",
  "global options" : {
    "name" : "zns-fio-two-file",
    "directory" : "/mnt/f2fs",
    "ioengine" : "psync",
    "rw" : "write",
    "bs" : "4K",
    "runtime" : "30s",
    "numjobs" : "1",
    "ramp_time" : "10s",
    "ioscheduler" : "mq-deadline"
  },
  "jobs" : [
    {
      "jobname" : "file-1",
      "groupid" : 0,
      "error" : 0,
      "eta" : 0,
      "elapsed" : 26,
      "job options" : {
        "write_hint" : "short",
        "size" : "10G",
        "filename" : "file_2"
      },
      "read" : {
        "io_bytes" : 0,
        "io_kbytes" : 0,
        "bw_bytes" : 0,
        "bw" : 0,
        "iops" : 0.000000,
        "runtime" : 0,
        "total_ios" : 0,
        "short_ios" : 0,
        "drop_ios" : 0,
        "slat_ns" : {
          "min" : 0,
          "max" : 0,
          "mean" : 0.000000,
          "stddev" : 0.000000,
          "N" : 0
        },
        "clat_ns" : {
          "min" : 0,
          "max" : 0,
          "mean" : 0.000000,
          "stddev" : 0.000000,
          "N" : 0
        },
        "lat_ns" : {
          "min" : 0,
          "max" : 0,
          "mean" : 0.000000,
          "stddev" : 0.000000,
          "N" : 0
        },
        "bw_min" : 0,
        "bw_max" : 0,
        "bw_agg" : 0.000000,
        "bw_mean" : 0.000000,
        "bw_dev" : 0.000000,
        "bw_samples" : 0,
        "iops_min" : 0,
        "iops_max" : 0,
        "iops_mean" : 0.000000,
        "iops_stddev" : 0.000000,
        "iops_samples" : 0
      },
      "write" : {
        "io_bytes" : 12788318208,
        "io_kbytes" : 12488592,
        "bw_bytes" : 815997843,
        "bw" : 796872,
        "iops" : 199218.223583,
        "runtime" : 15672,
        "total_ios" : 3122148,
        "short_ios" : 0,
        "drop_ios" : 0,
        "slat_ns" : {
          "min" : 0,
          "max" : 0,
          "mean" : 0.000000,
          "stddev" : 0.000000,
          "N" : 0
        },
        "clat_ns" : {
          "min" : 2393,
          "max" : 28166185,
          "mean" : 9409.519562,
          "stddev" : 190884.509542,
          "N" : 3122148,
          "percentile" : {
            "1.000000" : 3472,
            "5.000000" : 4016,
            "10.000000" : 4320,
            "20.000000" : 4832,
            "30.000000" : 5408,
            "40.000000" : 6048,
            "50.000000" : 6752,
            "60.000000" : 7328,
            "70.000000" : 8032,
            "80.000000" : 8896,
            "90.000000" : 10688,
            "95.000000" : 12480,
            "99.000000" : 18304,
            "99.500000" : 23168,
            "99.900000" : 59136,
            "99.950000" : 150528,
            "99.990000" : 13041664
          }
        },
        "lat_ns" : {
          "min" : 2446,
          "max" : 28166269,
          "mean" : 9522.348063,
          "stddev" : 190884.771679,
          "N" : 3122148
        },
        "bw_min" : 575516,
        "bw_max" : 1206507,
        "bw_agg" : 100.000000,
        "bw_mean" : 798164.903226,
        "bw_dev" : 85625.435118,
        "bw_samples" : 62,
        "iops_min" : 143878,
        "iops_max" : 301626,
        "iops_mean" : 199540.903226,
        "iops_stddev" : 21406.331614,
        "iops_samples" : 62
      },
      "trim" : {
        "io_bytes" : 0,
        "io_kbytes" : 0,
        "bw_bytes" : 0,
        "bw" : 0,
        "iops" : 0.000000,
        "runtime" : 0,
        "total_ios" : 0,
        "short_ios" : 0,
        "drop_ios" : 0,
        "slat_ns" : {
          "min" : 0,
          "max" : 0,
          "mean" : 0.000000,
          "stddev" : 0.000000,
          "N" : 0
        },
        "clat_ns" : {
          "min" : 0,
          "max" : 0,
          "mean" : 0.000000,
          "stddev" : 0.000000,
          "N" : 0
        },
        "lat_ns" : {
          "min" : 0,
          "max" : 0,
          "mean" : 0.000000,
          "stddev" : 0.000000,
          "N" : 0
        },
        "bw_min" : 0,
        "bw_max" : 0,
        "bw_agg" : 0.000000,
        "bw_mean" : 0.000000,
        "bw_dev" : 0.000000,
        "bw_samples" : 0,
        "iops_min" : 0,
        "iops_max" : 0,
        "iops_mean" : 0.000000,
        "iops_stddev" : 0.000000,
        "iops_samples" : 0
      },
      "sync" : {
        "total_ios" : 0,
        "lat_ns" : {
          "min" : 0,
          "max" : 0,
          "mean" : 0.000000,
          "stddev" : 0.000000,
          "N" : 0
        }
      },
      "job_runtime" : 31318,
      "usr_cpu" : 11.380037,
      "sys_cpu" : 67.743790,
      "ctx" : 11330,
      "majf" : 0,
      "minf" : 73,
      "iodepth_level" : {
        "1" : 100.000000,
        "2" : 0.000000,
        "4" : 0.000000,
        "8" : 0.000000,
        "16" : 0.000000,
        "32" : 0.000000,
        ">=64" : 0.000000
      },
      "iodepth_submit" : {
        "0" : 0.000000,
        "4" : 100.000000,
        "8" : 0.000000,
        "16" : 0.000000,
        "32" : 0.000000,
        "64" : 0.000000,
        ">=64" : 0.000000
      },
      "iodepth_complete" : {
        "0" : 0.000000,
        "4" : 100.000000,
        "8" : 0.000000,
        "16" : 0.000000,
        "32" : 0.000000,
        "64" : 0.000000,
        ">=64" : 0.000000
      },
      "latency_ns" : {
        "2" : 0.000000,
        "4" : 0.000000,
        "10" : 0.000000,
        "20" : 0.000000,
        "50" : 0.000000,
        "100" : 0.000000,
        "250" : 0.000000,
        "500" : 0.000000,
        "750" : 0.000000,
        "1000" : 0.000000
      },
      "latency_us" : {
        "2" : 0.000000,
        "4" : 4.980770,
        "10" : 81.897751,
        "20" : 12.367607,
        "50" : 0.628125,
        "100" : 0.058005,
        "250" : 0.051247,
        "500" : 0.010000,
        "750" : 0.010000,
        "1000" : 0.010000
      },
      "latency_ms" : {
        "2" : 0.010000,
        "4" : 0.010000,
        "10" : 0.010000,
        "20" : 0.010000,
        "50" : 0.010000,
        "100" : 0.000000,
        "250" : 0.000000,
        "500" : 0.000000,
        "750" : 0.000000,
        "1000" : 0.000000,
        "2000" : 0.000000,
        ">=2000" : 0.000000
      },
      "latency_depth" : 1,
      "latency_target" : 0,
      "latency_percentile" : 100.000000,
      "latency_window" : 0
    }
  ],
  "disk_util" : [
    {
      "name" : "nullb0",
      "read_ios" : 2516,
      "write_ios" : 72451,
      "read_merges" : 0,
      "write_merges" : 0,
      "read_ticks" : 457,
      "write_ticks" : 820196,
      "in_queue" : 820653,
      "util" : 60.868546
    }
  ]
}
