{
  "fio version" : "fio-3.32-10-g6b6f5-dirty",
  "timestamp" : 1676741245,
  "timestamp_ms" : 1676741245804,
  "time" : "Sat Feb 18 17:27:25 2023",
  "global options" : {
    "name" : "zns-fio",
    "directory" : "/mnt/f2fs",
    "size" : "80G",
    "ioengine" : "psync",
    "iodepth" : "1",
    "rw" : "write",
    "bs" : "4K",
    "runtime" : "1m",
    "ramp_time" : "30s",
    "ioscheduler" : "mq-deadline",
    "thread" : "1"
  },
  "jobs" : [
    {
      "jobname" : "hot-file",
      "groupid" : 0,
      "error" : 0,
      "eta" : 0,
      "elapsed" : 91,
      "job options" : {
        "numjobs" : "5",
        "fsync" : "128",
        "write_hint" : "short"
      },
      "read" : {
        "io_bytes" : 0,
        "io_kbytes" : 0,
        "bw_bytes" : 0,
        "bw" : 0,
        "iops" : 0.000000,
        "runtime" : 0,
        "total_ios" : 0,
        "short_ios" : 0,
        "drop_ios" : 0,
        "slat_ns" : {
          "min" : 0,
          "max" : 0,
          "mean" : 0.000000,
          "stddev" : 0.000000,
          "N" : 0
        },
        "clat_ns" : {
          "min" : 0,
          "max" : 0,
          "mean" : 0.000000,
          "stddev" : 0.000000,
          "N" : 0
        },
        "lat_ns" : {
          "min" : 0,
          "max" : 0,
          "mean" : 0.000000,
          "stddev" : 0.000000,
          "N" : 0
        },
        "bw_min" : 0,
        "bw_max" : 0,
        "bw_agg" : 0.000000,
        "bw_mean" : 0.000000,
        "bw_dev" : 0.000000,
        "bw_samples" : 0,
        "iops_min" : 0,
        "iops_max" : 0,
        "iops_mean" : 0.000000,
        "iops_stddev" : 0.000000,
        "iops_samples" : 0
      },
      "write" : {
        "io_bytes" : 57446215680,
        "io_kbytes" : 56099820,
        "bw_bytes" : 957405014,
        "bw" : 934965,
        "iops" : 233741.458618,
        "runtime" : 60002,
        "total_ios" : 14024955,
        "short_ios" : 0,
        "drop_ios" : 0,
        "slat_ns" : {
          "min" : 0,
          "max" : 0,
          "mean" : 0.000000,
          "stddev" : 0.000000,
          "N" : 0
        },
        "clat_ns" : {
          "min" : 2040,
          "max" : 4424500,
          "mean" : 6715.861717,
          "stddev" : 17301.789846,
          "N" : 14024955,
          "percentile" : {
            "1.000000" : 3472,
            "5.000000" : 3984,
            "10.000000" : 4320,
            "20.000000" : 4704,
            "30.000000" : 4960,
            "40.000000" : 5280,
            "50.000000" : 5728,
            "60.000000" : 6240,
            "70.000000" : 6944,
            "80.000000" : 7648,
            "90.000000" : 8640,
            "95.000000" : 10048,
            "99.000000" : 15040,
            "99.500000" : 20864,
            "99.900000" : 120320,
            "99.950000" : 222208,
            "99.990000" : 733184
          }
        },
        "lat_ns" : {
          "min" : 2107,
          "max" : 4424626,
          "mean" : 6830.398655,
          "stddev" : 17316.837227,
          "N" : 14024955
        },
        "bw_min" : 789694,
        "bw_max" : 1099584,
        "bw_agg" : 100.000000,
        "bw_mean" : 936276.336134,
        "bw_dev" : 12329.569881,
        "bw_samples" : 595,
        "iops_min" : 197422,
        "iops_max" : 274896,
        "iops_mean" : 234068.142857,
        "iops_stddev" : 3082.408515,
        "iops_samples" : 595
      },
      "trim" : {
        "io_bytes" : 0,
        "io_kbytes" : 0,
        "bw_bytes" : 0,
        "bw" : 0,
        "iops" : 0.000000,
        "runtime" : 0,
        "total_ios" : 0,
        "short_ios" : 0,
        "drop_ios" : 0,
        "slat_ns" : {
          "min" : 0,
          "max" : 0,
          "mean" : 0.000000,
          "stddev" : 0.000000,
          "N" : 0
        },
        "clat_ns" : {
          "min" : 0,
          "max" : 0,
          "mean" : 0.000000,
          "stddev" : 0.000000,
          "N" : 0
        },
        "lat_ns" : {
          "min" : 0,
          "max" : 0,
          "mean" : 0.000000,
          "stddev" : 0.000000,
          "N" : 0
        },
        "bw_min" : 0,
        "bw_max" : 0,
        "bw_agg" : 0.000000,
        "bw_mean" : 0.000000,
        "bw_dev" : 0.000000,
        "bw_samples" : 0,
        "iops_min" : 0,
        "iops_max" : 0,
        "iops_mean" : 0.000000,
        "iops_stddev" : 0.000000,
        "iops_samples" : 0
      },
      "sync" : {
        "total_ios" : 109568,
        "lat_ns" : {
          "min" : 524867,
          "max" : 59383926,
          "mean" : 1789606.265087,
          "stddev" : 706008.282590,
          "N" : 109568,
          "percentile" : {
            "1.000000" : 774144,
            "5.000000" : 954368,
            "10.000000" : 1089536,
            "20.000000" : 1302528,
            "30.000000" : 1466368,
            "40.000000" : 1613824,
            "50.000000" : 1761280,
            "60.000000" : 1892352,
            "70.000000" : 2039808,
            "80.000000" : 2211840,
            "90.000000" : 2473984,
            "95.000000" : 2703360,
            "99.000000" : 3260416,
            "99.500000" : 3620864,
            "99.900000" : 4947968,
            "99.950000" : 12779520,
            "99.990000" : 14221312
          }
        }
      },
      "job_runtime" : 300002,
      "usr_cpu" : 5.559963,
      "sys_cpu" : 77.388151,
      "ctx" : 505399,
      "majf" : 0,
      "minf" : 0,
      "iodepth_level" : {
        "1" : 100.781236,
        "2" : 0.000000,
        "4" : 0.000000,
        "8" : 0.000000,
        "16" : 0.000000,
        "32" : 0.000000,
        ">=64" : 0.000000
      },
      "iodepth_submit" : {
        "0" : 0.000000,
        "4" : 100.000000,
        "8" : 0.000000,
        "16" : 0.000000,
        "32" : 0.000000,
        "64" : 0.000000,
        ">=64" : 0.000000
      },
      "iodepth_complete" : {
        "0" : 0.000000,
        "4" : 100.000000,
        "8" : 0.000000,
        "16" : 0.000000,
        "32" : 0.000000,
        "64" : 0.000000,
        ">=64" : 0.000000
      },
      "latency_ns" : {
        "2" : 0.000000,
        "4" : 0.000000,
        "10" : 0.000000,
        "20" : 0.000000,
        "50" : 0.000000,
        "100" : 0.000000,
        "250" : 0.000000,
        "500" : 0.000000,
        "750" : 0.000000,
        "1000" : 0.000000
      },
      "latency_us" : {
        "2" : 0.000000,
        "4" : 5.252202,
        "10" : 89.712894,
        "20" : 4.501291,
        "50" : 0.335588,
        "100" : 0.075879,
        "250" : 0.079622,
        "500" : 0.025997,
        "750" : 0.010000,
        "1000" : 0.010000
      },
      "latency_ms" : {
        "2" : 0.010000,
        "4" : 0.010000,
        "10" : 0.010000,
        "20" : 0.000000,
        "50" : 0.000000,
        "100" : 0.000000,
        "250" : 0.000000,
        "500" : 0.000000,
        "750" : 0.000000,
        "1000" : 0.000000,
        "2000" : 0.000000,
        ">=2000" : 0.000000
      },
      "latency_depth" : 1,
      "latency_target" : 0,
      "latency_percentile" : 100.000000,
      "latency_window" : 0
    }
  ],
  "disk_util" : [
    {
      "name" : "nullb0",
      "read_ios" : 0,
      "write_ios" : 1320,
      "read_merges" : 0,
      "write_merges" : 63,
      "read_ticks" : 0,
      "write_ticks" : 4374,
      "in_queue" : 4374,
      "util" : 0.490054
    }
  ]
}
