{
  "fio version" : "fio-3.32-10-g6b6f5-dirty",
  "timestamp" : 1676741144,
  "timestamp_ms" : 1676741144032,
  "time" : "Sat Feb 18 17:25:44 2023",
  "global options" : {
    "name" : "zns-fio",
    "directory" : "/mnt/f2fs",
    "size" : "80G",
    "ioengine" : "psync",
    "iodepth" : "1",
    "rw" : "write",
    "bs" : "4K",
    "runtime" : "1m",
    "ramp_time" : "30s",
    "ioscheduler" : "mq-deadline",
    "thread" : "1"
  },
  "jobs" : [
    {
      "jobname" : "hot-file",
      "groupid" : 0,
      "error" : 0,
      "eta" : 0,
      "elapsed" : 91,
      "job options" : {
        "numjobs" : "4",
        "fsync" : "128",
        "write_hint" : "short"
      },
      "read" : {
        "io_bytes" : 0,
        "io_kbytes" : 0,
        "bw_bytes" : 0,
        "bw" : 0,
        "iops" : 0.000000,
        "runtime" : 0,
        "total_ios" : 0,
        "short_ios" : 0,
        "drop_ios" : 0,
        "slat_ns" : {
          "min" : 0,
          "max" : 0,
          "mean" : 0.000000,
          "stddev" : 0.000000,
          "N" : 0
        },
        "clat_ns" : {
          "min" : 0,
          "max" : 0,
          "mean" : 0.000000,
          "stddev" : 0.000000,
          "N" : 0
        },
        "lat_ns" : {
          "min" : 0,
          "max" : 0,
          "mean" : 0.000000,
          "stddev" : 0.000000,
          "N" : 0
        },
        "bw_min" : 0,
        "bw_max" : 0,
        "bw_agg" : 0.000000,
        "bw_mean" : 0.000000,
        "bw_dev" : 0.000000,
        "bw_samples" : 0,
        "iops_min" : 0,
        "iops_max" : 0,
        "iops_mean" : 0.000000,
        "iops_stddev" : 0.000000,
        "iops_samples" : 0
      },
      "write" : {
        "io_bytes" : 52073332736,
        "io_kbytes" : 50852864,
        "bw_bytes" : 867859950,
        "bw" : 847519,
        "iops" : 211879.870671,
        "runtime" : 60002,
        "total_ios" : 12713216,
        "short_ios" : 0,
        "drop_ios" : 0,
        "slat_ns" : {
          "min" : 0,
          "max" : 0,
          "mean" : 0.000000,
          "stddev" : 0.000000,
          "N" : 0
        },
        "clat_ns" : {
          "min" : 2319,
          "max" : 3306348,
          "mean" : 6556.624655,
          "stddev" : 14241.197202,
          "N" : 12713216,
          "percentile" : {
            "1.000000" : 3344,
            "5.000000" : 3856,
            "10.000000" : 4128,
            "20.000000" : 4576,
            "30.000000" : 4896,
            "40.000000" : 5216,
            "50.000000" : 5600,
            "60.000000" : 6112,
            "70.000000" : 6816,
            "80.000000" : 7648,
            "90.000000" : 8768,
            "95.000000" : 10176,
            "99.000000" : 15168,
            "99.500000" : 20352,
            "99.900000" : 111104,
            "99.950000" : 187392,
            "99.990000" : 561152
          }
        },
        "lat_ns" : {
          "min" : 2373,
          "max" : 3306532,
          "mean" : 6664.366775,
          "stddev" : 14250.041283,
          "N" : 12713216
        },
        "bw_min" : 315856,
        "bw_max" : 1103076,
        "bw_agg" : 100.000000,
        "bw_mean" : 848335.100000,
        "bw_dev" : 24036.872233,
        "bw_samples" : 480,
        "iops_min" : 78964,
        "iops_max" : 275768,
        "iops_mean" : 212083.066667,
        "iops_stddev" : 6009.225015,
        "iops_samples" : 480
      },
      "trim" : {
        "io_bytes" : 0,
        "io_kbytes" : 0,
        "bw_bytes" : 0,
        "bw" : 0,
        "iops" : 0.000000,
        "runtime" : 0,
        "total_ios" : 0,
        "short_ios" : 0,
        "drop_ios" : 0,
        "slat_ns" : {
          "min" : 0,
          "max" : 0,
          "mean" : 0.000000,
          "stddev" : 0.000000,
          "N" : 0
        },
        "clat_ns" : {
          "min" : 0,
          "max" : 0,
          "mean" : 0.000000,
          "stddev" : 0.000000,
          "N" : 0
        },
        "lat_ns" : {
          "min" : 0,
          "max" : 0,
          "mean" : 0.000000,
          "stddev" : 0.000000,
          "N" : 0
        },
        "bw_min" : 0,
        "bw_max" : 0,
        "bw_agg" : 0.000000,
        "bw_mean" : 0.000000,
        "bw_dev" : 0.000000,
        "bw_samples" : 0,
        "iops_min" : 0,
        "iops_max" : 0,
        "iops_mean" : 0.000000,
        "iops_stddev" : 0.000000,
        "iops_samples" : 0
      },
      "sync" : {
        "total_ios" : 99322,
        "lat_ns" : {
          "min" : 489579,
          "max" : 458294187,
          "mean" : 1496115.806015,
          "stddev" : 2990182.278653,
          "N" : 99322,
          "percentile" : {
            "1.000000" : 667648,
            "5.000000" : 790528,
            "10.000000" : 880640,
            "20.000000" : 1036288,
            "30.000000" : 1171456,
            "40.000000" : 1302528,
            "50.000000" : 1433600,
            "60.000000" : 1548288,
            "70.000000" : 1695744,
            "80.000000" : 1843200,
            "90.000000" : 2072576,
            "95.000000" : 2277376,
            "99.000000" : 2801664,
            "99.500000" : 3162112,
            "99.900000" : 4227072,
            "99.950000" : 12779520,
            "99.990000" : 46923776
          }
        }
      },
      "job_runtime" : 240004,
      "usr_cpu" : 6.193647,
      "sys_cpu" : 76.046649,
      "ctx" : 448403,
      "majf" : 0,
      "minf" : 0,
      "iodepth_level" : {
        "1" : 100.781250,
        "2" : 0.000000,
        "4" : 0.000000,
        "8" : 0.000000,
        "16" : 0.000000,
        "32" : 0.000000,
        ">=64" : 0.000000
      },
      "iodepth_submit" : {
        "0" : 0.000000,
        "4" : 100.000000,
        "8" : 0.000000,
        "16" : 0.000000,
        "32" : 0.000000,
        "64" : 0.000000,
        ">=64" : 0.000000
      },
      "iodepth_complete" : {
        "0" : 0.000000,
        "4" : 100.000000,
        "8" : 0.000000,
        "16" : 0.000000,
        "32" : 0.000000,
        "64" : 0.000000,
        ">=64" : 0.000000
      },
      "latency_ns" : {
        "2" : 0.000000,
        "4" : 0.000000,
        "10" : 0.000000,
        "20" : 0.000000,
        "50" : 0.000000,
        "100" : 0.000000,
        "250" : 0.000000,
        "500" : 0.000000,
        "750" : 0.000000,
        "1000" : 0.000000
      },
      "latency_us" : {
        "2" : 0.000000,
        "4" : 7.351145,
        "10" : 87.299767,
        "20" : 4.832200,
        "50" : 0.351728,
        "100" : 0.053566,
        "250" : 0.077762,
        "500" : 0.023055,
        "750" : 0.010000,
        "1000" : 0.010000
      },
      "latency_ms" : {
        "2" : 0.010000,
        "4" : 0.010000,
        "10" : 0.000000,
        "20" : 0.000000,
        "50" : 0.000000,
        "100" : 0.000000,
        "250" : 0.000000,
        "500" : 0.000000,
        "750" : 0.000000,
        "1000" : 0.000000,
        "2000" : 0.000000,
        ">=2000" : 0.000000
      },
      "latency_depth" : 1,
      "latency_target" : 0,
      "latency_percentile" : 100.000000,
      "latency_window" : 0
    }
  ],
  "disk_util" : [
    {
      "name" : "nullb0",
      "read_ios" : 181,
      "write_ios" : 1367,
      "read_merges" : 0,
      "write_merges" : 60,
      "read_ticks" : 5,
      "write_ticks" : 20648,
      "in_queue" : 20654,
      "util" : 0.662031
    }
  ]
}
