{
  "fio version" : "fio-3.32-10-g6b6f5-dirty",
  "timestamp" : 1676741660,
  "timestamp_ms" : 1676741660677,
  "time" : "Sat Feb 18 17:34:20 2023",
  "global options" : {
    "name" : "zns-fio",
    "directory" : "/mnt/f2fs",
    "size" : "80G",
    "ioengine" : "psync",
    "iodepth" : "1",
    "rw" : "write",
    "bs" : "4K",
    "runtime" : "1m",
    "ramp_time" : "30s",
    "ioscheduler" : "mq-deadline",
    "thread" : "1"
  },
  "jobs" : [
    {
      "jobname" : "hot-file",
      "groupid" : 0,
      "error" : 0,
      "eta" : 0,
      "elapsed" : 91,
      "job options" : {
        "numjobs" : "9",
        "fsync" : "128",
        "write_hint" : "short"
      },
      "read" : {
        "io_bytes" : 0,
        "io_kbytes" : 0,
        "bw_bytes" : 0,
        "bw" : 0,
        "iops" : 0.000000,
        "runtime" : 0,
        "total_ios" : 0,
        "short_ios" : 0,
        "drop_ios" : 0,
        "slat_ns" : {
          "min" : 0,
          "max" : 0,
          "mean" : 0.000000,
          "stddev" : 0.000000,
          "N" : 0
        },
        "clat_ns" : {
          "min" : 0,
          "max" : 0,
          "mean" : 0.000000,
          "stddev" : 0.000000,
          "N" : 0
        },
        "lat_ns" : {
          "min" : 0,
          "max" : 0,
          "mean" : 0.000000,
          "stddev" : 0.000000,
          "N" : 0
        },
        "bw_min" : 0,
        "bw_max" : 0,
        "bw_agg" : 0.000000,
        "bw_mean" : 0.000000,
        "bw_dev" : 0.000000,
        "bw_samples" : 0,
        "iops_min" : 0,
        "iops_max" : 0,
        "iops_mean" : 0.000000,
        "iops_stddev" : 0.000000,
        "iops_samples" : 0
      },
      "write" : {
        "io_bytes" : 58761089024,
        "io_kbytes" : 57383876,
        "bw_bytes" : 979318839,
        "bw" : 956366,
        "iops" : 239091.513616,
        "runtime" : 60002,
        "total_ios" : 14345969,
        "short_ios" : 0,
        "drop_ios" : 0,
        "slat_ns" : {
          "min" : 0,
          "max" : 0,
          "mean" : 0.000000,
          "stddev" : 0.000000,
          "N" : 0
        },
        "clat_ns" : {
          "min" : 2250,
          "max" : 4424611,
          "mean" : 6944.638852,
          "stddev" : 23682.676291,
          "N" : 14345969,
          "percentile" : {
            "1.000000" : 3472,
            "5.000000" : 3984,
            "10.000000" : 4320,
            "20.000000" : 4704,
            "30.000000" : 5088,
            "40.000000" : 5408,
            "50.000000" : 5792,
            "60.000000" : 6304,
            "70.000000" : 6880,
            "80.000000" : 7648,
            "90.000000" : 8768,
            "95.000000" : 10176,
            "99.000000" : 15808,
            "99.500000" : 22144,
            "99.900000" : 132096,
            "99.950000" : 250880,
            "99.990000" : 1155072
          }
        },
        "lat_ns" : {
          "min" : 2309,
          "max" : 4424774,
          "mean" : 7056.200256,
          "stddev" : 23702.214365,
          "N" : 14345969
        },
        "bw_min" : 865348,
        "bw_max" : 1067305,
        "bw_agg" : 100.000000,
        "bw_mean" : 957575.176471,
        "bw_dev" : 4542.951605,
        "bw_samples" : 1071,
        "iops_min" : 216337,
        "iops_max" : 266824,
        "iops_mean" : 239392.890756,
        "iops_stddev" : 1135.728937,
        "iops_samples" : 1071
      },
      "trim" : {
        "io_bytes" : 0,
        "io_kbytes" : 0,
        "bw_bytes" : 0,
        "bw" : 0,
        "iops" : 0.000000,
        "runtime" : 0,
        "total_ios" : 0,
        "short_ios" : 0,
        "drop_ios" : 0,
        "slat_ns" : {
          "min" : 0,
          "max" : 0,
          "mean" : 0.000000,
          "stddev" : 0.000000,
          "N" : 0
        },
        "clat_ns" : {
          "min" : 0,
          "max" : 0,
          "mean" : 0.000000,
          "stddev" : 0.000000,
          "N" : 0
        },
        "lat_ns" : {
          "min" : 0,
          "max" : 0,
          "mean" : 0.000000,
          "stddev" : 0.000000,
          "N" : 0
        },
        "bw_min" : 0,
        "bw_max" : 0,
        "bw_agg" : 0.000000,
        "bw_mean" : 0.000000,
        "bw_dev" : 0.000000,
        "bw_samples" : 0,
        "iops_min" : 0,
        "iops_max" : 0,
        "iops_mean" : 0.000000,
        "iops_stddev" : 0.000000,
        "iops_samples" : 0
      },
      "sync" : {
        "total_ios" : 112077,
        "lat_ns" : {
          "min" : 565029,
          "max" : 24794614,
          "mean" : 3845542.992095,
          "stddev" : 881187.142721,
          "N" : 112077,
          "percentile" : {
            "1.000000" : 1728512,
            "5.000000" : 2506752,
            "10.000000" : 2867200,
            "20.000000" : 3260416,
            "30.000000" : 3489792,
            "40.000000" : 3686400,
            "50.000000" : 3850240,
            "60.000000" : 4014080,
            "70.000000" : 4177920,
            "80.000000" : 4423680,
            "90.000000" : 4751360,
            "95.000000" : 5079040,
            "99.000000" : 6389760,
            "99.500000" : 7110656,
            "99.900000" : 9240576,
            "99.950000" : 12386304,
            "99.990000" : 16580608
          }
        }
      },
      "job_runtime" : 540003,
      "usr_cpu" : 2.801281,
      "sys_cpu" : 83.706942,
      "ctx" : 605428,
      "majf" : 0,
      "minf" : 0,
      "iodepth_level" : {
        "1" : 100.781244,
        "2" : 0.000000,
        "4" : 0.000000,
        "8" : 0.000000,
        "16" : 0.000000,
        "32" : 0.000000,
        ">=64" : 0.000000
      },
      "iodepth_submit" : {
        "0" : 0.000000,
        "4" : 100.000000,
        "8" : 0.000000,
        "16" : 0.000000,
        "32" : 0.000000,
        "64" : 0.000000,
        ">=64" : 0.000000
      },
      "iodepth_complete" : {
        "0" : 0.000000,
        "4" : 100.000000,
        "8" : 0.000000,
        "16" : 0.000000,
        "32" : 0.000000,
        "64" : 0.000000,
        ">=64" : 0.000000
      },
      "latency_ns" : {
        "2" : 0.000000,
        "4" : 0.000000,
        "10" : 0.000000,
        "20" : 0.000000,
        "50" : 0.000000,
        "100" : 0.000000,
        "250" : 0.000000,
        "500" : 0.000000,
        "750" : 0.000000,
        "1000" : 0.000000
      },
      "latency_us" : {
        "2" : 0.000000,
        "4" : 5.360907,
        "10" : 89.311527,
        "20" : 4.729789,
        "50" : 0.319058,
        "100" : 0.127053,
        "250" : 0.101220,
        "500" : 0.023784,
        "750" : 0.010045,
        "1000" : 0.010000
      },
      "latency_ms" : {
        "2" : 0.010000,
        "4" : 0.010000,
        "10" : 0.010000,
        "20" : 0.000000,
        "50" : 0.000000,
        "100" : 0.000000,
        "250" : 0.000000,
        "500" : 0.000000,
        "750" : 0.000000,
        "1000" : 0.000000,
        "2000" : 0.000000,
        ">=2000" : 0.000000
      },
      "latency_depth" : 1,
      "latency_target" : 0,
      "latency_percentile" : 100.000000,
      "latency_window" : 0
    }
  ],
  "disk_util" : [
    {
      "name" : "nullb0",
      "read_ios" : 0,
      "write_ios" : 1430,
      "read_merges" : 0,
      "write_merges" : 40,
      "read_ticks" : 0,
      "write_ticks" : 7752,
      "in_queue" : 7752,
      "util" : 0.890998
    }
  ]
}
