{
  "fio version" : "fio-3.32-10-g6b6f5-dirty",
  "timestamp" : 1676741451,
  "timestamp_ms" : 1676741451252,
  "time" : "Sat Feb 18 17:30:51 2023",
  "global options" : {
    "name" : "zns-fio",
    "directory" : "/mnt/f2fs",
    "size" : "80G",
    "ioengine" : "psync",
    "iodepth" : "1",
    "rw" : "write",
    "bs" : "4K",
    "runtime" : "1m",
    "ramp_time" : "30s",
    "ioscheduler" : "mq-deadline",
    "thread" : "1"
  },
  "jobs" : [
    {
      "jobname" : "hot-file",
      "groupid" : 0,
      "error" : 0,
      "eta" : 0,
      "elapsed" : 91,
      "job options" : {
        "numjobs" : "7",
        "fsync" : "128",
        "write_hint" : "short"
      },
      "read" : {
        "io_bytes" : 0,
        "io_kbytes" : 0,
        "bw_bytes" : 0,
        "bw" : 0,
        "iops" : 0.000000,
        "runtime" : 0,
        "total_ios" : 0,
        "short_ios" : 0,
        "drop_ios" : 0,
        "slat_ns" : {
          "min" : 0,
          "max" : 0,
          "mean" : 0.000000,
          "stddev" : 0.000000,
          "N" : 0
        },
        "clat_ns" : {
          "min" : 0,
          "max" : 0,
          "mean" : 0.000000,
          "stddev" : 0.000000,
          "N" : 0
        },
        "lat_ns" : {
          "min" : 0,
          "max" : 0,
          "mean" : 0.000000,
          "stddev" : 0.000000,
          "N" : 0
        },
        "bw_min" : 0,
        "bw_max" : 0,
        "bw_agg" : 0.000000,
        "bw_mean" : 0.000000,
        "bw_dev" : 0.000000,
        "bw_samples" : 0,
        "iops_min" : 0,
        "iops_max" : 0,
        "iops_mean" : 0.000000,
        "iops_stddev" : 0.000000,
        "iops_samples" : 0
      },
      "write" : {
        "io_bytes" : 62079021056,
        "io_kbytes" : 60624044,
        "bw_bytes" : 1034615863,
        "bw" : 1010367,
        "iops" : 252591.763608,
        "runtime" : 60002,
        "total_ios" : 15156011,
        "short_ios" : 0,
        "drop_ios" : 0,
        "slat_ns" : {
          "min" : 0,
          "max" : 0,
          "mean" : 0.000000,
          "stddev" : 0.000000,
          "N" : 0
        },
        "clat_ns" : {
          "min" : 2300,
          "max" : 5505136,
          "mean" : 7000.855544,
          "stddev" : 19604.761867,
          "N" : 15156011,
          "percentile" : {
            "1.000000" : 3600,
            "5.000000" : 4048,
            "10.000000" : 4320,
            "20.000000" : 4768,
            "30.000000" : 5152,
            "40.000000" : 5536,
            "50.000000" : 5920,
            "60.000000" : 6432,
            "70.000000" : 7072,
            "80.000000" : 7840,
            "90.000000" : 9024,
            "95.000000" : 10432,
            "99.000000" : 15936,
            "99.500000" : 22144,
            "99.900000" : 130560,
            "99.950000" : 252928,
            "99.990000" : 864256
          }
        },
        "lat_ns" : {
          "min" : 2369,
          "max" : 5505247,
          "mean" : 7132.842692,
          "stddev" : 19623.204689,
          "N" : 15156011
        },
        "bw_min" : 875974,
        "bw_max" : 1159110,
        "bw_agg" : 100.000000,
        "bw_mean" : 1011325.319328,
        "bw_dev" : 7975.879208,
        "bw_samples" : 833,
        "iops_min" : 218993,
        "iops_max" : 289777,
        "iops_mean" : 252829.957983,
        "iops_stddev" : 1993.954797,
        "iops_samples" : 833
      },
      "trim" : {
        "io_bytes" : 0,
        "io_kbytes" : 0,
        "bw_bytes" : 0,
        "bw" : 0,
        "iops" : 0.000000,
        "runtime" : 0,
        "total_ios" : 0,
        "short_ios" : 0,
        "drop_ios" : 0,
        "slat_ns" : {
          "min" : 0,
          "max" : 0,
          "mean" : 0.000000,
          "stddev" : 0.000000,
          "N" : 0
        },
        "clat_ns" : {
          "min" : 0,
          "max" : 0,
          "mean" : 0.000000,
          "stddev" : 0.000000,
          "N" : 0
        },
        "lat_ns" : {
          "min" : 0,
          "max" : 0,
          "mean" : 0.000000,
          "stddev" : 0.000000,
          "N" : 0
        },
        "bw_min" : 0,
        "bw_max" : 0,
        "bw_agg" : 0.000000,
        "bw_mean" : 0.000000,
        "bw_dev" : 0.000000,
        "bw_samples" : 0,
        "iops_min" : 0,
        "iops_max" : 0,
        "iops_mean" : 0.000000,
        "iops_stddev" : 0.000000,
        "iops_samples" : 0
      },
      "sync" : {
        "total_ios" : 118406,
        "lat_ns" : {
          "min" : 646475,
          "max" : 82724731,
          "mean" : 2568043.356975,
          "stddev" : 948515.349396,
          "N" : 118406,
          "percentile" : {
            "1.000000" : 1056768,
            "5.000000" : 1417216,
            "10.000000" : 1662976,
            "20.000000" : 1974272,
            "30.000000" : 2211840,
            "40.000000" : 2408448,
            "50.000000" : 2572288,
            "60.000000" : 2736128,
            "70.000000" : 2899968,
            "80.000000" : 3096576,
            "90.000000" : 3391488,
            "95.000000" : 3653632,
            "99.000000" : 4423680,
            "99.500000" : 4947968,
            "99.900000" : 6455296,
            "99.950000" : 12779520,
            "99.990000" : 15532032
          }
        }
      },
      "job_runtime" : 420001,
      "usr_cpu" : 4.199990,
      "sys_cpu" : 79.711953,
      "ctx" : 574080,
      "majf" : 0,
      "minf" : 0,
      "iodepth_level" : {
        "1" : 100.781248,
        "2" : 0.000000,
        "4" : 0.000000,
        "8" : 0.000000,
        "16" : 0.000000,
        "32" : 0.000000,
        ">=64" : 0.000000
      },
      "iodepth_submit" : {
        "0" : 0.000000,
        "4" : 100.000000,
        "8" : 0.000000,
        "16" : 0.000000,
        "32" : 0.000000,
        "64" : 0.000000,
        ">=64" : 0.000000
      },
      "iodepth_complete" : {
        "0" : 0.000000,
        "4" : 100.000000,
        "8" : 0.000000,
        "16" : 0.000000,
        "32" : 0.000000,
        "64" : 0.000000,
        ">=64" : 0.000000
      },
      "latency_ns" : {
        "2" : 0.000000,
        "4" : 0.000000,
        "10" : 0.000000,
        "20" : 0.000000,
        "50" : 0.000000,
        "100" : 0.000000,
        "250" : 0.000000,
        "500" : 0.000000,
        "750" : 0.000000,
        "1000" : 0.000000
      },
      "latency_us" : {
        "2" : 0.000000,
        "4" : 4.558713,
        "10" : 89.482397,
        "20" : 5.360480,
        "50" : 0.345375,
        "100" : 0.113348,
        "250" : 0.088968,
        "500" : 0.026221,
        "750" : 0.011118,
        "1000" : 0.010000
      },
      "latency_ms" : {
        "2" : 0.010000,
        "4" : 0.010000,
        "10" : 0.010000,
        "20" : 0.000000,
        "50" : 0.000000,
        "100" : 0.000000,
        "250" : 0.000000,
        "500" : 0.000000,
        "750" : 0.000000,
        "1000" : 0.000000,
        "2000" : 0.000000,
        ">=2000" : 0.000000
      },
      "latency_depth" : 1,
      "latency_target" : 0,
      "latency_percentile" : 100.000000,
      "latency_window" : 0
    }
  ],
  "disk_util" : [
    {
      "name" : "nullb0",
      "read_ios" : 0,
      "write_ios" : 1423,
      "read_merges" : 0,
      "write_merges" : 63,
      "read_ticks" : 0,
      "write_ticks" : 6356,
      "in_queue" : 6356,
      "util" : 0.610415
    }
  ]
}
