{
  "fio version" : "fio-3.32-10-g6b6f5-dirty",
  "timestamp" : 1676741348,
  "timestamp_ms" : 1676741348302,
  "time" : "Sat Feb 18 17:29:08 2023",
  "global options" : {
    "name" : "zns-fio",
    "directory" : "/mnt/f2fs",
    "size" : "80G",
    "ioengine" : "psync",
    "iodepth" : "1",
    "rw" : "write",
    "bs" : "4K",
    "runtime" : "1m",
    "ramp_time" : "30s",
    "ioscheduler" : "mq-deadline",
    "thread" : "1"
  },
  "jobs" : [
    {
      "jobname" : "hot-file",
      "groupid" : 0,
      "error" : 0,
      "eta" : 0,
      "elapsed" : 91,
      "job options" : {
        "numjobs" : "6",
        "fsync" : "128",
        "write_hint" : "short"
      },
      "read" : {
        "io_bytes" : 0,
        "io_kbytes" : 0,
        "bw_bytes" : 0,
        "bw" : 0,
        "iops" : 0.000000,
        "runtime" : 0,
        "total_ios" : 0,
        "short_ios" : 0,
        "drop_ios" : 0,
        "slat_ns" : {
          "min" : 0,
          "max" : 0,
          "mean" : 0.000000,
          "stddev" : 0.000000,
          "N" : 0
        },
        "clat_ns" : {
          "min" : 0,
          "max" : 0,
          "mean" : 0.000000,
          "stddev" : 0.000000,
          "N" : 0
        },
        "lat_ns" : {
          "min" : 0,
          "max" : 0,
          "mean" : 0.000000,
          "stddev" : 0.000000,
          "N" : 0
        },
        "bw_min" : 0,
        "bw_max" : 0,
        "bw_agg" : 0.000000,
        "bw_mean" : 0.000000,
        "bw_dev" : 0.000000,
        "bw_samples" : 0,
        "iops_min" : 0,
        "iops_max" : 0,
        "iops_mean" : 0.000000,
        "iops_stddev" : 0.000000,
        "iops_samples" : 0
      },
      "write" : {
        "io_bytes" : 61168250880,
        "io_kbytes" : 59734620,
        "bw_bytes" : 1019453857,
        "bw" : 995560,
        "iops" : 248890.101832,
        "runtime" : 60001,
        "total_ios" : 14933655,
        "short_ios" : 0,
        "drop_ios" : 0,
        "slat_ns" : {
          "min" : 0,
          "max" : 0,
          "mean" : 0.000000,
          "stddev" : 0.000000,
          "N" : 0
        },
        "clat_ns" : {
          "min" : 2343,
          "max" : 7574204,
          "mean" : 6961.149547,
          "stddev" : 18555.865463,
          "N" : 14933655,
          "percentile" : {
            "1.000000" : 3568,
            "5.000000" : 4048,
            "10.000000" : 4320,
            "20.000000" : 4768,
            "30.000000" : 5152,
            "40.000000" : 5536,
            "50.000000" : 5920,
            "60.000000" : 6496,
            "70.000000" : 7136,
            "80.000000" : 7840,
            "90.000000" : 9024,
            "95.000000" : 10432,
            "99.000000" : 15808,
            "99.500000" : 22144,
            "99.900000" : 124416,
            "99.950000" : 214016,
            "99.990000" : 815104
          }
        },
        "lat_ns" : {
          "min" : 2419,
          "max" : 7574315,
          "mean" : 7117.626725,
          "stddev" : 18586.426567,
          "N" : 14933655
        },
        "bw_min" : 840697,
        "bw_max" : 1212258,
        "bw_agg" : 100.000000,
        "bw_mean" : 996949.000000,
        "bw_dev" : 11805.773545,
        "bw_samples" : 714,
        "iops_min" : 210174,
        "iops_max" : 303063,
        "iops_mean" : 249236.327731,
        "iops_stddev" : 2951.455532,
        "iops_samples" : 714
      },
      "trim" : {
        "io_bytes" : 0,
        "io_kbytes" : 0,
        "bw_bytes" : 0,
        "bw" : 0,
        "iops" : 0.000000,
        "runtime" : 0,
        "total_ios" : 0,
        "short_ios" : 0,
        "drop_ios" : 0,
        "slat_ns" : {
          "min" : 0,
          "max" : 0,
          "mean" : 0.000000,
          "stddev" : 0.000000,
          "N" : 0
        },
        "clat_ns" : {
          "min" : 0,
          "max" : 0,
          "mean" : 0.000000,
          "stddev" : 0.000000,
          "N" : 0
        },
        "lat_ns" : {
          "min" : 0,
          "max" : 0,
          "mean" : 0.000000,
          "stddev" : 0.000000,
          "N" : 0
        },
        "bw_min" : 0,
        "bw_max" : 0,
        "bw_agg" : 0.000000,
        "bw_mean" : 0.000000,
        "bw_dev" : 0.000000,
        "bw_samples" : 0,
        "iops_min" : 0,
        "iops_max" : 0,
        "iops_mean" : 0.000000,
        "iops_stddev" : 0.000000,
        "iops_samples" : 0
      },
      "sync" : {
        "total_ios" : 116669,
        "lat_ns" : {
          "min" : 548939,
          "max" : 69728698,
          "mean" : 2105872.358956,
          "stddev" : 823104.856335,
          "N" : 116669,
          "percentile" : {
            "1.000000" : 880640,
            "5.000000" : 1122304,
            "10.000000" : 1302528,
            "20.000000" : 1548288,
            "30.000000" : 1744896,
            "40.000000" : 1908736,
            "50.000000" : 2072576,
            "60.000000" : 2244608,
            "70.000000" : 2408448,
            "80.000000" : 2605056,
            "90.000000" : 2899968,
            "95.000000" : 3129344,
            "99.000000" : 3817472,
            "99.500000" : 4227072,
            "99.900000" : 5537792,
            "99.950000" : 12648448,
            "99.990000" : 14876672
          }
        }
      },
      "job_runtime" : 360000,
      "usr_cpu" : 5.107778,
      "sys_cpu" : 77.718056,
      "ctx" : 551814,
      "majf" : 0,
      "minf" : 0,
      "iodepth_level" : {
        "1" : 100.781249,
        "2" : 0.000000,
        "4" : 0.000000,
        "8" : 0.000000,
        "16" : 0.000000,
        "32" : 0.000000,
        ">=64" : 0.000000
      },
      "iodepth_submit" : {
        "0" : 0.000000,
        "4" : 100.000000,
        "8" : 0.000000,
        "16" : 0.000000,
        "32" : 0.000000,
        "64" : 0.000000,
        ">=64" : 0.000000
      },
      "iodepth_complete" : {
        "0" : 0.000000,
        "4" : 100.000000,
        "8" : 0.000000,
        "16" : 0.000000,
        "32" : 0.000000,
        "64" : 0.000000,
        ">=64" : 0.000000
      },
      "latency_ns" : {
        "2" : 0.000000,
        "4" : 0.000000,
        "10" : 0.000000,
        "20" : 0.000000,
        "50" : 0.000000,
        "100" : 0.000000,
        "250" : 0.000000,
        "500" : 0.000000,
        "750" : 0.000000,
        "1000" : 0.000000
      },
      "latency_us" : {
        "2" : 0.000000,
        "4" : 4.512619,
        "10" : 89.539165,
        "20" : 5.356050,
        "50" : 0.361017,
        "100" : 0.098054,
        "250" : 0.090614,
        "500" : 0.020805,
        "750" : 0.010000,
        "1000" : 0.010000
      },
      "latency_ms" : {
        "2" : 0.010000,
        "4" : 0.010000,
        "10" : 0.010000,
        "20" : 0.000000,
        "50" : 0.000000,
        "100" : 0.000000,
        "250" : 0.000000,
        "500" : 0.000000,
        "750" : 0.000000,
        "1000" : 0.000000,
        "2000" : 0.000000,
        ">=2000" : 0.000000
      },
      "latency_depth" : 1,
      "latency_target" : 0,
      "latency_percentile" : 100.000000,
      "latency_window" : 0
    }
  ],
  "disk_util" : [
    {
      "name" : "nullb0",
      "read_ios" : 0,
      "write_ios" : 1370,
      "read_merges" : 0,
      "write_merges" : 67,
      "read_ticks" : 0,
      "write_ticks" : 5344,
      "in_queue" : 5344,
      "util" : 0.610415
    }
  ]
}
