{
  "fio version" : "fio-3.32-10-g6b6f5-dirty",
  "timestamp" : 1676740943,
  "timestamp_ms" : 1676740943075,
  "time" : "Sat Feb 18 17:22:23 2023",
  "global options" : {
    "name" : "zns-fio",
    "directory" : "/mnt/f2fs",
    "size" : "80G",
    "ioengine" : "psync",
    "iodepth" : "1",
    "rw" : "write",
    "bs" : "4K",
    "runtime" : "1m",
    "ramp_time" : "30s",
    "ioscheduler" : "mq-deadline",
    "thread" : "1"
  },
  "jobs" : [
    {
      "jobname" : "hot-file",
      "groupid" : 0,
      "error" : 0,
      "eta" : 0,
      "elapsed" : 91,
      "job options" : {
        "numjobs" : "2",
        "fsync" : "128",
        "write_hint" : "short"
      },
      "read" : {
        "io_bytes" : 0,
        "io_kbytes" : 0,
        "bw_bytes" : 0,
        "bw" : 0,
        "iops" : 0.000000,
        "runtime" : 0,
        "total_ios" : 0,
        "short_ios" : 0,
        "drop_ios" : 0,
        "slat_ns" : {
          "min" : 0,
          "max" : 0,
          "mean" : 0.000000,
          "stddev" : 0.000000,
          "N" : 0
        },
        "clat_ns" : {
          "min" : 0,
          "max" : 0,
          "mean" : 0.000000,
          "stddev" : 0.000000,
          "N" : 0
        },
        "lat_ns" : {
          "min" : 0,
          "max" : 0,
          "mean" : 0.000000,
          "stddev" : 0.000000,
          "N" : 0
        },
        "bw_min" : 0,
        "bw_max" : 0,
        "bw_agg" : 0.000000,
        "bw_mean" : 0.000000,
        "bw_dev" : 0.000000,
        "bw_samples" : 0,
        "iops_min" : 0,
        "iops_max" : 0,
        "iops_mean" : 0.000000,
        "iops_stddev" : 0.000000,
        "iops_samples" : 0
      },
      "write" : {
        "io_bytes" : 40752959488,
        "io_kbytes" : 39797812,
        "bw_bytes" : 679204671,
        "bw" : 663285,
        "iops" : 165821.452976,
        "runtime" : 60001,
        "total_ios" : 9949453,
        "short_ios" : 0,
        "drop_ios" : 0,
        "slat_ns" : {
          "min" : 0,
          "max" : 0,
          "mean" : 0.000000,
          "stddev" : 0.000000,
          "N" : 0
        },
        "clat_ns" : {
          "min" : 1762,
          "max" : 3249969,
          "mean" : 5026.123838,
          "stddev" : 10259.114894,
          "N" : 9949453,
          "percentile" : {
            "1.000000" : 2512,
            "5.000000" : 2704,
            "10.000000" : 2832,
            "20.000000" : 3248,
            "30.000000" : 3632,
            "40.000000" : 3920,
            "50.000000" : 4192,
            "60.000000" : 4640,
            "70.000000" : 5152,
            "80.000000" : 5984,
            "90.000000" : 7392,
            "95.000000" : 8512,
            "99.000000" : 12864,
            "99.500000" : 17024,
            "99.900000" : 94720,
            "99.950000" : 152576,
            "99.990000" : 309248
          }
        },
        "lat_ns" : {
          "min" : 1817,
          "max" : 3250145,
          "mean" : 5111.078729,
          "stddev" : 10265.183593,
          "N" : 9949453
        },
        "bw_min" : 465288,
        "bw_max" : 949195,
        "bw_agg" : 100.000000,
        "bw_mean" : 663646.621849,
        "bw_dev" : 54704.448195,
        "bw_samples" : 238,
        "iops_min" : 116322,
        "iops_max" : 237298,
        "iops_mean" : 165911.243697,
        "iops_stddev" : 13676.088922,
        "iops_samples" : 238
      },
      "trim" : {
        "io_bytes" : 0,
        "io_kbytes" : 0,
        "bw_bytes" : 0,
        "bw" : 0,
        "iops" : 0.000000,
        "runtime" : 0,
        "total_ios" : 0,
        "short_ios" : 0,
        "drop_ios" : 0,
        "slat_ns" : {
          "min" : 0,
          "max" : 0,
          "mean" : 0.000000,
          "stddev" : 0.000000,
          "N" : 0
        },
        "clat_ns" : {
          "min" : 0,
          "max" : 0,
          "mean" : 0.000000,
          "stddev" : 0.000000,
          "N" : 0
        },
        "lat_ns" : {
          "min" : 0,
          "max" : 0,
          "mean" : 0.000000,
          "stddev" : 0.000000,
          "N" : 0
        },
        "bw_min" : 0,
        "bw_max" : 0,
        "bw_agg" : 0.000000,
        "bw_mean" : 0.000000,
        "bw_dev" : 0.000000,
        "bw_samples" : 0,
        "iops_min" : 0,
        "iops_max" : 0,
        "iops_mean" : 0.000000,
        "iops_stddev" : 0.000000,
        "iops_samples" : 0
      },
      "sync" : {
        "total_ios" : 77730,
        "lat_ns" : {
          "min" : 429062,
          "max" : 72597469,
          "mean" : 835087.367812,
          "stddev" : 516871.606846,
          "N" : 77730,
          "percentile" : {
            "1.000000" : 464896,
            "5.000000" : 497664,
            "10.000000" : 536576,
            "20.000000" : 602112,
            "30.000000" : 651264,
            "40.000000" : 708608,
            "50.000000" : 757760,
            "60.000000" : 823296,
            "70.000000" : 921600,
            "80.000000" : 1056768,
            "90.000000" : 1220608,
            "95.000000" : 1335296,
            "99.000000" : 1613824,
            "99.500000" : 1744896,
            "99.900000" : 2441216,
            "99.950000" : 5275648,
            "99.990000" : 12779520
          }
        }
      },
      "job_runtime" : 120000,
      "usr_cpu" : 7.620000,
      "sys_cpu" : 71.520000,
      "ctx" : 336903,
      "majf" : 0,
      "minf" : 0,
      "iodepth_level" : {
        "1" : 100.781249,
        "2" : 0.000000,
        "4" : 0.000000,
        "8" : 0.000000,
        "16" : 0.000000,
        "32" : 0.000000,
        ">=64" : 0.000000
      },
      "iodepth_submit" : {
        "0" : 0.000000,
        "4" : 100.000000,
        "8" : 0.000000,
        "16" : 0.000000,
        "32" : 0.000000,
        "64" : 0.000000,
        ">=64" : 0.000000
      },
      "iodepth_complete" : {
        "0" : 0.000000,
        "4" : 100.000000,
        "8" : 0.000000,
        "16" : 0.000000,
        "32" : 0.000000,
        "64" : 0.000000,
        ">=64" : 0.000000
      },
      "latency_ns" : {
        "2" : 0.000000,
        "4" : 0.000000,
        "10" : 0.000000,
        "20" : 0.000000,
        "50" : 0.000000,
        "100" : 0.000000,
        "250" : 0.000000,
        "500" : 0.000000,
        "750" : 0.000000,
        "1000" : 0.000000
      },
      "latency_us" : {
        "2" : 0.010000,
        "4" : 43.301114,
        "10" : 54.177933,
        "20" : 2.159234,
        "50" : 0.248888,
        "100" : 0.016996,
        "250" : 0.069732,
        "500" : 0.022132,
        "750" : 0.010000,
        "1000" : 0.010000
      },
      "latency_ms" : {
        "2" : 0.010000,
        "4" : 0.010000,
        "10" : 0.000000,
        "20" : 0.000000,
        "50" : 0.000000,
        "100" : 0.000000,
        "250" : 0.000000,
        "500" : 0.000000,
        "750" : 0.000000,
        "1000" : 0.000000,
        "2000" : 0.000000,
        ">=2000" : 0.000000
      },
      "latency_depth" : 1,
      "latency_target" : 0,
      "latency_percentile" : 100.000000,
      "latency_window" : 0
    }
  ],
  "disk_util" : [
    {
      "name" : "nullb0",
      "read_ios" : 90,
      "write_ios" : 788,
      "read_merges" : 0,
      "write_merges" : 37,
      "read_ticks" : 5,
      "write_ticks" : 14485,
      "in_queue" : 14489,
      "util" : 0.521297
    }
  ]
}
