{
  "fio version" : "fio-3.32-10-g6b6f5-dirty",
  "timestamp" : 1676743783,
  "timestamp_ms" : 1676743783148,
  "time" : "Sat Feb 18 18:09:43 2023",
  "global options" : {
    "name" : "zns-fio",
    "directory" : "/mnt/f2fs",
    "size" : "80G",
    "ioengine" : "psync",
    "iodepth" : "1",
    "rw" : "write",
    "bs" : "4K",
    "runtime" : "1m",
    "ramp_time" : "30s",
    "ioscheduler" : "mq-deadline",
    "thread" : "1"
  },
  "jobs" : [
    {
      "jobname" : "hot-file",
      "groupid" : 0,
      "error" : 0,
      "eta" : 0,
      "elapsed" : 91,
      "job options" : {
        "numjobs" : "8",
        "fsync" : "128",
        "write_hint" : "short"
      },
      "read" : {
        "io_bytes" : 0,
        "io_kbytes" : 0,
        "bw_bytes" : 0,
        "bw" : 0,
        "iops" : 0.000000,
        "runtime" : 0,
        "total_ios" : 0,
        "short_ios" : 0,
        "drop_ios" : 0,
        "slat_ns" : {
          "min" : 0,
          "max" : 0,
          "mean" : 0.000000,
          "stddev" : 0.000000,
          "N" : 0
        },
        "clat_ns" : {
          "min" : 0,
          "max" : 0,
          "mean" : 0.000000,
          "stddev" : 0.000000,
          "N" : 0
        },
        "lat_ns" : {
          "min" : 0,
          "max" : 0,
          "mean" : 0.000000,
          "stddev" : 0.000000,
          "N" : 0
        },
        "bw_min" : 0,
        "bw_max" : 0,
        "bw_agg" : 0.000000,
        "bw_mean" : 0.000000,
        "bw_dev" : 0.000000,
        "bw_samples" : 0,
        "iops_min" : 0,
        "iops_max" : 0,
        "iops_mean" : 0.000000,
        "iops_stddev" : 0.000000,
        "iops_samples" : 0
      },
      "write" : {
        "io_bytes" : 41648390144,
        "io_kbytes" : 40672256,
        "bw_bytes" : 694093562,
        "bw" : 677825,
        "iops" : 169456.436238,
        "runtime" : 60004,
        "total_ios" : 10168064,
        "short_ios" : 0,
        "drop_ios" : 0,
        "slat_ns" : {
          "min" : 0,
          "max" : 0,
          "mean" : 0.000000,
          "stddev" : 0.000000,
          "N" : 0
        },
        "clat_ns" : {
          "min" : 2942,
          "max" : 8115984,
          "mean" : 11852.972058,
          "stddev" : 60995.831009,
          "N" : 10168064,
          "percentile" : {
            "1.000000" : 5344,
            "5.000000" : 6688,
            "10.000000" : 7136,
            "20.000000" : 7712,
            "30.000000" : 8160,
            "40.000000" : 8512,
            "50.000000" : 8896,
            "60.000000" : 9280,
            "70.000000" : 9920,
            "80.000000" : 11072,
            "90.000000" : 12992,
            "95.000000" : 15168,
            "99.000000" : 30080,
            "99.500000" : 45824,
            "99.900000" : 528384,
            "99.950000" : 1204224,
            "99.990000" : 3227648
          }
        },
        "lat_ns" : {
          "min" : 3002,
          "max" : 8117050,
          "mean" : 12086.078762,
          "stddev" : 61207.836294,
          "N" : 10168064
        },
        "bw_min" : 598599,
        "bw_max" : 781591,
        "bw_agg" : 100.000000,
        "bw_mean" : 679118.773109,
        "bw_dev" : 3741.944787,
        "bw_samples" : 952,
        "iops_min" : 149649,
        "iops_max" : 195394,
        "iops_mean" : 169779.058824,
        "iops_stddev" : 935.492493,
        "iops_samples" : 952
      },
      "trim" : {
        "io_bytes" : 0,
        "io_kbytes" : 0,
        "bw_bytes" : 0,
        "bw" : 0,
        "iops" : 0.000000,
        "runtime" : 0,
        "total_ios" : 0,
        "short_ios" : 0,
        "drop_ios" : 0,
        "slat_ns" : {
          "min" : 0,
          "max" : 0,
          "mean" : 0.000000,
          "stddev" : 0.000000,
          "N" : 0
        },
        "clat_ns" : {
          "min" : 0,
          "max" : 0,
          "mean" : 0.000000,
          "stddev" : 0.000000,
          "N" : 0
        },
        "lat_ns" : {
          "min" : 0,
          "max" : 0,
          "mean" : 0.000000,
          "stddev" : 0.000000,
          "N" : 0
        },
        "bw_min" : 0,
        "bw_max" : 0,
        "bw_agg" : 0.000000,
        "bw_mean" : 0.000000,
        "bw_dev" : 0.000000,
        "bw_samples" : 0,
        "iops_min" : 0,
        "iops_max" : 0,
        "iops_mean" : 0.000000,
        "iops_stddev" : 0.000000,
        "iops_samples" : 0
      },
      "sync" : {
        "total_ios" : 79438,
        "lat_ns" : {
          "min" : 718585,
          "max" : 24680837,
          "mean" : 4371905.173809,
          "stddev" : 1700182.573565,
          "N" : 79438,
          "percentile" : {
            "1.000000" : 1449984,
            "5.000000" : 2056192,
            "10.000000" : 2441216,
            "20.000000" : 2899968,
            "30.000000" : 3325952,
            "40.000000" : 3751936,
            "50.000000" : 4145152,
            "60.000000" : 4554752,
            "70.000000" : 5079040,
            "80.000000" : 5668864,
            "90.000000" : 6586368,
            "95.000000" : 7438336,
            "99.000000" : 9371648,
            "99.500000" : 10158080,
            "99.900000" : 12255232,
            "99.950000" : 13434880,
            "99.990000" : 16318464
          }
        }
      },
      "job_runtime" : 480014,
      "usr_cpu" : 4.306958,
      "sys_cpu" : 58.829951,
      "ctx" : 1366877,
      "majf" : 0,
      "minf" : 0,
      "iodepth_level" : {
        "1" : 100.781250,
        "2" : 0.000000,
        "4" : 0.000000,
        "8" : 0.000000,
        "16" : 0.000000,
        "32" : 0.000000,
        ">=64" : 0.000000
      },
      "iodepth_submit" : {
        "0" : 0.000000,
        "4" : 100.000000,
        "8" : 0.000000,
        "16" : 0.000000,
        "32" : 0.000000,
        "64" : 0.000000,
        ">=64" : 0.000000
      },
      "iodepth_complete" : {
        "0" : 0.000000,
        "4" : 100.000000,
        "8" : 0.000000,
        "16" : 0.000000,
        "32" : 0.000000,
        "64" : 0.000000,
        ">=64" : 0.000000
      },
      "latency_ns" : {
        "2" : 0.000000,
        "4" : 0.000000,
        "10" : 0.000000,
        "20" : 0.000000,
        "50" : 0.000000,
        "100" : 0.000000,
        "250" : 0.000000,
        "500" : 0.000000,
        "750" : 0.000000,
        "1000" : 0.000000
      },
      "latency_us" : {
        "2" : 0.000000,
        "4" : 0.070554,
        "10" : 70.297482,
        "20" : 27.530914,
        "50" : 1.635533,
        "100" : 0.128825,
        "250" : 0.160768,
        "500" : 0.073052,
        "750" : 0.028540,
        "1000" : 0.015903
      },
      "latency_ms" : {
        "2" : 0.027341,
        "4" : 0.029809,
        "10" : 0.010000,
        "20" : 0.000000,
        "50" : 0.000000,
        "100" : 0.000000,
        "250" : 0.000000,
        "500" : 0.000000,
        "750" : 0.000000,
        "1000" : 0.000000,
        "2000" : 0.000000,
        ">=2000" : 0.000000
      },
      "latency_depth" : 1,
      "latency_target" : 0,
      "latency_percentile" : 100.000000,
      "latency_window" : 0
    }
  ],
  "disk_util" : [
    {
      "name" : "nullb0",
      "read_ios" : 0,
      "write_ios" : 911,
      "read_merges" : 0,
      "write_merges" : 41,
      "read_ticks" : 0,
      "write_ticks" : 32134,
      "in_queue" : 32134,
      "util" : 1.644697
    }
  ]
}
