{
  "fio version" : "fio-3.32-10-g6b6f5-dirty",
  "timestamp" : 1676743473,
  "timestamp_ms" : 1676743473412,
  "time" : "Sat Feb 18 18:04:33 2023",
  "global options" : {
    "name" : "zns-fio",
    "directory" : "/mnt/f2fs",
    "size" : "80G",
    "ioengine" : "psync",
    "iodepth" : "1",
    "rw" : "write",
    "bs" : "4K",
    "runtime" : "1m",
    "ramp_time" : "30s",
    "ioscheduler" : "mq-deadline",
    "thread" : "1"
  },
  "jobs" : [
    {
      "jobname" : "hot-file",
      "groupid" : 0,
      "error" : 0,
      "eta" : 0,
      "elapsed" : 91,
      "job options" : {
        "numjobs" : "5",
        "fsync" : "128",
        "write_hint" : "short"
      },
      "read" : {
        "io_bytes" : 0,
        "io_kbytes" : 0,
        "bw_bytes" : 0,
        "bw" : 0,
        "iops" : 0.000000,
        "runtime" : 0,
        "total_ios" : 0,
        "short_ios" : 0,
        "drop_ios" : 0,
        "slat_ns" : {
          "min" : 0,
          "max" : 0,
          "mean" : 0.000000,
          "stddev" : 0.000000,
          "N" : 0
        },
        "clat_ns" : {
          "min" : 0,
          "max" : 0,
          "mean" : 0.000000,
          "stddev" : 0.000000,
          "N" : 0
        },
        "lat_ns" : {
          "min" : 0,
          "max" : 0,
          "mean" : 0.000000,
          "stddev" : 0.000000,
          "N" : 0
        },
        "bw_min" : 0,
        "bw_max" : 0,
        "bw_agg" : 0.000000,
        "bw_mean" : 0.000000,
        "bw_dev" : 0.000000,
        "bw_samples" : 0,
        "iops_min" : 0,
        "iops_max" : 0,
        "iops_mean" : 0.000000,
        "iops_stddev" : 0.000000,
        "iops_samples" : 0
      },
      "write" : {
        "io_bytes" : 41102798848,
        "io_kbytes" : 40139452,
        "bw_bytes" : 685035230,
        "bw" : 668979,
        "iops" : 167244.929251,
        "runtime" : 60001,
        "total_ios" : 10034863,
        "short_ios" : 0,
        "drop_ios" : 0,
        "slat_ns" : {
          "min" : 0,
          "max" : 0,
          "mean" : 0.000000,
          "stddev" : 0.000000,
          "N" : 0
        },
        "clat_ns" : {
          "min" : 3241,
          "max" : 7915311,
          "mean" : 9496.728895,
          "stddev" : 36663.580180,
          "N" : 10034863,
          "percentile" : {
            "1.000000" : 4448,
            "5.000000" : 5472,
            "10.000000" : 6048,
            "20.000000" : 6688,
            "30.000000" : 6944,
            "40.000000" : 7136,
            "50.000000" : 7392,
            "60.000000" : 7776,
            "70.000000" : 8384,
            "80.000000" : 9664,
            "90.000000" : 11328,
            "95.000000" : 12864,
            "99.000000" : 24704,
            "99.500000" : 39168,
            "99.900000" : 305152,
            "99.950000" : 667648,
            "99.990000" : 1892352
          }
        },
        "lat_ns" : {
          "min" : 3327,
          "max" : 7915499,
          "mean" : 9722.936735,
          "stddev" : 36884.124354,
          "N" : 10034863
        },
        "bw_min" : 569695,
        "bw_max" : 755490,
        "bw_agg" : 100.000000,
        "bw_mean" : 669789.966387,
        "bw_dev" : 7288.055948,
        "bw_samples" : 595,
        "iops_min" : 142420,
        "iops_max" : 188871,
        "iops_mean" : 167446.806723,
        "iops_stddev" : 1822.018485,
        "iops_samples" : 595
      },
      "trim" : {
        "io_bytes" : 0,
        "io_kbytes" : 0,
        "bw_bytes" : 0,
        "bw" : 0,
        "iops" : 0.000000,
        "runtime" : 0,
        "total_ios" : 0,
        "short_ios" : 0,
        "drop_ios" : 0,
        "slat_ns" : {
          "min" : 0,
          "max" : 0,
          "mean" : 0.000000,
          "stddev" : 0.000000,
          "N" : 0
        },
        "clat_ns" : {
          "min" : 0,
          "max" : 0,
          "mean" : 0.000000,
          "stddev" : 0.000000,
          "N" : 0
        },
        "lat_ns" : {
          "min" : 0,
          "max" : 0,
          "mean" : 0.000000,
          "stddev" : 0.000000,
          "N" : 0
        },
        "bw_min" : 0,
        "bw_max" : 0,
        "bw_agg" : 0.000000,
        "bw_mean" : 0.000000,
        "bw_dev" : 0.000000,
        "bw_samples" : 0,
        "iops_min" : 0,
        "iops_max" : 0,
        "iops_mean" : 0.000000,
        "iops_stddev" : 0.000000,
        "iops_samples" : 0
      },
      "sync" : {
        "total_ios" : 78396,
        "lat_ns" : {
          "min" : 614742,
          "max" : 21487009,
          "mean" : 2448465.453658,
          "stddev" : 1011510.215825,
          "N" : 78396,
          "percentile" : {
            "1.000000" : 970752,
            "5.000000" : 1171456,
            "10.000000" : 1368064,
            "20.000000" : 1646592,
            "30.000000" : 1843200,
            "40.000000" : 2039808,
            "50.000000" : 2244608,
            "60.000000" : 2506752,
            "70.000000" : 2768896,
            "80.000000" : 3129344,
            "90.000000" : 3719168,
            "95.000000" : 4358144,
            "99.000000" : 5734400,
            "99.500000" : 6258688,
            "99.900000" : 7634944,
            "99.950000" : 8585216,
            "99.990000" : 13172736
          }
        }
      },
      "job_runtime" : 300000,
      "usr_cpu" : 6.852667,
      "sys_cpu" : 60.401667,
      "ctx" : 1109260,
      "majf" : 0,
      "minf" : 0,
      "iodepth_level" : {
        "1" : 100.781236,
        "2" : 0.000000,
        "4" : 0.000000,
        "8" : 0.000000,
        "16" : 0.000000,
        "32" : 0.000000,
        ">=64" : 0.000000
      },
      "iodepth_submit" : {
        "0" : 0.000000,
        "4" : 100.000000,
        "8" : 0.000000,
        "16" : 0.000000,
        "32" : 0.000000,
        "64" : 0.000000,
        ">=64" : 0.000000
      },
      "iodepth_complete" : {
        "0" : 0.000000,
        "4" : 100.000000,
        "8" : 0.000000,
        "16" : 0.000000,
        "32" : 0.000000,
        "64" : 0.000000,
        ">=64" : 0.000000
      },
      "latency_ns" : {
        "2" : 0.000000,
        "4" : 0.000000,
        "10" : 0.000000,
        "20" : 0.000000,
        "50" : 0.000000,
        "100" : 0.000000,
        "250" : 0.000000,
        "500" : 0.000000,
        "750" : 0.000000,
        "1000" : 0.000000
      },
      "latency_us" : {
        "2" : 0.000000,
        "4" : 0.284618,
        "10" : 81.513739,
        "20" : 16.863728,
        "50" : 0.938907,
        "100" : 0.145433,
        "250" : 0.132199,
        "500" : 0.055307,
        "750" : 0.023040,
        "1000" : 0.012775
      },
      "latency_ms" : {
        "2" : 0.021625,
        "4" : 0.010000,
        "10" : 0.010000,
        "20" : 0.000000,
        "50" : 0.000000,
        "100" : 0.000000,
        "250" : 0.000000,
        "500" : 0.000000,
        "750" : 0.000000,
        "1000" : 0.000000,
        "2000" : 0.000000,
        ">=2000" : 0.000000
      },
      "latency_depth" : 1,
      "latency_target" : 0,
      "latency_percentile" : 100.000000,
      "latency_window" : 0
    }
  ],
  "disk_util" : [
    {
      "name" : "nullb0",
      "read_ios" : 0,
      "write_ios" : 936,
      "read_merges" : 0,
      "write_merges" : 42,
      "read_ticks" : 0,
      "write_ticks" : 3175,
      "in_queue" : 3176,
      "util" : 0.392048
    }
  ]
}
