{
  "fio version" : "fio-3.32-10-g6b6f5-dirty",
  "timestamp" : 1676743372,
  "timestamp_ms" : 1676743372022,
  "time" : "Sat Feb 18 18:02:52 2023",
  "global options" : {
    "name" : "zns-fio",
    "directory" : "/mnt/f2fs",
    "size" : "80G",
    "ioengine" : "psync",
    "iodepth" : "1",
    "rw" : "write",
    "bs" : "4K",
    "runtime" : "1m",
    "ramp_time" : "30s",
    "ioscheduler" : "mq-deadline",
    "thread" : "1"
  },
  "jobs" : [
    {
      "jobname" : "hot-file",
      "groupid" : 0,
      "error" : 0,
      "eta" : 0,
      "elapsed" : 91,
      "job options" : {
        "numjobs" : "4",
        "fsync" : "128",
        "write_hint" : "short"
      },
      "read" : {
        "io_bytes" : 0,
        "io_kbytes" : 0,
        "bw_bytes" : 0,
        "bw" : 0,
        "iops" : 0.000000,
        "runtime" : 0,
        "total_ios" : 0,
        "short_ios" : 0,
        "drop_ios" : 0,
        "slat_ns" : {
          "min" : 0,
          "max" : 0,
          "mean" : 0.000000,
          "stddev" : 0.000000,
          "N" : 0
        },
        "clat_ns" : {
          "min" : 0,
          "max" : 0,
          "mean" : 0.000000,
          "stddev" : 0.000000,
          "N" : 0
        },
        "lat_ns" : {
          "min" : 0,
          "max" : 0,
          "mean" : 0.000000,
          "stddev" : 0.000000,
          "N" : 0
        },
        "bw_min" : 0,
        "bw_max" : 0,
        "bw_agg" : 0.000000,
        "bw_mean" : 0.000000,
        "bw_dev" : 0.000000,
        "bw_samples" : 0,
        "iops_min" : 0,
        "iops_max" : 0,
        "iops_mean" : 0.000000,
        "iops_stddev" : 0.000000,
        "iops_samples" : 0
      },
      "write" : {
        "io_bytes" : 38184419328,
        "io_kbytes" : 37289472,
        "bw_bytes" : 636396382,
        "bw" : 621480,
        "iops" : 155370.210496,
        "runtime" : 60001,
        "total_ios" : 9322368,
        "short_ios" : 0,
        "drop_ios" : 0,
        "slat_ns" : {
          "min" : 0,
          "max" : 0,
          "mean" : 0.000000,
          "stddev" : 0.000000,
          "N" : 0
        },
        "clat_ns" : {
          "min" : 3247,
          "max" : 7644046,
          "mean" : 8767.218765,
          "stddev" : 27634.214234,
          "N" : 9322368,
          "percentile" : {
            "1.000000" : 4128,
            "5.000000" : 5088,
            "10.000000" : 5728,
            "20.000000" : 6496,
            "30.000000" : 6816,
            "40.000000" : 7008,
            "50.000000" : 7200,
            "60.000000" : 7392,
            "70.000000" : 7712,
            "80.000000" : 8896,
            "90.000000" : 10816,
            "95.000000" : 11968,
            "99.000000" : 22656,
            "99.500000" : 36608,
            "99.900000" : 232448,
            "99.950000" : 468992,
            "99.990000" : 1384448
          }
        },
        "lat_ns" : {
          "min" : 3321,
          "max" : 7644166,
          "mean" : 8963.787331,
          "stddev" : 27831.582071,
          "N" : 9322368
        },
        "bw_min" : 459224,
        "bw_max" : 707764,
        "bw_agg" : 100.000000,
        "bw_mean" : 621961.386555,
        "bw_dev" : 8540.891572,
        "bw_samples" : 476,
        "iops_min" : 114808,
        "iops_max" : 176940,
        "iops_mean" : 155490.134454,
        "iops_stddev" : 2135.191239,
        "iops_samples" : 476
      },
      "trim" : {
        "io_bytes" : 0,
        "io_kbytes" : 0,
        "bw_bytes" : 0,
        "bw" : 0,
        "iops" : 0.000000,
        "runtime" : 0,
        "total_ios" : 0,
        "short_ios" : 0,
        "drop_ios" : 0,
        "slat_ns" : {
          "min" : 0,
          "max" : 0,
          "mean" : 0.000000,
          "stddev" : 0.000000,
          "N" : 0
        },
        "clat_ns" : {
          "min" : 0,
          "max" : 0,
          "mean" : 0.000000,
          "stddev" : 0.000000,
          "N" : 0
        },
        "lat_ns" : {
          "min" : 0,
          "max" : 0,
          "mean" : 0.000000,
          "stddev" : 0.000000,
          "N" : 0
        },
        "bw_min" : 0,
        "bw_max" : 0,
        "bw_agg" : 0.000000,
        "bw_mean" : 0.000000,
        "bw_dev" : 0.000000,
        "bw_samples" : 0,
        "iops_min" : 0,
        "iops_max" : 0,
        "iops_mean" : 0.000000,
        "iops_stddev" : 0.000000,
        "iops_samples" : 0
      },
      "sync" : {
        "total_ios" : 72831,
        "lat_ns" : {
          "min" : 578799,
          "max" : 101358068,
          "mean" : 2034947.378671,
          "stddev" : 1071348.617787,
          "N" : 72831,
          "percentile" : {
            "1.000000" : 847872,
            "5.000000" : 1056768,
            "10.000000" : 1138688,
            "20.000000" : 1368064,
            "30.000000" : 1564672,
            "40.000000" : 1728512,
            "50.000000" : 1875968,
            "60.000000" : 2056192,
            "70.000000" : 2277376,
            "80.000000" : 2572288,
            "90.000000" : 3063808,
            "95.000000" : 3522560,
            "99.000000" : 4620288,
            "99.500000" : 5079040,
            "99.900000" : 6127616,
            "99.950000" : 6586368,
            "99.990000" : 8716288
          }
        }
      },
      "job_runtime" : 240000,
      "usr_cpu" : 7.452917,
      "sys_cpu" : 61.678333,
      "ctx" : 905421,
      "majf" : 0,
      "minf" : 0,
      "iodepth_level" : {
        "1" : 100.781250,
        "2" : 0.000000,
        "4" : 0.000000,
        "8" : 0.000000,
        "16" : 0.000000,
        "32" : 0.000000,
        ">=64" : 0.000000
      },
      "iodepth_submit" : {
        "0" : 0.000000,
        "4" : 100.000000,
        "8" : 0.000000,
        "16" : 0.000000,
        "32" : 0.000000,
        "64" : 0.000000,
        ">=64" : 0.000000
      },
      "iodepth_complete" : {
        "0" : 0.000000,
        "4" : 100.000000,
        "8" : 0.000000,
        "16" : 0.000000,
        "32" : 0.000000,
        "64" : 0.000000,
        ">=64" : 0.000000
      },
      "latency_ns" : {
        "2" : 0.000000,
        "4" : 0.000000,
        "10" : 0.000000,
        "20" : 0.000000,
        "50" : 0.000000,
        "100" : 0.000000,
        "250" : 0.000000,
        "500" : 0.000000,
        "750" : 0.000000,
        "1000" : 0.000000
      },
      "latency_us" : {
        "2" : 0.000000,
        "4" : 0.595643,
        "10" : 84.431638,
        "20" : 13.807168,
        "50" : 0.812798,
        "100" : 0.128937,
        "250" : 0.129903,
        "500" : 0.045525,
        "750" : 0.017785,
        "1000" : 0.011810
      },
      "latency_ms" : {
        "2" : 0.015747,
        "4" : 0.010000,
        "10" : 0.010000,
        "20" : 0.000000,
        "50" : 0.000000,
        "100" : 0.000000,
        "250" : 0.000000,
        "500" : 0.000000,
        "750" : 0.000000,
        "1000" : 0.000000,
        "2000" : 0.000000,
        ">=2000" : 0.000000
      },
      "latency_depth" : 1,
      "latency_target" : 0,
      "latency_percentile" : 100.000000,
      "latency_window" : 0
    }
  ],
  "disk_util" : [
    {
      "name" : "nullb0",
      "read_ios" : 174,
      "write_ios" : 714,
      "read_merges" : 0,
      "write_merges" : 35,
      "read_ticks" : 8,
      "write_ticks" : 1251,
      "in_queue" : 1258,
      "util" : 0.169361
    }
  ]
}
