{
  "fio version" : "fio-3.32-10-g6b6f5-dirty",
  "timestamp" : 1676743887,
  "timestamp_ms" : 1676743887607,
  "time" : "Sat Feb 18 18:11:27 2023",
  "global options" : {
    "name" : "zns-fio",
    "directory" : "/mnt/f2fs",
    "size" : "80G",
    "ioengine" : "psync",
    "iodepth" : "1",
    "rw" : "write",
    "bs" : "4K",
    "runtime" : "1m",
    "ramp_time" : "30s",
    "ioscheduler" : "mq-deadline",
    "thread" : "1"
  },
  "jobs" : [
    {
      "jobname" : "hot-file",
      "groupid" : 0,
      "error" : 0,
      "eta" : 0,
      "elapsed" : 91,
      "job options" : {
        "numjobs" : "9",
        "fsync" : "128",
        "write_hint" : "short"
      },
      "read" : {
        "io_bytes" : 0,
        "io_kbytes" : 0,
        "bw_bytes" : 0,
        "bw" : 0,
        "iops" : 0.000000,
        "runtime" : 0,
        "total_ios" : 0,
        "short_ios" : 0,
        "drop_ios" : 0,
        "slat_ns" : {
          "min" : 0,
          "max" : 0,
          "mean" : 0.000000,
          "stddev" : 0.000000,
          "N" : 0
        },
        "clat_ns" : {
          "min" : 0,
          "max" : 0,
          "mean" : 0.000000,
          "stddev" : 0.000000,
          "N" : 0
        },
        "lat_ns" : {
          "min" : 0,
          "max" : 0,
          "mean" : 0.000000,
          "stddev" : 0.000000,
          "N" : 0
        },
        "bw_min" : 0,
        "bw_max" : 0,
        "bw_agg" : 0.000000,
        "bw_mean" : 0.000000,
        "bw_dev" : 0.000000,
        "bw_samples" : 0,
        "iops_min" : 0,
        "iops_max" : 0,
        "iops_mean" : 0.000000,
        "iops_stddev" : 0.000000,
        "iops_samples" : 0
      },
      "write" : {
        "io_bytes" : 42019930112,
        "io_kbytes" : 41035088,
        "bw_bytes" : 700297153,
        "bw" : 683883,
        "iops" : 170970.984784,
        "runtime" : 60003,
        "total_ios" : 10258772,
        "short_ios" : 0,
        "drop_ios" : 0,
        "slat_ns" : {
          "min" : 0,
          "max" : 0,
          "mean" : 0.000000,
          "stddev" : 0.000000,
          "N" : 0
        },
        "clat_ns" : {
          "min" : 2435,
          "max" : 11023681,
          "mean" : 11842.605495,
          "stddev" : 57484.197375,
          "N" : 10258772,
          "percentile" : {
            "1.000000" : 5600,
            "5.000000" : 6816,
            "10.000000" : 7200,
            "20.000000" : 7712,
            "30.000000" : 8160,
            "40.000000" : 8512,
            "50.000000" : 8896,
            "60.000000" : 9280,
            "70.000000" : 9920,
            "80.000000" : 11328,
            "90.000000" : 13248,
            "95.000000" : 15680,
            "99.000000" : 30080,
            "99.500000" : 48896,
            "99.900000" : 522240,
            "99.950000" : 1138688,
            "99.990000" : 3129344
          }
        },
        "lat_ns" : {
          "min" : 2499,
          "max" : 11023870,
          "mean" : 12081.683825,
          "stddev" : 57768.184022,
          "N" : 10258772
        },
        "bw_min" : 613528,
        "bw_max" : 776374,
        "bw_agg" : 100.000000,
        "bw_mean" : 684482.386555,
        "bw_dev" : 3288.142190,
        "bw_samples" : 1071,
        "iops_min" : 153384,
        "iops_max" : 194092,
        "iops_mean" : 171118.352941,
        "iops_stddev" : 822.037798,
        "iops_samples" : 1071
      },
      "trim" : {
        "io_bytes" : 0,
        "io_kbytes" : 0,
        "bw_bytes" : 0,
        "bw" : 0,
        "iops" : 0.000000,
        "runtime" : 0,
        "total_ios" : 0,
        "short_ios" : 0,
        "drop_ios" : 0,
        "slat_ns" : {
          "min" : 0,
          "max" : 0,
          "mean" : 0.000000,
          "stddev" : 0.000000,
          "N" : 0
        },
        "clat_ns" : {
          "min" : 0,
          "max" : 0,
          "mean" : 0.000000,
          "stddev" : 0.000000,
          "N" : 0
        },
        "lat_ns" : {
          "min" : 0,
          "max" : 0,
          "mean" : 0.000000,
          "stddev" : 0.000000,
          "N" : 0
        },
        "bw_min" : 0,
        "bw_max" : 0,
        "bw_agg" : 0.000000,
        "bw_mean" : 0.000000,
        "bw_dev" : 0.000000,
        "bw_samples" : 0,
        "iops_min" : 0,
        "iops_max" : 0,
        "iops_mean" : 0.000000,
        "iops_stddev" : 0.000000,
        "iops_samples" : 0
      },
      "sync" : {
        "total_ios" : 80145,
        "lat_ns" : {
          "min" : 636194,
          "max" : 21521012,
          "mean" : 5060828.446403,
          "stddev" : 1933632.415992,
          "N" : 80145,
          "percentile" : {
            "1.000000" : 1662976,
            "5.000000" : 2342912,
            "10.000000" : 2768896,
            "20.000000" : 3358720,
            "30.000000" : 3883008,
            "40.000000" : 4358144,
            "50.000000" : 4882432,
            "60.000000" : 5341184,
            "70.000000" : 5931008,
            "80.000000" : 6586368,
            "90.000000" : 7569408,
            "95.000000" : 8585216,
            "99.000000" : 10551296,
            "99.500000" : 11337728,
            "99.900000" : 13172736,
            "99.950000" : 13959168,
            "99.990000" : 16449536
          }
        }
      },
      "job_runtime" : 540006,
      "usr_cpu" : 3.765514,
      "sys_cpu" : 56.407707,
      "ctx" : 1504545,
      "majf" : 0,
      "minf" : 0,
      "iodepth_level" : {
        "1" : 100.781234,
        "2" : 0.000000,
        "4" : 0.000000,
        "8" : 0.000000,
        "16" : 0.000000,
        "32" : 0.000000,
        ">=64" : 0.000000
      },
      "iodepth_submit" : {
        "0" : 0.000000,
        "4" : 100.000000,
        "8" : 0.000000,
        "16" : 0.000000,
        "32" : 0.000000,
        "64" : 0.000000,
        ">=64" : 0.000000
      },
      "iodepth_complete" : {
        "0" : 0.000000,
        "4" : 100.000000,
        "8" : 0.000000,
        "16" : 0.000000,
        "32" : 0.000000,
        "64" : 0.000000,
        ">=64" : 0.000000
      },
      "latency_ns" : {
        "2" : 0.000000,
        "4" : 0.000000,
        "10" : 0.000000,
        "20" : 0.000000,
        "50" : 0.000000,
        "100" : 0.000000,
        "250" : 0.000000,
        "500" : 0.000000,
        "750" : 0.000000,
        "1000" : 0.000000
      },
      "latency_us" : {
        "2" : 0.000000,
        "4" : 0.063234,
        "10" : 70.506762,
        "20" : 27.248875,
        "50" : 1.691392,
        "100" : 0.142171,
        "250" : 0.170245,
        "500" : 0.075009,
        "750" : 0.028980,
        "1000" : 0.016591
      },
      "latency_ms" : {
        "2" : 0.030520,
        "4" : 0.025237,
        "10" : 0.010000,
        "20" : 0.010000,
        "50" : 0.000000,
        "100" : 0.000000,
        "250" : 0.000000,
        "500" : 0.000000,
        "750" : 0.000000,
        "1000" : 0.000000,
        "2000" : 0.000000,
        ">=2000" : 0.000000
      },
      "latency_depth" : 1,
      "latency_target" : 0,
      "latency_percentile" : 100.000000,
      "latency_window" : 0
    }
  ],
  "disk_util" : [
    {
      "name" : "nullb0",
      "read_ios" : 2,
      "write_ios" : 936,
      "read_merges" : 0,
      "write_merges" : 43,
      "read_ticks" : 0,
      "write_ticks" : 7080,
      "in_queue" : 7080,
      "util" : 0.779883
    }
  ]
}
