{
  "fio version" : "fio-3.32-10-g6b6f5-dirty",
  "timestamp" : 1676743679,
  "timestamp_ms" : 1676743679215,
  "time" : "Sat Feb 18 18:07:59 2023",
  "global options" : {
    "name" : "zns-fio",
    "directory" : "/mnt/f2fs",
    "size" : "80G",
    "ioengine" : "psync",
    "iodepth" : "1",
    "rw" : "write",
    "bs" : "4K",
    "runtime" : "1m",
    "ramp_time" : "30s",
    "ioscheduler" : "mq-deadline",
    "thread" : "1"
  },
  "jobs" : [
    {
      "jobname" : "hot-file",
      "groupid" : 0,
      "error" : 0,
      "eta" : 0,
      "elapsed" : 91,
      "job options" : {
        "numjobs" : "7",
        "fsync" : "128",
        "write_hint" : "short"
      },
      "read" : {
        "io_bytes" : 0,
        "io_kbytes" : 0,
        "bw_bytes" : 0,
        "bw" : 0,
        "iops" : 0.000000,
        "runtime" : 0,
        "total_ios" : 0,
        "short_ios" : 0,
        "drop_ios" : 0,
        "slat_ns" : {
          "min" : 0,
          "max" : 0,
          "mean" : 0.000000,
          "stddev" : 0.000000,
          "N" : 0
        },
        "clat_ns" : {
          "min" : 0,
          "max" : 0,
          "mean" : 0.000000,
          "stddev" : 0.000000,
          "N" : 0
        },
        "lat_ns" : {
          "min" : 0,
          "max" : 0,
          "mean" : 0.000000,
          "stddev" : 0.000000,
          "N" : 0
        },
        "bw_min" : 0,
        "bw_max" : 0,
        "bw_agg" : 0.000000,
        "bw_mean" : 0.000000,
        "bw_dev" : 0.000000,
        "bw_samples" : 0,
        "iops_min" : 0,
        "iops_max" : 0,
        "iops_mean" : 0.000000,
        "iops_stddev" : 0.000000,
        "iops_samples" : 0
      },
      "write" : {
        "io_bytes" : 41016299520,
        "io_kbytes" : 40054980,
        "bw_bytes" : 683582205,
        "bw" : 667560,
        "iops" : 166890.186994,
        "runtime" : 60002,
        "total_ios" : 10013745,
        "short_ios" : 0,
        "drop_ios" : 0,
        "slat_ns" : {
          "min" : 0,
          "max" : 0,
          "mean" : 0.000000,
          "stddev" : 0.000000,
          "N" : 0
        },
        "clat_ns" : {
          "min" : 3030,
          "max" : 19345053,
          "mean" : 11408.487349,
          "stddev" : 58884.230048,
          "N" : 10013745,
          "percentile" : {
            "1.000000" : 5152,
            "5.000000" : 6368,
            "10.000000" : 6880,
            "20.000000" : 7392,
            "30.000000" : 7776,
            "40.000000" : 8256,
            "50.000000" : 8640,
            "60.000000" : 9024,
            "70.000000" : 9664,
            "80.000000" : 10816,
            "90.000000" : 12736,
            "95.000000" : 14912,
            "99.000000" : 29312,
            "99.500000" : 44288,
            "99.900000" : 452608,
            "99.950000" : 1138688,
            "99.990000" : 3096576
          }
        },
        "lat_ns" : {
          "min" : 3093,
          "max" : 19345223,
          "mean" : 11626.229390,
          "stddev" : 59062.589581,
          "N" : 10013745
        },
        "bw_min" : 587672,
        "bw_max" : 764473,
        "bw_agg" : 100.000000,
        "bw_mean" : 668176.521008,
        "bw_dev" : 4263.015985,
        "bw_samples" : 833,
        "iops_min" : 146918,
        "iops_max" : 191118,
        "iops_mean" : 167043.462185,
        "iops_stddev" : 1065.736513,
        "iops_samples" : 833
      },
      "trim" : {
        "io_bytes" : 0,
        "io_kbytes" : 0,
        "bw_bytes" : 0,
        "bw" : 0,
        "iops" : 0.000000,
        "runtime" : 0,
        "total_ios" : 0,
        "short_ios" : 0,
        "drop_ios" : 0,
        "slat_ns" : {
          "min" : 0,
          "max" : 0,
          "mean" : 0.000000,
          "stddev" : 0.000000,
          "N" : 0
        },
        "clat_ns" : {
          "min" : 0,
          "max" : 0,
          "mean" : 0.000000,
          "stddev" : 0.000000,
          "N" : 0
        },
        "lat_ns" : {
          "min" : 0,
          "max" : 0,
          "mean" : 0.000000,
          "stddev" : 0.000000,
          "N" : 0
        },
        "bw_min" : 0,
        "bw_max" : 0,
        "bw_agg" : 0.000000,
        "bw_mean" : 0.000000,
        "bw_dev" : 0.000000,
        "bw_samples" : 0,
        "iops_min" : 0,
        "iops_max" : 0,
        "iops_mean" : 0.000000,
        "iops_stddev" : 0.000000,
        "iops_samples" : 0
      },
      "sync" : {
        "total_ios" : 78231,
        "lat_ns" : {
          "min" : 652109,
          "max" : 26510055,
          "mean" : 3752728.816147,
          "stddev" : 1503204.540595,
          "N" : 78231,
          "percentile" : {
            "1.000000" : 1302528,
            "5.000000" : 1761280,
            "10.000000" : 2072576,
            "20.000000" : 2506752,
            "30.000000" : 2834432,
            "40.000000" : 3162112,
            "50.000000" : 3489792,
            "60.000000" : 3883008,
            "70.000000" : 4292608,
            "80.000000" : 4882432,
            "90.000000" : 5734400,
            "95.000000" : 6520832,
            "99.000000" : 8224768,
            "99.500000" : 8978432,
            "99.900000" : 10944512,
            "99.950000" : 12124160,
            "99.990000" : 17432576
          }
        }
      },
      "job_runtime" : 420003,
      "usr_cpu" : 4.653776,
      "sys_cpu" : 60.766947,
      "ctx" : 1272941,
      "majf" : 0,
      "minf" : 0,
      "iodepth_level" : {
        "1" : 100.781236,
        "2" : 0.000000,
        "4" : 0.000000,
        "8" : 0.000000,
        "16" : 0.000000,
        "32" : 0.000000,
        ">=64" : 0.000000
      },
      "iodepth_submit" : {
        "0" : 0.000000,
        "4" : 100.000000,
        "8" : 0.000000,
        "16" : 0.000000,
        "32" : 0.000000,
        "64" : 0.000000,
        ">=64" : 0.000000
      },
      "iodepth_complete" : {
        "0" : 0.000000,
        "4" : 100.000000,
        "8" : 0.000000,
        "16" : 0.000000,
        "32" : 0.000000,
        "64" : 0.000000,
        ">=64" : 0.000000
      },
      "latency_ns" : {
        "2" : 0.000000,
        "4" : 0.000000,
        "10" : 0.000000,
        "20" : 0.000000,
        "50" : 0.000000,
        "100" : 0.000000,
        "250" : 0.000000,
        "500" : 0.000000,
        "750" : 0.000000,
        "1000" : 0.000000
      },
      "latency_us" : {
        "2" : 0.000000,
        "4" : 0.123600,
        "10" : 73.301827,
        "20" : 24.575421,
        "50" : 1.552476,
        "100" : 0.138570,
        "250" : 0.146459,
        "500" : 0.066898,
        "750" : 0.024277,
        "1000" : 0.014510
      },
      "latency_ms" : {
        "2" : 0.026044,
        "4" : 0.029150,
        "10" : 0.010000,
        "20" : 0.010000,
        "50" : 0.000000,
        "100" : 0.000000,
        "250" : 0.000000,
        "500" : 0.000000,
        "750" : 0.000000,
        "1000" : 0.000000,
        "2000" : 0.000000,
        ">=2000" : 0.000000
      },
      "latency_depth" : 1,
      "latency_target" : 0,
      "latency_percentile" : 100.000000,
      "latency_window" : 0
    }
  ],
  "disk_util" : [
    {
      "name" : "nullb0",
      "read_ios" : 0,
      "write_ios" : 917,
      "read_merges" : 0,
      "write_merges" : 40,
      "read_ticks" : 0,
      "write_ticks" : 89715,
      "in_queue" : 89715,
      "util" : 4.318759
    }
  ]
}
