{
  "fio version" : "fio-3.32-10-g6b6f5-dirty",
  "timestamp" : 1676743072,
  "timestamp_ms" : 1676743072794,
  "time" : "Sat Feb 18 17:57:52 2023",
  "global options" : {
    "name" : "zns-fio",
    "directory" : "/mnt/f2fs",
    "size" : "80G",
    "ioengine" : "psync",
    "iodepth" : "1",
    "rw" : "write",
    "bs" : "4K",
    "runtime" : "1m",
    "ramp_time" : "30s",
    "ioscheduler" : "mq-deadline",
    "thread" : "1"
  },
  "jobs" : [
    {
      "jobname" : "hot-file",
      "groupid" : 0,
      "error" : 0,
      "eta" : 0,
      "elapsed" : 91,
      "job options" : {
        "numjobs" : "2",
        "fsync" : "128",
        "write_hint" : "short"
      },
      "read" : {
        "io_bytes" : 0,
        "io_kbytes" : 0,
        "bw_bytes" : 0,
        "bw" : 0,
        "iops" : 0.000000,
        "runtime" : 0,
        "total_ios" : 0,
        "short_ios" : 0,
        "drop_ios" : 0,
        "slat_ns" : {
          "min" : 0,
          "max" : 0,
          "mean" : 0.000000,
          "stddev" : 0.000000,
          "N" : 0
        },
        "clat_ns" : {
          "min" : 0,
          "max" : 0,
          "mean" : 0.000000,
          "stddev" : 0.000000,
          "N" : 0
        },
        "lat_ns" : {
          "min" : 0,
          "max" : 0,
          "mean" : 0.000000,
          "stddev" : 0.000000,
          "N" : 0
        },
        "bw_min" : 0,
        "bw_max" : 0,
        "bw_agg" : 0.000000,
        "bw_mean" : 0.000000,
        "bw_dev" : 0.000000,
        "bw_samples" : 0,
        "iops_min" : 0,
        "iops_max" : 0,
        "iops_mean" : 0.000000,
        "iops_stddev" : 0.000000,
        "iops_samples" : 0
      },
      "write" : {
        "io_bytes" : 31297372160,
        "io_kbytes" : 30563840,
        "bw_bytes" : 521614175,
        "bw" : 509388,
        "iops" : 127347.210880,
        "runtime" : 60001,
        "total_ios" : 7640960,
        "short_ios" : 0,
        "drop_ios" : 0,
        "slat_ns" : {
          "min" : 0,
          "max" : 0,
          "mean" : 0.000000,
          "stddev" : 0.000000,
          "N" : 0
        },
        "clat_ns" : {
          "min" : 2210,
          "max" : 12796648,
          "mean" : 6188.882164,
          "stddev" : 17316.103969,
          "N" : 7640960,
          "percentile" : {
            "1.000000" : 2608,
            "5.000000" : 3472,
            "10.000000" : 3600,
            "20.000000" : 3824,
            "30.000000" : 4128,
            "40.000000" : 4960,
            "50.000000" : 5664,
            "60.000000" : 6432,
            "70.000000" : 6816,
            "80.000000" : 7072,
            "90.000000" : 7712,
            "95.000000" : 9664,
            "99.000000" : 14144,
            "99.500000" : 23936,
            "99.900000" : 71168,
            "99.950000" : 138240,
            "99.990000" : 880640
          }
        },
        "lat_ns" : {
          "min" : 2269,
          "max" : 12796823,
          "mean" : 6325.226730,
          "stddev" : 17403.859039,
          "N" : 7640960
        },
        "bw_min" : 367614,
        "bw_max" : 766930,
        "bw_agg" : 100.000000,
        "bw_mean" : 510339.949580,
        "bw_dev" : 32113.876218,
        "bw_samples" : 238,
        "iops_min" : 91902,
        "iops_max" : 191732,
        "iops_mean" : 127584.781513,
        "iops_stddev" : 8028.413936,
        "iops_samples" : 238
      },
      "trim" : {
        "io_bytes" : 0,
        "io_kbytes" : 0,
        "bw_bytes" : 0,
        "bw" : 0,
        "iops" : 0.000000,
        "runtime" : 0,
        "total_ios" : 0,
        "short_ios" : 0,
        "drop_ios" : 0,
        "slat_ns" : {
          "min" : 0,
          "max" : 0,
          "mean" : 0.000000,
          "stddev" : 0.000000,
          "N" : 0
        },
        "clat_ns" : {
          "min" : 0,
          "max" : 0,
          "mean" : 0.000000,
          "stddev" : 0.000000,
          "N" : 0
        },
        "lat_ns" : {
          "min" : 0,
          "max" : 0,
          "mean" : 0.000000,
          "stddev" : 0.000000,
          "N" : 0
        },
        "bw_min" : 0,
        "bw_max" : 0,
        "bw_agg" : 0.000000,
        "bw_mean" : 0.000000,
        "bw_dev" : 0.000000,
        "bw_samples" : 0,
        "iops_min" : 0,
        "iops_max" : 0,
        "iops_mean" : 0.000000,
        "iops_stddev" : 0.000000,
        "iops_samples" : 0
      },
      "sync" : {
        "total_ios" : 59695,
        "lat_ns" : {
          "min" : 443085,
          "max" : 99897108,
          "mean" : 1119217.002027,
          "stddev" : 812868.573230,
          "N" : 59695,
          "percentile" : {
            "1.000000" : 489472,
            "5.000000" : 577536,
            "10.000000" : 602112,
            "20.000000" : 724992,
            "30.000000" : 839680,
            "40.000000" : 978944,
            "50.000000" : 1036288,
            "60.000000" : 1122304,
            "70.000000" : 1236992,
            "80.000000" : 1384448,
            "90.000000" : 1679360,
            "95.000000" : 1957888,
            "99.000000" : 2834432,
            "99.500000" : 3096576,
            "99.900000" : 3489792,
            "99.950000" : 3817472,
            "99.990000" : 8093696
          }
        }
      },
      "job_runtime" : 120000,
      "usr_cpu" : 8.333333,
      "sys_cpu" : 65.055000,
      "ctx" : 327273,
      "majf" : 0,
      "minf" : 0,
      "iodepth_level" : {
        "1" : 100.781250,
        "2" : 0.000000,
        "4" : 0.000000,
        "8" : 0.000000,
        "16" : 0.000000,
        "32" : 0.000000,
        ">=64" : 0.000000
      },
      "iodepth_submit" : {
        "0" : 0.000000,
        "4" : 100.000000,
        "8" : 0.000000,
        "16" : 0.000000,
        "32" : 0.000000,
        "64" : 0.000000,
        ">=64" : 0.000000
      },
      "iodepth_complete" : {
        "0" : 0.000000,
        "4" : 100.000000,
        "8" : 0.000000,
        "16" : 0.000000,
        "32" : 0.000000,
        "64" : 0.000000,
        ">=64" : 0.000000
      },
      "latency_ns" : {
        "2" : 0.000000,
        "4" : 0.000000,
        "10" : 0.000000,
        "20" : 0.000000,
        "50" : 0.000000,
        "100" : 0.000000,
        "250" : 0.000000,
        "500" : 0.000000,
        "750" : 0.000000,
        "1000" : 0.000000
      },
      "latency_us" : {
        "2" : 0.000000,
        "4" : 26.083490,
        "10" : 69.645385,
        "20" : 3.649345,
        "50" : 0.470320,
        "100" : 0.077320,
        "250" : 0.046329,
        "500" : 0.012132,
        "750" : 0.010000,
        "1000" : 0.010000
      },
      "latency_ms" : {
        "2" : 0.010000,
        "4" : 0.010000,
        "10" : 0.010000,
        "20" : 0.010000,
        "50" : 0.000000,
        "100" : 0.000000,
        "250" : 0.000000,
        "500" : 0.000000,
        "750" : 0.000000,
        "1000" : 0.000000,
        "2000" : 0.000000,
        ">=2000" : 0.000000
      },
      "latency_depth" : 1,
      "latency_target" : 0,
      "latency_percentile" : 100.000000,
      "latency_window" : 0
    }
  ],
  "disk_util" : [
    {
      "name" : "nullb0",
      "read_ios" : 83,
      "write_ios" : 587,
      "read_merges" : 0,
      "write_merges" : 29,
      "read_ticks" : 2,
      "write_ticks" : 1198,
      "in_queue" : 1201,
      "util" : 0.146689
    }
  ]
}
