{
  "fio version" : "fio-3.32-10-g6b6f5-dirty",
  "timestamp" : 1676743576,
  "timestamp_ms" : 1676743576218,
  "time" : "Sat Feb 18 18:06:16 2023",
  "global options" : {
    "name" : "zns-fio",
    "directory" : "/mnt/f2fs",
    "size" : "80G",
    "ioengine" : "psync",
    "iodepth" : "1",
    "rw" : "write",
    "bs" : "4K",
    "runtime" : "1m",
    "ramp_time" : "30s",
    "ioscheduler" : "mq-deadline",
    "thread" : "1"
  },
  "jobs" : [
    {
      "jobname" : "hot-file",
      "groupid" : 0,
      "error" : 0,
      "eta" : 0,
      "elapsed" : 91,
      "job options" : {
        "numjobs" : "6",
        "fsync" : "128",
        "write_hint" : "short"
      },
      "read" : {
        "io_bytes" : 0,
        "io_kbytes" : 0,
        "bw_bytes" : 0,
        "bw" : 0,
        "iops" : 0.000000,
        "runtime" : 0,
        "total_ios" : 0,
        "short_ios" : 0,
        "drop_ios" : 0,
        "slat_ns" : {
          "min" : 0,
          "max" : 0,
          "mean" : 0.000000,
          "stddev" : 0.000000,
          "N" : 0
        },
        "clat_ns" : {
          "min" : 0,
          "max" : 0,
          "mean" : 0.000000,
          "stddev" : 0.000000,
          "N" : 0
        },
        "lat_ns" : {
          "min" : 0,
          "max" : 0,
          "mean" : 0.000000,
          "stddev" : 0.000000,
          "N" : 0
        },
        "bw_min" : 0,
        "bw_max" : 0,
        "bw_agg" : 0.000000,
        "bw_mean" : 0.000000,
        "bw_dev" : 0.000000,
        "bw_samples" : 0,
        "iops_min" : 0,
        "iops_max" : 0,
        "iops_mean" : 0.000000,
        "iops_stddev" : 0.000000,
        "iops_samples" : 0
      },
      "write" : {
        "io_bytes" : 41045983232,
        "io_kbytes" : 40083968,
        "bw_bytes" : 684042716,
        "bw" : 668010,
        "iops" : 167002.616449,
        "runtime" : 60005,
        "total_ios" : 10020992,
        "short_ios" : 0,
        "drop_ios" : 0,
        "slat_ns" : {
          "min" : 0,
          "max" : 0,
          "mean" : 0.000000,
          "stddev" : 0.000000,
          "N" : 0
        },
        "clat_ns" : {
          "min" : 3255,
          "max" : 7680115,
          "mean" : 10581.460186,
          "stddev" : 48401.037388,
          "N" : 10020992,
          "percentile" : {
            "1.000000" : 4704,
            "5.000000" : 5920,
            "10.000000" : 6560,
            "20.000000" : 7008,
            "30.000000" : 7392,
            "40.000000" : 7712,
            "50.000000" : 8160,
            "60.000000" : 8640,
            "70.000000" : 9408,
            "80.000000" : 10560,
            "90.000000" : 12224,
            "95.000000" : 14016,
            "99.000000" : 27776,
            "99.500000" : 41728,
            "99.900000" : 346112,
            "99.950000" : 856064,
            "99.990000" : 2736128
          }
        },
        "lat_ns" : {
          "min" : 3341,
          "max" : 7680347,
          "mean" : 10815.823669,
          "stddev" : 48683.429080,
          "N" : 10020992
        },
        "bw_min" : 592564,
        "bw_max" : 778113,
        "bw_agg" : 100.000000,
        "bw_mean" : 670161.403361,
        "bw_dev" : 5671.042310,
        "bw_samples" : 714,
        "iops_min" : 148142,
        "iops_max" : 194526,
        "iops_mean" : 167539.537815,
        "iops_stddev" : 1417.730593,
        "iops_samples" : 714
      },
      "trim" : {
        "io_bytes" : 0,
        "io_kbytes" : 0,
        "bw_bytes" : 0,
        "bw" : 0,
        "iops" : 0.000000,
        "runtime" : 0,
        "total_ios" : 0,
        "short_ios" : 0,
        "drop_ios" : 0,
        "slat_ns" : {
          "min" : 0,
          "max" : 0,
          "mean" : 0.000000,
          "stddev" : 0.000000,
          "N" : 0
        },
        "clat_ns" : {
          "min" : 0,
          "max" : 0,
          "mean" : 0.000000,
          "stddev" : 0.000000,
          "N" : 0
        },
        "lat_ns" : {
          "min" : 0,
          "max" : 0,
          "mean" : 0.000000,
          "stddev" : 0.000000,
          "N" : 0
        },
        "bw_min" : 0,
        "bw_max" : 0,
        "bw_agg" : 0.000000,
        "bw_mean" : 0.000000,
        "bw_dev" : 0.000000,
        "bw_samples" : 0,
        "iops_min" : 0,
        "iops_max" : 0,
        "iops_mean" : 0.000000,
        "iops_stddev" : 0.000000,
        "iops_samples" : 0
      },
      "sync" : {
        "total_ios" : 78289,
        "lat_ns" : {
          "min" : 647363,
          "max" : 100097871,
          "mean" : 3088173.242077,
          "stddev" : 1513272.659435,
          "N" : 78289,
          "percentile" : {
            "1.000000" : 1105920,
            "5.000000" : 1433600,
            "10.000000" : 1679360,
            "20.000000" : 2023424,
            "30.000000" : 2310144,
            "40.000000" : 2572288,
            "50.000000" : 2834432,
            "60.000000" : 3162112,
            "70.000000" : 3522560,
            "80.000000" : 4014080,
            "90.000000" : 4751360,
            "95.000000" : 5537792,
            "99.000000" : 7045120,
            "99.500000" : 7634944,
            "99.900000" : 9502720,
            "99.950000" : 10420224,
            "99.990000" : 14614528
          }
        }
      },
      "job_runtime" : 360012,
      "usr_cpu" : 5.392876,
      "sys_cpu" : 60.963523,
      "ctx" : 1197643,
      "majf" : 0,
      "minf" : 0,
      "iodepth_level" : {
        "1" : 100.781250,
        "2" : 0.000000,
        "4" : 0.000000,
        "8" : 0.000000,
        "16" : 0.000000,
        "32" : 0.000000,
        ">=64" : 0.000000
      },
      "iodepth_submit" : {
        "0" : 0.000000,
        "4" : 100.000000,
        "8" : 0.000000,
        "16" : 0.000000,
        "32" : 0.000000,
        "64" : 0.000000,
        ">=64" : 0.000000
      },
      "iodepth_complete" : {
        "0" : 0.000000,
        "4" : 100.000000,
        "8" : 0.000000,
        "16" : 0.000000,
        "32" : 0.000000,
        "64" : 0.000000,
        ">=64" : 0.000000
      },
      "latency_ns" : {
        "2" : 0.000000,
        "4" : 0.000000,
        "10" : 0.000000,
        "20" : 0.000000,
        "50" : 0.000000,
        "100" : 0.000000,
        "250" : 0.000000,
        "500" : 0.000000,
        "750" : 0.000000,
        "1000" : 0.000000
      },
      "latency_us" : {
        "2" : 0.000000,
        "4" : 0.190291,
        "10" : 75.857270,
        "20" : 22.254783,
        "50" : 1.271361,
        "100" : 0.150075,
        "250" : 0.142361,
        "500" : 0.055503,
        "750" : 0.022104,
        "1000" : 0.012963
      },
      "latency_ms" : {
        "2" : 0.023082,
        "4" : 0.019778,
        "10" : 0.010000,
        "20" : 0.000000,
        "50" : 0.000000,
        "100" : 0.000000,
        "250" : 0.000000,
        "500" : 0.000000,
        "750" : 0.000000,
        "1000" : 0.000000,
        "2000" : 0.000000,
        ">=2000" : 0.000000
      },
      "latency_depth" : 1,
      "latency_target" : 0,
      "latency_percentile" : 100.000000,
      "latency_window" : 0
    }
  ],
  "disk_util" : [
    {
      "name" : "nullb0",
      "read_ios" : 0,
      "write_ios" : 923,
      "read_merges" : 0,
      "write_merges" : 40,
      "read_ticks" : 0,
      "write_ticks" : 32624,
      "in_queue" : 32625,
      "util" : 1.533455
    }
  ]
}
