{
  "fio version" : "fio-3.32-10-g6b6f5-dirty",
  "timestamp" : 1676743272,
  "timestamp_ms" : 1676743272077,
  "time" : "Sat Feb 18 18:01:12 2023",
  "global options" : {
    "name" : "zns-fio",
    "directory" : "/mnt/f2fs",
    "size" : "80G",
    "ioengine" : "psync",
    "iodepth" : "1",
    "rw" : "write",
    "bs" : "4K",
    "runtime" : "1m",
    "ramp_time" : "30s",
    "ioscheduler" : "mq-deadline",
    "thread" : "1"
  },
  "jobs" : [
    {
      "jobname" : "hot-file",
      "groupid" : 0,
      "error" : 0,
      "eta" : 0,
      "elapsed" : 91,
      "job options" : {
        "numjobs" : "3",
        "fsync" : "128",
        "write_hint" : "short"
      },
      "read" : {
        "io_bytes" : 0,
        "io_kbytes" : 0,
        "bw_bytes" : 0,
        "bw" : 0,
        "iops" : 0.000000,
        "runtime" : 0,
        "total_ios" : 0,
        "short_ios" : 0,
        "drop_ios" : 0,
        "slat_ns" : {
          "min" : 0,
          "max" : 0,
          "mean" : 0.000000,
          "stddev" : 0.000000,
          "N" : 0
        },
        "clat_ns" : {
          "min" : 0,
          "max" : 0,
          "mean" : 0.000000,
          "stddev" : 0.000000,
          "N" : 0
        },
        "lat_ns" : {
          "min" : 0,
          "max" : 0,
          "mean" : 0.000000,
          "stddev" : 0.000000,
          "N" : 0
        },
        "bw_min" : 0,
        "bw_max" : 0,
        "bw_agg" : 0.000000,
        "bw_mean" : 0.000000,
        "bw_dev" : 0.000000,
        "bw_samples" : 0,
        "iops_min" : 0,
        "iops_max" : 0,
        "iops_mean" : 0.000000,
        "iops_stddev" : 0.000000,
        "iops_samples" : 0
      },
      "write" : {
        "io_bytes" : 33935937536,
        "io_kbytes" : 33140564,
        "bw_bytes" : 565580106,
        "bw" : 552324,
        "iops" : 138081.080631,
        "runtime" : 60002,
        "total_ios" : 8285141,
        "short_ios" : 0,
        "drop_ios" : 0,
        "slat_ns" : {
          "min" : 0,
          "max" : 0,
          "mean" : 0.000000,
          "stddev" : 0.000000,
          "N" : 0
        },
        "clat_ns" : {
          "min" : 2433,
          "max" : 3937427,
          "mean" : 7874.781043,
          "stddev" : 20750.601718,
          "N" : 8285141,
          "percentile" : {
            "1.000000" : 3696,
            "5.000000" : 4192,
            "10.000000" : 4832,
            "20.000000" : 5792,
            "30.000000" : 6432,
            "40.000000" : 6752,
            "50.000000" : 6944,
            "60.000000" : 7136,
            "70.000000" : 7392,
            "80.000000" : 7904,
            "90.000000" : 10176,
            "95.000000" : 11456,
            "99.000000" : 18816,
            "99.500000" : 30848,
            "99.900000" : 142336,
            "99.950000" : 284672,
            "99.990000" : 1089536
          }
        },
        "lat_ns" : {
          "min" : 2500,
          "max" : 3937632,
          "mean" : 8067.487746,
          "stddev" : 20807.447270,
          "N" : 8285141
        },
        "bw_min" : 461845,
        "bw_max" : 689120,
        "bw_agg" : 100.000000,
        "bw_mean" : 552956.375000,
        "bw_dev" : 13121.252807,
        "bw_samples" : 360,
        "iops_min" : 115460,
        "iops_max" : 172279,
        "iops_mean" : 138238.483333,
        "iops_stddev" : 3280.295076,
        "iops_samples" : 360
      },
      "trim" : {
        "io_bytes" : 0,
        "io_kbytes" : 0,
        "bw_bytes" : 0,
        "bw" : 0,
        "iops" : 0.000000,
        "runtime" : 0,
        "total_ios" : 0,
        "short_ios" : 0,
        "drop_ios" : 0,
        "slat_ns" : {
          "min" : 0,
          "max" : 0,
          "mean" : 0.000000,
          "stddev" : 0.000000,
          "N" : 0
        },
        "clat_ns" : {
          "min" : 0,
          "max" : 0,
          "mean" : 0.000000,
          "stddev" : 0.000000,
          "N" : 0
        },
        "lat_ns" : {
          "min" : 0,
          "max" : 0,
          "mean" : 0.000000,
          "stddev" : 0.000000,
          "N" : 0
        },
        "bw_min" : 0,
        "bw_max" : 0,
        "bw_agg" : 0.000000,
        "bw_mean" : 0.000000,
        "bw_dev" : 0.000000,
        "bw_samples" : 0,
        "iops_min" : 0,
        "iops_max" : 0,
        "iops_mean" : 0.000000,
        "iops_stddev" : 0.000000,
        "iops_samples" : 0
      },
      "sync" : {
        "total_ios" : 64727,
        "lat_ns" : {
          "min" : 459970,
          "max" : 78185994,
          "mean" : 1644781.893738,
          "stddev" : 967624.447772,
          "N" : 64727,
          "percentile" : {
            "1.000000" : 618496,
            "5.000000" : 831488,
            "10.000000" : 970752,
            "20.000000" : 1073152,
            "30.000000" : 1187840,
            "40.000000" : 1368064,
            "50.000000" : 1531904,
            "60.000000" : 1679360,
            "70.000000" : 1843200,
            "80.000000" : 2072576,
            "90.000000" : 2506752,
            "95.000000" : 2932736,
            "99.000000" : 3817472,
            "99.500000" : 4112384,
            "99.900000" : 4947968,
            "99.950000" : 5275648,
            "99.990000" : 8028160
          }
        }
      },
      "job_runtime" : 180001,
      "usr_cpu" : 8.052177,
      "sys_cpu" : 62.960761,
      "ctx" : 575597,
      "majf" : 0,
      "minf" : 0,
      "iodepth_level" : {
        "1" : 100.781242,
        "2" : 0.000000,
        "4" : 0.000000,
        "8" : 0.000000,
        "16" : 0.000000,
        "32" : 0.000000,
        ">=64" : 0.000000
      },
      "iodepth_submit" : {
        "0" : 0.000000,
        "4" : 100.000000,
        "8" : 0.000000,
        "16" : 0.000000,
        "32" : 0.000000,
        "64" : 0.000000,
        ">=64" : 0.000000
      },
      "iodepth_complete" : {
        "0" : 0.000000,
        "4" : 100.000000,
        "8" : 0.000000,
        "16" : 0.000000,
        "32" : 0.000000,
        "64" : 0.000000,
        ">=64" : 0.000000
      },
      "latency_ns" : {
        "2" : 0.000000,
        "4" : 0.000000,
        "10" : 0.000000,
        "20" : 0.000000,
        "50" : 0.000000,
        "100" : 0.000000,
        "250" : 0.000000,
        "500" : 0.000000,
        "750" : 0.000000,
        "1000" : 0.000000
      },
      "latency_us" : {
        "2" : 0.000000,
        "4" : 3.462440,
        "10" : 85.653231,
        "20" : 9.961231,
        "50" : 0.669753,
        "100" : 0.103161,
        "250" : 0.092962,
        "500" : 0.028086,
        "750" : 0.010030,
        "1000" : 0.010000
      },
      "latency_ms" : {
        "2" : 0.010682,
        "4" : 0.010000,
        "10" : 0.000000,
        "20" : 0.000000,
        "50" : 0.000000,
        "100" : 0.000000,
        "250" : 0.000000,
        "500" : 0.000000,
        "750" : 0.000000,
        "1000" : 0.000000,
        "2000" : 0.000000,
        ">=2000" : 0.000000
      },
      "latency_depth" : 1,
      "latency_target" : 0,
      "latency_percentile" : 100.000000,
      "latency_window" : 0
    }
  ],
  "disk_util" : [
    {
      "name" : "nullb0",
      "read_ios" : 128,
      "write_ios" : 627,
      "read_merges" : 0,
      "write_merges" : 30,
      "read_ticks" : 6,
      "write_ticks" : 1015,
      "in_queue" : 1021,
      "util" : 0.137793
    }
  ]
}
