{
  "fio version" : "fio-3.32-10-g6b6f5-dirty",
  "timestamp" : 1676743172,
  "timestamp_ms" : 1676743172435,
  "time" : "Sat Feb 18 17:59:32 2023",
  "global options" : {
    "name" : "zns-fio",
    "directory" : "/mnt/f2fs",
    "size" : "80G",
    "ioengine" : "psync",
    "iodepth" : "1",
    "rw" : "write",
    "bs" : "4K",
    "runtime" : "1m",
    "ramp_time" : "30s",
    "ioscheduler" : "mq-deadline",
    "thread" : "1"
  },
  "jobs" : [
    {
      "jobname" : "hot-file",
      "groupid" : 0,
      "error" : 0,
      "eta" : 0,
      "elapsed" : 91,
      "job options" : {
        "numjobs" : "2",
        "fsync" : "128",
        "write_hint" : "short"
      },
      "read" : {
        "io_bytes" : 0,
        "io_kbytes" : 0,
        "bw_bytes" : 0,
        "bw" : 0,
        "iops" : 0.000000,
        "runtime" : 0,
        "total_ios" : 0,
        "short_ios" : 0,
        "drop_ios" : 0,
        "slat_ns" : {
          "min" : 0,
          "max" : 0,
          "mean" : 0.000000,
          "stddev" : 0.000000,
          "N" : 0
        },
        "clat_ns" : {
          "min" : 0,
          "max" : 0,
          "mean" : 0.000000,
          "stddev" : 0.000000,
          "N" : 0
        },
        "lat_ns" : {
          "min" : 0,
          "max" : 0,
          "mean" : 0.000000,
          "stddev" : 0.000000,
          "N" : 0
        },
        "bw_min" : 0,
        "bw_max" : 0,
        "bw_agg" : 0.000000,
        "bw_mean" : 0.000000,
        "bw_dev" : 0.000000,
        "bw_samples" : 0,
        "iops_min" : 0,
        "iops_max" : 0,
        "iops_mean" : 0.000000,
        "iops_stddev" : 0.000000,
        "iops_samples" : 0
      },
      "write" : {
        "io_bytes" : 31228690432,
        "io_kbytes" : 30496768,
        "bw_bytes" : 520469499,
        "bw" : 508270,
        "iops" : 127067.748871,
        "runtime" : 60001,
        "total_ios" : 7624192,
        "short_ios" : 0,
        "drop_ios" : 0,
        "slat_ns" : {
          "min" : 0,
          "max" : 0,
          "mean" : 0.000000,
          "stddev" : 0.000000,
          "N" : 0
        },
        "clat_ns" : {
          "min" : 2292,
          "max" : 7639284,
          "mean" : 6133.672351,
          "stddev" : 16408.428460,
          "N" : 7624192,
          "percentile" : {
            "1.000000" : 2576,
            "5.000000" : 3152,
            "10.000000" : 3600,
            "20.000000" : 3824,
            "30.000000" : 4128,
            "40.000000" : 4896,
            "50.000000" : 5600,
            "60.000000" : 6432,
            "70.000000" : 6816,
            "80.000000" : 7136,
            "90.000000" : 7648,
            "95.000000" : 9536,
            "99.000000" : 14144,
            "99.500000" : 23936,
            "99.900000" : 71168,
            "99.950000" : 134144,
            "99.990000" : 888832
          }
        },
        "lat_ns" : {
          "min" : 2358,
          "max" : 7639471,
          "mean" : 6283.739546,
          "stddev" : 16446.479790,
          "N" : 7624192
        },
        "bw_min" : 368343,
        "bw_max" : 713770,
        "bw_agg" : 100.000000,
        "bw_mean" : 508867.252101,
        "bw_dev" : 31329.589423,
        "bw_samples" : 238,
        "iops_min" : 92085,
        "iops_max" : 178442,
        "iops_mean" : 127216.470588,
        "iops_stddev" : 7832.414827,
        "iops_samples" : 238
      },
      "trim" : {
        "io_bytes" : 0,
        "io_kbytes" : 0,
        "bw_bytes" : 0,
        "bw" : 0,
        "iops" : 0.000000,
        "runtime" : 0,
        "total_ios" : 0,
        "short_ios" : 0,
        "drop_ios" : 0,
        "slat_ns" : {
          "min" : 0,
          "max" : 0,
          "mean" : 0.000000,
          "stddev" : 0.000000,
          "N" : 0
        },
        "clat_ns" : {
          "min" : 0,
          "max" : 0,
          "mean" : 0.000000,
          "stddev" : 0.000000,
          "N" : 0
        },
        "lat_ns" : {
          "min" : 0,
          "max" : 0,
          "mean" : 0.000000,
          "stddev" : 0.000000,
          "N" : 0
        },
        "bw_min" : 0,
        "bw_max" : 0,
        "bw_agg" : 0.000000,
        "bw_mean" : 0.000000,
        "bw_dev" : 0.000000,
        "bw_samples" : 0,
        "iops_min" : 0,
        "iops_max" : 0,
        "iops_mean" : 0.000000,
        "iops_stddev" : 0.000000,
        "iops_samples" : 0
      },
      "sync" : {
        "total_ios" : 59564,
        "lat_ns" : {
          "min" : 450827,
          "max" : 98338616,
          "mean" : 1134589.049056,
          "stddev" : 840335.900911,
          "N" : 59564,
          "percentile" : {
            "1.000000" : 489472,
            "5.000000" : 585728,
            "10.000000" : 602112,
            "20.000000" : 741376,
            "30.000000" : 856064,
            "40.000000" : 995328,
            "50.000000" : 1044480,
            "60.000000" : 1138688,
            "70.000000" : 1253376,
            "80.000000" : 1417216,
            "90.000000" : 1712128,
            "95.000000" : 1974272,
            "99.000000" : 2834432,
            "99.500000" : 3129344,
            "99.900000" : 3555328,
            "99.950000" : 3883008,
            "99.990000" : 6782976
          }
        }
      },
      "job_runtime" : 120000,
      "usr_cpu" : 8.205000,
      "sys_cpu" : 64.597500,
      "ctx" : 327821,
      "majf" : 0,
      "minf" : 0,
      "iodepth_level" : {
        "1" : 100.781250,
        "2" : 0.000000,
        "4" : 0.000000,
        "8" : 0.000000,
        "16" : 0.000000,
        "32" : 0.000000,
        ">=64" : 0.000000
      },
      "iodepth_submit" : {
        "0" : 0.000000,
        "4" : 100.000000,
        "8" : 0.000000,
        "16" : 0.000000,
        "32" : 0.000000,
        "64" : 0.000000,
        ">=64" : 0.000000
      },
      "iodepth_complete" : {
        "0" : 0.000000,
        "4" : 100.000000,
        "8" : 0.000000,
        "16" : 0.000000,
        "32" : 0.000000,
        "64" : 0.000000,
        ">=64" : 0.000000
      },
      "latency_ns" : {
        "2" : 0.000000,
        "4" : 0.000000,
        "10" : 0.000000,
        "20" : 0.000000,
        "50" : 0.000000,
        "100" : 0.000000,
        "250" : 0.000000,
        "500" : 0.000000,
        "750" : 0.000000,
        "1000" : 0.000000
      },
      "latency_us" : {
        "2" : 0.000000,
        "4" : 26.625339,
        "10" : 69.369200,
        "20" : 3.389198,
        "50" : 0.463669,
        "100" : 0.078526,
        "250" : 0.047192,
        "500" : 0.010000,
        "750" : 0.010000,
        "1000" : 0.010000
      },
      "latency_ms" : {
        "2" : 0.010000,
        "4" : 0.010000,
        "10" : 0.010000,
        "20" : 0.000000,
        "50" : 0.000000,
        "100" : 0.000000,
        "250" : 0.000000,
        "500" : 0.000000,
        "750" : 0.000000,
        "1000" : 0.000000,
        "2000" : 0.000000,
        ">=2000" : 0.000000
      },
      "latency_depth" : 1,
      "latency_target" : 0,
      "latency_percentile" : 100.000000,
      "latency_window" : 0
    }
  ],
  "disk_util" : [
    {
      "name" : "nullb0",
      "read_ios" : 83,
      "write_ios" : 588,
      "read_merges" : 0,
      "write_merges" : 30,
      "read_ticks" : 2,
      "write_ticks" : 1144,
      "in_queue" : 1146,
      "util" : 0.142622
    }
  ]
}
